reference,assembly_accession,species_taxid,taxid,organism_name,strain,bioproject,biosample,assembly_level,genome_size,contig_count,taxonomy,download
M.abscessus,GCF_000069185.1,36809,561007,Mycobacteroides abscessus ATCC 19977,strain=ATCC 19977,PRJNA224116,SAMEA3138276,Complete Genome,5090491.0,2.0,x__Bacteria;x__Bacillati;p__Actinomycetota;c__Actinomycetes;o__Mycobacteriales;f__Mycobacteriaceae;g__Mycobacteroides;s__Mycobacteroides abscessus;x__Mycobacteroides abscessus ATCC 19977,rsync -t -v rsync://ftp.ncbi.nlm.nih.gov/genomes/all/GCF/000/069/185/GCF_000069185.1_ASM6918v1/GCF_000069185.1_ASM6918v1_genomic.fna.gz ./GCF_000069185.1_genomic.fna.gz
M.acidiphilus,GCF_018455725.1,2835306,2835306,Mycolicibacter acidiphilus,strain=M1,PRJNA224116,SAMN19113909,Contig,4545982.0,160.0,x__Bacteria;x__Bacillati;p__Actinomycetota;c__Actinomycetes;o__Mycobacteriales;f__Mycobacteriaceae;g__Mycolicibacter;s__Mycolicibacter acidiphilus,rsync -t -v rsync://ftp.ncbi.nlm.nih.gov/genomes/all/GCF/018/455/725/GCF_018455725.1_ASM1845572v1/GCF_018455725.1_ASM1845572v1_genomic.fna.gz ./GCF_018455725.1_genomic.fna.gz
M.adipatum,GCF_001644575.1,1682113,1682113,Mycobacterium adipatum,strain=YC-RL4,PRJNA224116,SAMN04959083,Complete Genome,6053985.0,2.0,x__Bacteria;x__Bacillati;p__Actinomycetota;c__Actinomycetes;o__Mycobacteriales;f__Mycobacteriaceae;g__Mycobacterium;s__Mycobacterium adipatum,rsync -t -v rsync://ftp.ncbi.nlm.nih.gov/genomes/all/GCF/001/644/575/GCF_001644575.1_ASM164457v1/GCF_001644575.1_ASM164457v1_genomic.fna.gz ./GCF_001644575.1_genomic.fna.gz
M.agri,GCF_010722915.1,36811,36811,Mycolicibacterium agri,strain=JCM 6377,PRJNA224116,SAMD00153167,Contig,7297392.0,4.0,x__Bacteria;x__Bacillati;p__Actinomycetota;c__Actinomycetes;o__Mycobacteriales;f__Mycobacteriaceae;g__Mycolicibacterium;s__Mycolicibacterium agri,rsync -t -v rsync://ftp.ncbi.nlm.nih.gov/genomes/all/GCF/010/722/915/GCF_010722915.1_ASM1072291v1/GCF_010722915.1_ASM1072291v1_genomic.fna.gz ./GCF_010722915.1_genomic.fna.gz
M.ahvazicum,GCF_900176255.2,1964395,1964395,Mycobacterium ahvazicum,strain=AFP003,PRJNA224116,SAMEA103958175,Contig,6120821.0,9.0,x__Bacteria;x__Bacillati;p__Actinomycetota;c__Actinomycetes;o__Mycobacteriales;f__Mycobacteriaceae;g__Mycobacterium;x__Mycobacterium simiae complex;s__Mycobacterium ahvazicum,rsync -t -v rsync://ftp.ncbi.nlm.nih.gov/genomes/all/GCF/900/176/255/GCF_900176255.2_PRJEB20293/GCF_900176255.2_PRJEB20293_genomic.fna.gz ./GCF_900176255.2_genomic.fna.gz
M.aichiense,GCF_010726245.1,1799,1799,Mycolicibacterium aichiense,strain=JCM 6376,PRJNA224116,SAMD00153166,Complete Genome,5925482.0,1.0,x__Bacteria;x__Bacillati;p__Actinomycetota;c__Actinomycetes;o__Mycobacteriales;f__Mycobacteriaceae;g__Mycolicibacterium;s__Mycolicibacterium aichiense,rsync -t -v rsync://ftp.ncbi.nlm.nih.gov/genomes/all/GCF/010/726/245/GCF_010726245.1_ASM1072624v1/GCF_010726245.1_ASM1072624v1_genomic.fna.gz ./GCF_010726245.1_genomic.fna.gz
M.algericus,GCF_010723515.1,1288388,1288388,Mycolicibacter algericus,strain=JCM 30723,PRJNA224116,SAMD00153221,Contig,4756495.0,2.0,x__Bacteria;x__Bacillati;p__Actinomycetota;c__Actinomycetes;o__Mycobacteriales;f__Mycobacteriaceae;g__Mycolicibacter;s__Mycolicibacter algericus,rsync -t -v rsync://ftp.ncbi.nlm.nih.gov/genomes/all/GCF/010/723/515/GCF_010723515.1_ASM1072351v1/GCF_010723515.1_ASM1072351v1_genomic.fna.gz ./GCF_010723515.1_genomic.fna.gz
M.alkanivorans,GCF_022760805.1,2954114,2954114,Candidatus Mycolicibacterium alkanivorans,na,PRJNA224116,SAMN21385979,Contig,4050246.0,3.0,x__Bacteria;x__Bacillati;p__Actinomycetota;c__Actinomycetes;o__Mycobacteriales;f__Mycobacteriaceae;g__Mycolicibacterium;s__Candidatus Mycolicibacterium alkanivorans,rsync -t -v rsync://ftp.ncbi.nlm.nih.gov/genomes/all/GCF/022/760/805/GCF_022760805.1_ASM2276080v1/GCF_022760805.1_ASM2276080v1_genomic.fna.gz ./GCF_022760805.1_genomic.fna.gz
M.alsense,GCF_002086635.1,324058,324058,Mycobacterium alsense,strain=DSM 45230,PRJNA224116,SAMN06064226,Contig,5692845.0,157.0,x__Bacteria;x__Bacillati;p__Actinomycetota;c__Actinomycetes;o__Mycobacteriales;f__Mycobacteriaceae;g__Mycobacterium;s__Mycobacterium alsense,rsync -t -v rsync://ftp.ncbi.nlm.nih.gov/genomes/all/GCF/002/086/635/GCF_002086635.1_ASM208663v1/GCF_002086635.1_ASM208663v1_genomic.fna.gz ./GCF_002086635.1_genomic.fna.gz
M.alvei,GCF_010727325.1,67081,67081,Mycolicibacterium alvei,strain=JCM 12272,PRJNA224116,SAMD00153173,Complete Genome,6016846.0,2.0,x__Bacteria;x__Bacillati;p__Actinomycetota;c__Actinomycetes;o__Mycobacteriales;f__Mycobacteriaceae;g__Mycolicibacterium;s__Mycolicibacterium alvei,rsync -t -v rsync://ftp.ncbi.nlm.nih.gov/genomes/all/GCF/010/727/325/GCF_010727325.1_ASM1072732v1/GCF_010727325.1_ASM1072732v1_genomic.fna.gz ./GCF_010727325.1_genomic.fna.gz
M.angelicum,GCF_025822405.1,470074,470074,Mycobacterium angelicum,strain=DSM 45057,PRJNA224116,SAMN15568962,Scaffold,6673995.0,65.0,x__Bacteria;x__Bacillati;p__Actinomycetota;c__Actinomycetes;o__Mycobacteriales;f__Mycobacteriaceae;g__Mycobacterium;s__Mycobacterium angelicum,rsync -t -v rsync://ftp.ncbi.nlm.nih.gov/genomes/all/GCF/025/822/405/GCF_025822405.1_ASM2582240v1/GCF_025822405.1_ASM2582240v1_genomic.fna.gz ./GCF_025822405.1_genomic.fna.gz
M.anyangense,GCF_010731855.1,1431246,1431246,Mycolicibacterium anyangense,strain=JCM 30275,PRJNA224116,SAMD00153216,Complete Genome,5696751.0,1.0,x__Bacteria;x__Bacillati;p__Actinomycetota;c__Actinomycetes;o__Mycobacteriales;f__Mycobacteriaceae;g__Mycolicibacterium;s__Mycolicibacterium anyangense,rsync -t -v rsync://ftp.ncbi.nlm.nih.gov/genomes/all/GCF/010/731/855/GCF_010731855.1_ASM1073185v1/GCF_010731855.1_ASM1073185v1_genomic.fna.gz ./GCF_010731855.1_genomic.fna.gz
M.appelbergii,GCF_032883035.1,2939269,2939269,[Mycobacterium] appelbergii,strain=21AC1,PRJNA224116,SAMN27915968,Contig,7633300.0,30.0,x__Bacteria;x__Bacillati;p__Actinomycetota;c__Actinomycetes;o__Mycobacteriales;f__Mycobacteriaceae;g__Mycolicibacterium;s__[Mycobacterium] appelbergii,rsync -t -v rsync://ftp.ncbi.nlm.nih.gov/genomes/all/GCF/032/883/035/GCF_032883035.1_ASM3288303v1/GCF_032883035.1_ASM3288303v1_genomic.fna.gz ./GCF_032883035.1_genomic.fna.gz
M.aquaticum,GCF_002086485.1,1927124,1927124,Mycobacterium aquaticum,strain=RW6,PRJNA224116,SAMN06064228,Contig,7927592.0,111.0,x__Bacteria;x__Bacillati;p__Actinomycetota;c__Actinomycetes;o__Mycobacteriales;f__Mycobacteriaceae;g__Mycobacterium;s__Mycobacterium aquaticum,rsync -t -v rsync://ftp.ncbi.nlm.nih.gov/genomes/all/GCF/002/086/485/GCF_002086485.1_ASM208648v1/GCF_002086485.1_ASM208648v1_genomic.fna.gz ./GCF_002086485.1_genomic.fna.gz
M.arabiense,GCF_010731815.2,1286181,1286181,Mycolicibacterium arabiense,strain=JCM 18538,PRJNA224116,SAMD00153213,Complete Genome,6451210.0,2.0,x__Bacteria;x__Bacillati;p__Actinomycetota;c__Actinomycetes;o__Mycobacteriales;f__Mycobacteriaceae;g__Mycolicibacterium;s__Mycolicibacterium arabiense,rsync -t -v rsync://ftp.ncbi.nlm.nih.gov/genomes/all/GCF/010/731/815/GCF_010731815.2_ASM1073181v2/GCF_010731815.2_ASM1073181v2_genomic.fna.gz ./GCF_010731815.2_genomic.fna.gz
M.arenosum,GCF_024320865.1,2952157,2952157,Mycolicibacterium arenosum,strain=CAU 1645,PRJNA224116,SAMN28907230,Scaffold,6822461.0,35.0,x__Bacteria;x__Bacillati;p__Actinomycetota;c__Actinomycetes;o__Mycobacteriales;f__Mycobacteriaceae;g__Mycolicibacterium;s__Mycolicibacterium arenosum,rsync -t -v rsync://ftp.ncbi.nlm.nih.gov/genomes/all/GCF/024/320/865/GCF_024320865.1_ASM2432086v1/GCF_024320865.1_ASM2432086v1_genomic.fna.gz ./GCF_024320865.1_genomic.fna.gz
M.aromaticivorans,GCF_000559085.1,318425,1440774,Mycolicibacterium aromaticivorans JS19b1 = JCM 16368,strain=JS19b1,PRJNA224116,SAMN02585141,Contig,6297623.0,6.0,x__Bacteria;x__Bacillati;p__Actinomycetota;c__Actinomycetes;o__Mycobacteriales;f__Mycobacteriaceae;g__Mycolicibacterium;s__Mycolicibacterium aromaticivorans;x__Mycolicibacterium aromaticivorans JS19b1 = JCM 16368,rsync -t -v rsync://ftp.ncbi.nlm.nih.gov/genomes/all/GCF/000/559/085/GCF_000559085.1_ASM55908v2/GCF_000559085.1_ASM55908v2_genomic.fna.gz ./GCF_000559085.1_genomic.fna.gz
M.arosiense,GCF_002086125.1,425468,1265311,Mycobacterium arosiense ATCC BAA-1401 = DSM 45069,strain=DSM 45069,PRJNA224116,SAMN06064229,Contig,5980206.0,465.0,x__Bacteria;x__Bacillati;p__Actinomycetota;c__Actinomycetes;o__Mycobacteriales;f__Mycobacteriaceae;g__Mycobacterium;x__Mycobacterium avium complex (MAC);s__Mycobacterium arosiense;x__Mycobacterium arosiense ATCC BAA-1401 = DSM 45069,rsync -t -v rsync://ftp.ncbi.nlm.nih.gov/genomes/all/GCF/002/086/125/GCF_002086125.1_ASM208612v1/GCF_002086125.1_ASM208612v1_genomic.fna.gz ./GCF_002086125.1_genomic.fna.gz
M.arseniciresistens,GCF_030519285.1,3062257,3062257,Mycolicibacterium arseniciresistens,strain=KC 300,PRJNA224116,SAMN36451562,Contig,6212204.0,602.0,x__Bacteria;x__Bacillati;p__Actinomycetota;c__Actinomycetes;o__Mycobacteriales;f__Mycobacteriaceae;g__Mycolicibacterium;s__Mycolicibacterium arseniciresistens,rsync -t -v rsync://ftp.ncbi.nlm.nih.gov/genomes/all/GCF/030/519/285/GCF_030519285.1_ASM3051928v1/GCF_030519285.1_ASM3051928v1_genomic.fna.gz ./GCF_030519285.1_genomic.fna.gz
M.arupensis,GCF_002086515.1,342002,342002,Mycolicibacter arupensis,strain=DSM 44942,PRJNA224116,SAMN06064230,Contig,4442590.0,157.0,x__Bacteria;x__Bacillati;p__Actinomycetota;c__Actinomycetes;o__Mycobacteriales;f__Mycobacteriaceae;g__Mycolicibacter;s__Mycolicibacter arupensis,rsync -t -v rsync://ftp.ncbi.nlm.nih.gov/genomes/all/GCF/002/086/515/GCF_002086515.1_ASM208651v1/GCF_002086515.1_ASM208651v1_genomic.fna.gz ./GCF_002086515.1_genomic.fna.gz
M.asiaticum,GCF_002086545.1,1790,1265310,Mycobacterium asiaticum DSM 44297,strain=DSM 44297,PRJNA224116,SAMN06064231,Contig,5969538.0,135.0,x__Bacteria;x__Bacillati;p__Actinomycetota;c__Actinomycetes;o__Mycobacteriales;f__Mycobacteriaceae;g__Mycobacterium;s__Mycobacterium asiaticum;x__Mycobacterium asiaticum DSM 44297,rsync -t -v rsync://ftp.ncbi.nlm.nih.gov/genomes/all/GCF/002/086/545/GCF_002086545.1_ASM208654v1/GCF_002086545.1_ASM208654v1_genomic.fna.gz ./GCF_002086545.1_genomic.fna.gz
M.attenuatum,GCF_900566085.1,2341086,2341086,Mycobacterium attenuatum,strain=MK41,PRJNA224116,SAMEA4938330,Contig,6527895.0,230.0,x__Bacteria;x__Bacillati;p__Actinomycetota;c__Actinomycetes;o__Mycobacteriales;f__Mycobacteriaceae;g__Mycobacterium;s__Mycobacterium attenuatum,rsync -t -v rsync://ftp.ncbi.nlm.nih.gov/genomes/all/GCF/900/566/085/GCF_900566085.1_LAUMK41/GCF_900566085.1_LAUMK41_genomic.fna.gz ./GCF_900566085.1_genomic.fna.gz
M.aubagnense,GCF_010730955.1,319707,319707,Mycolicibacterium aubagnense,strain=JCM 15296,PRJNA224116,SAMD00153195,Complete Genome,6321928.0,2.0,x__Bacteria;x__Bacillati;p__Actinomycetota;c__Actinomycetes;o__Mycobacteriales;f__Mycobacteriaceae;g__Mycolicibacterium;s__Mycolicibacterium aubagnense,rsync -t -v rsync://ftp.ncbi.nlm.nih.gov/genomes/all/GCF/010/730/955/GCF_010730955.1_ASM1073095v1/GCF_010730955.1_ASM1073095v1_genomic.fna.gz ./GCF_010730955.1_genomic.fna.gz
M.aurum,GCF_900637195.1,1791,1791,Mycolicibacterium aurum,strain=NCTC10437,PRJNA224116,SAMEA4364210,Complete Genome,6035584.0,1.0,x__Bacteria;x__Bacillati;p__Actinomycetota;c__Actinomycetes;o__Mycobacteriales;f__Mycobacteriaceae;g__Mycolicibacterium;s__Mycolicibacterium aurum,rsync -t -v rsync://ftp.ncbi.nlm.nih.gov/genomes/all/GCF/900/637/195/GCF_900637195.1_50279_F01/GCF_900637195.1_50279_F01_genomic.fna.gz ./GCF_900637195.1_genomic.fna.gz
M.austroafricanum,GCF_016919645.1,39687,39687,Mycolicibacterium austroafricanum,strain=MYC221,PRJNA224116,SAMN17841208,Chromosome,6287627.0,1.0,x__Bacteria;x__Bacillati;p__Actinomycetota;c__Actinomycetes;o__Mycobacteriales;f__Mycobacteriaceae;g__Mycolicibacterium;s__Mycolicibacterium austroafricanum,rsync -t -v rsync://ftp.ncbi.nlm.nih.gov/genomes/all/GCF/016/919/645/GCF_016919645.1_ASM1691964v1/GCF_016919645.1_ASM1691964v1_genomic.fna.gz ./GCF_016919645.1_genomic.fna.gz
M.avium,GCF_022175585.2,1764,439334,Mycobacterium avium subsp. hominissuis,strain=OCU889s_P11_4s,PRJNA224116,SAMN05862091,Complete Genome,5173839.0,1.0,x__Bacteria;x__Bacillati;p__Actinomycetota;c__Actinomycetes;o__Mycobacteriales;f__Mycobacteriaceae;g__Mycobacterium;x__Mycobacterium avium complex (MAC);s__Mycobacterium avium;x__Mycobacterium avium subsp. hominissuis,rsync -t -v rsync://ftp.ncbi.nlm.nih.gov/genomes/all/GCF/022/175/585/GCF_022175585.2_ASM2217558v2/GCF_022175585.2_ASM2217558v2_genomic.fna.gz ./GCF_022175585.2_genomic.fna.gz
M.bacteremicum,GCF_002086115.1,564198,564198,Mycolicibacterium bacteremicum,strain=DSM 45578,PRJNA224116,SAMN06064232,Contig,5952041.0,85.0,x__Bacteria;x__Bacillati;p__Actinomycetota;c__Actinomycetes;o__Mycobacteriales;f__Mycobacteriaceae;g__Mycolicibacterium;s__Mycolicibacterium bacteremicum,rsync -t -v rsync://ftp.ncbi.nlm.nih.gov/genomes/all/GCF/002/086/115/GCF_002086115.1_ASM208611v1/GCF_002086115.1_ASM208611v1_genomic.fna.gz ./GCF_002086115.1_genomic.fna.gz
M.baixiangningiae,GCF_016313185.1,2761578,2761578,Mycolicibacterium baixiangningiae,strain=LJ126,PRJNA224116,SAMN17013278,Complete Genome,6181092.0,1.0,x__Bacteria;x__Bacillati;p__Actinomycetota;c__Actinomycetes;o__Mycobacteriales;f__Mycobacteriaceae;g__Mycolicibacterium;s__Mycolicibacterium baixiangningiae,rsync -t -v rsync://ftp.ncbi.nlm.nih.gov/genomes/all/GCF/016/313/185/GCF_016313185.1_ASM1631318v1/GCF_016313185.1_ASM1631318v1_genomic.fna.gz ./GCF_016313185.1_genomic.fna.gz
M.barrassiae,GCF_025822765.1,319709,319709,Mycobacterium barrassiae,strain=CCUG 50398,PRJNA224116,SAMN15568944,Scaffold,5900227.0,49.0,x__Bacteria;x__Bacillati;p__Actinomycetota;c__Actinomycetes;o__Mycobacteriales;f__Mycobacteriaceae;g__Mycobacterium;s__Mycobacterium barrassiae,rsync -t -v rsync://ftp.ncbi.nlm.nih.gov/genomes/all/GCF/025/822/765/GCF_025822765.1_ASM2582276v1/GCF_025822765.1_ASM2582276v1_genomic.fna.gz ./GCF_025822765.1_genomic.fna.gz
M.basiliense,GCF_900292015.1,2094119,2094119,Mycobacterium basiliense,na,PRJNA224116,SAMEA104628733,Complete Genome,5607630.0,1.0,x__Bacteria;x__Bacillati;p__Actinomycetota;c__Actinomycetes;o__Mycobacteriales;f__Mycobacteriaceae;g__Mycobacterium;s__Mycobacterium basiliense,rsync -t -v rsync://ftp.ncbi.nlm.nih.gov/genomes/all/GCF/900/292/015/GCF_900292015.1_MB901379/GCF_900292015.1_MB901379_genomic.fna.gz ./GCF_900292015.1_genomic.fna.gz
M.boenickei,GCF_010731295.1,146017,146017,Mycolicibacterium boenickei,strain=JCM 15653,PRJNA224116,SAMD00153197,Complete Genome,6585921.0,2.0,x__Bacteria;x__Bacillati;p__Actinomycetota;c__Actinomycetes;o__Mycobacteriales;f__Mycobacteriaceae;g__Mycolicibacterium;s__Mycolicibacterium boenickei,rsync -t -v rsync://ftp.ncbi.nlm.nih.gov/genomes/all/GCF/010/731/295/GCF_010731295.1_ASM1073129v1/GCF_010731295.1_ASM1073129v1_genomic.fna.gz ./GCF_010731295.1_genomic.fna.gz
M.bohemicum,GCF_002102025.1,56425,56425,Mycobacterium bohemicum,strain=DSM 44277,PRJNA224116,SAMN04216914,Contig,5420516.0,52.0,x__Bacteria;x__Bacillati;p__Actinomycetota;c__Actinomycetes;o__Mycobacteriales;f__Mycobacteriaceae;g__Mycobacterium;s__Mycobacterium bohemicum,rsync -t -v rsync://ftp.ncbi.nlm.nih.gov/genomes/all/GCF/002/102/025/GCF_002102025.1_ASM210202v1/GCF_002102025.1_ASM210202v1_genomic.fna.gz ./GCF_002102025.1_genomic.fna.gz
M.botniense,GCF_010723305.1,84962,84962,Mycobacterium botniense,strain=JCM 17322,PRJNA224116,SAMD00153205,Contig,4335050.0,4.0,x__Bacteria;x__Bacillati;p__Actinomycetota;c__Actinomycetes;o__Mycobacteriales;f__Mycobacteriaceae;g__Mycobacterium;s__Mycobacterium botniense,rsync -t -v rsync://ftp.ncbi.nlm.nih.gov/genomes/all/GCF/010/723/305/GCF_010723305.1_ASM1072330v1/GCF_010723305.1_ASM1072330v1_genomic.fna.gz ./GCF_010723305.1_genomic.fna.gz
M.bouchedurhonense,GCF_002086165.1,701041,701041,Mycobacterium bouchedurhonense,strain=DSM 45439,PRJNA224116,SAMN06064234,Contig,5897311.0,230.0,x__Bacteria;x__Bacillati;p__Actinomycetota;c__Actinomycetes;o__Mycobacteriales;f__Mycobacteriaceae;g__Mycobacterium;x__Mycobacterium avium complex (MAC);s__Mycobacterium bouchedurhonense,rsync -t -v rsync://ftp.ncbi.nlm.nih.gov/genomes/all/GCF/002/086/165/GCF_002086165.1_ASM208616v1/GCF_002086165.1_ASM208616v1_genomic.fna.gz ./GCF_002086165.1_genomic.fna.gz
M.bourgelatii,GCF_010723575.1,1273442,1273442,Mycobacterium bourgelatii,strain=JCM 30725,PRJNA224116,SAMD00153222,Contig,6912804.0,2.0,x__Bacteria;x__Bacillati;p__Actinomycetota;c__Actinomycetes;o__Mycobacteriales;f__Mycobacteriaceae;g__Mycobacterium;s__Mycobacterium bourgelatii,rsync -t -v rsync://ftp.ncbi.nlm.nih.gov/genomes/all/GCF/010/723/575/GCF_010723575.1_ASM1072357v1/GCF_010723575.1_ASM1072357v1_genomic.fna.gz ./GCF_010723575.1_genomic.fna.gz
M.branderi,GCF_010728725.1,43348,43348,Mycobacterium branderi,strain=JCM 12687,PRJNA224116,SAMD00153181,Complete Genome,5979623.0,2.0,x__Bacteria;x__Bacillati;p__Actinomycetota;c__Actinomycetes;o__Mycobacteriales;f__Mycobacteriaceae;g__Mycobacterium;s__Mycobacterium branderi,rsync -t -v rsync://ftp.ncbi.nlm.nih.gov/genomes/all/GCF/010/728/725/GCF_010728725.1_ASM1072872v1/GCF_010728725.1_ASM1072872v1_genomic.fna.gz ./GCF_010728725.1_genomic.fna.gz
M.brisbanense,GCF_001570425.1,146020,146020,Mycolicibacterium brisbanense,strain=JCM15654,PRJNA224116,SAMD00041172,Scaffold,7387494.0,70.0,x__Bacteria;x__Bacillati;p__Actinomycetota;c__Actinomycetes;o__Mycobacteriales;f__Mycobacteriaceae;g__Mycolicibacterium;s__Mycolicibacterium brisbanense,rsync -t -v rsync://ftp.ncbi.nlm.nih.gov/genomes/all/GCF/001/570/425/GCF_001570425.1_ASM157042v1/GCF_001570425.1_ASM157042v1_genomic.fna.gz ./GCF_001570425.1_genomic.fna.gz
M.brumae,GCF_025215495.1,85968,85968,Mycolicibacterium brumae,strain=ATCC 51384,PRJNA224116,SAMN25131781,Complete Genome,3988920.0,1.0,x__Bacteria;x__Bacillati;p__Actinomycetota;c__Actinomycetes;o__Mycobacteriales;f__Mycobacteriaceae;g__Mycolicibacterium;s__Mycolicibacterium brumae,rsync -t -v rsync://ftp.ncbi.nlm.nih.gov/genomes/all/GCF/025/215/495/GCF_025215495.1_ASM2521549v1/GCF_025215495.1_ASM2521549v1_genomic.fna.gz ./GCF_025215495.1_genomic.fna.gz
M.bulgaricum,GCF_041287165.2,3238985,3238985,[Mycobacterium] bulgaricum,strain=pW049,PRJNA224116,SAMN42688602,Contig,6070946.0,57.0,x__Bacteria;x__Bacillati;p__Actinomycetota;c__Actinomycetes;o__Mycobacteriales;f__Mycobacteriaceae;g__Mycolicibacterium;s__[Mycobacterium] bulgaricum,rsync -t -v rsync://ftp.ncbi.nlm.nih.gov/genomes/all/GCF/041/287/165/GCF_041287165.2_ASM4128716v2/GCF_041287165.2_ASM4128716v2_genomic.fna.gz ./GCF_041287165.2_genomic.fna.gz
M.burgundiense,GCF_963378095.1,3064286,3064286,[Mycobacterium] burgundiense,strain=Mu0053,PRJNA224116,SAMEA114267543,Complete Genome,5453374.0,1.0,x__Bacteria;x__Bacillati;p__Actinomycetota;c__Actinomycetes;o__Mycobacteriales;f__Mycobacteriaceae;g__Mycolicibacterium;s__[Mycobacterium] burgundiense,rsync -t -v rsync://ftp.ncbi.nlm.nih.gov/genomes/all/GCF/963/378/095/GCF_963378095.1_MU0053_Flye_MinION.2/GCF_963378095.1_MU0053_Flye_MinION.2_genomic.fna.gz ./GCF_963378095.1_genomic.fna.gz
M.canariasense,GCF_002101555.1,228230,228230,Mycolicibacterium canariasense,strain=CCUG 47953,PRJNA224116,SAMN04216915,Contig,6755573.0,113.0,x__Bacteria;x__Bacillati;p__Actinomycetota;c__Actinomycetes;o__Mycobacteriales;f__Mycobacteriaceae;g__Mycolicibacterium;s__Mycolicibacterium canariasense,rsync -t -v rsync://ftp.ncbi.nlm.nih.gov/genomes/all/GCF/002/101/555/GCF_002101555.1_ASM210155v1/GCF_002101555.1_ASM210155v1_genomic.fna.gz ./GCF_002101555.1_genomic.fna.gz
M.canetti,GCF_000253375.1,78331,1048245,Mycobacterium canettii CIPT 140010059,strain=CIPT 140010059,PRJNA224116,SAMEA2272660,Complete Genome,4482059.0,1.0,x__Bacteria;x__Bacillati;p__Actinomycetota;c__Actinomycetes;o__Mycobacteriales;f__Mycobacteriaceae;g__Mycobacterium;x__Mycobacterium tuberculosis complex;s__Mycobacterium canetti;x__Mycobacterium canettii CIPT 140010059,rsync -t -v rsync://ftp.ncbi.nlm.nih.gov/genomes/all/GCF/000/253/375/GCF_000253375.1_ASM25337v1/GCF_000253375.1_ASM25337v1_genomic.fna.gz ./GCF_000253375.1_genomic.fna.gz
M.celatum,GCF_002101595.1,28045,28045,Mycobacterium celatum,strain=DSM 44243,PRJNA224116,SAMN04216916,Contig,4720680.0,57.0,x__Bacteria;x__Bacillati;p__Actinomycetota;c__Actinomycetes;o__Mycobacteriales;f__Mycobacteriaceae;g__Mycobacterium;s__Mycobacterium celatum,rsync -t -v rsync://ftp.ncbi.nlm.nih.gov/genomes/all/GCF/002/101/595/GCF_002101595.1_ASM210159v1/GCF_002101595.1_ASM210159v1_genomic.fna.gz ./GCF_002101595.1_genomic.fna.gz
M.celeriflavum,GCF_010731795.1,1249101,1249101,Mycolicibacterium celeriflavum,strain=JCM 18439,PRJNA224116,SAMD00153212,Complete Genome,5024249.0,1.0,x__Bacteria;x__Bacillati;p__Actinomycetota;c__Actinomycetes;o__Mycobacteriales;f__Mycobacteriaceae;g__Mycolicibacterium;s__Mycolicibacterium celeriflavum,rsync -t -v rsync://ftp.ncbi.nlm.nih.gov/genomes/all/GCF/010/731/795/GCF_010731795.1_ASM1073179v1/GCF_010731795.1_ASM1073179v1_genomic.fna.gz ./GCF_010731795.1_genomic.fna.gz
M.chelonae,GCF_001632805.1,1774,1460372,Mycobacteroides chelonae CCUG 47445,strain=CCUG 47445,PRJNA224116,SAMN02630629,Complete Genome,5029817.0,1.0,x__Bacteria;x__Bacillati;p__Actinomycetota;c__Actinomycetes;o__Mycobacteriales;f__Mycobacteriaceae;g__Mycobacteroides;s__Mycobacteroides chelonae;x__Mycobacteroides chelonae CCUG 47445,rsync -t -v rsync://ftp.ncbi.nlm.nih.gov/genomes/all/GCF/001/632/805/GCF_001632805.1_ASM163280v1/GCF_001632805.1_ASM163280v1_genomic.fna.gz ./GCF_001632805.1_genomic.fna.gz
M.chitae,GCF_900637205.1,1792,1792,Mycolicibacterium chitae,strain=NCTC10485,PRJNA224116,SAMEA4364211,Complete Genome,5461769.0,1.0,x__Bacteria;x__Bacillati;p__Actinomycetota;c__Actinomycetes;o__Mycobacteriales;f__Mycobacteriaceae;g__Mycolicibacterium;s__Mycolicibacterium chitae,rsync -t -v rsync://ftp.ncbi.nlm.nih.gov/genomes/all/GCF/900/637/205/GCF_900637205.1_50279_G01/GCF_900637205.1_50279_G01_genomic.fna.gz ./GCF_900637205.1_genomic.fna.gz
M.chlorophenolicum,GCF_001552315.1,37916,1303685,Mycolicibacterium chlorophenolicum JCM 7439 = NBRC 15527,strain=NBRC 15527,PRJNA224116,SAMD00046518,Contig,7330216.0,107.0,x__Bacteria;x__Bacillati;p__Actinomycetota;c__Actinomycetes;o__Mycobacteriales;f__Mycobacteriaceae;g__Mycolicibacterium;s__Mycolicibacterium chlorophenolicum;x__Mycolicibacterium chlorophenolicum JCM 7439 = NBRC 15527,rsync -t -v rsync://ftp.ncbi.nlm.nih.gov/genomes/all/GCF/001/552/315/GCF_001552315.1_ASM155231v1/GCF_001552315.1_ASM155231v1_genomic.fna.gz ./GCF_001552315.1_genomic.fna.gz
M.chubuense,GCF_900453455.1,1800,1800,Mycolicibacterium chubuense,strain=NCTC10819,PRJNA224116,SAMEA4535747,Contig,6021188.0,18.0,x__Bacteria;x__Bacillati;p__Actinomycetota;c__Actinomycetes;o__Mycobacteriales;f__Mycobacteriaceae;g__Mycolicibacterium;s__Mycolicibacterium chubuense,rsync -t -v rsync://ftp.ncbi.nlm.nih.gov/genomes/all/GCF/900/453/455/GCF_900453455.1_52223_C01/GCF_900453455.1_52223_C01_genomic.fna.gz ./GCF_900453455.1_genomic.fna.gz
M.colombiense,GCF_000222105.3,339268,1041522,Mycobacterium colombiense CECT 3035,strain=CECT 3035,PRJNA224116,SAMN00622208,Contig,5579559.0,17.0,x__Bacteria;x__Bacillati;p__Actinomycetota;c__Actinomycetes;o__Mycobacteriales;f__Mycobacteriaceae;g__Mycobacterium;x__Mycobacterium avium complex (MAC);s__Mycobacterium colombiense;x__Mycobacterium colombiense CECT 3035,rsync -t -v rsync://ftp.ncbi.nlm.nih.gov/genomes/all/GCF/000/222/105/GCF_000222105.3_ASM22210v4/GCF_000222105.3_ASM22210v4_genomic.fna.gz ./GCF_000222105.3_genomic.fna.gz
M.conceptionense,GCF_002102065.1,451644,451644,Mycolicibacterium conceptionense,strain=CCUG 50187,PRJNA224116,SAMN04216919,Contig,6468817.0,42.0,x__Bacteria;x__Bacillati;p__Actinomycetota;c__Actinomycetes;o__Mycobacteriales;f__Mycobacteriaceae;g__Mycolicibacterium;s__Mycolicibacterium conceptionense,rsync -t -v rsync://ftp.ncbi.nlm.nih.gov/genomes/all/GCF/002/102/065/GCF_002102065.1_ASM210206v1/GCF_002102065.1_ASM210206v1_genomic.fna.gz ./GCF_002102065.1_genomic.fna.gz
M.confluentis,GCF_010729895.1,28047,28047,Mycolicibacterium confluentis,strain=JCM 13671,PRJNA224116,SAMD00153189,Complete Genome,5876557.0,1.0,x__Bacteria;x__Bacillati;p__Actinomycetota;c__Actinomycetes;o__Mycobacteriales;f__Mycobacteriaceae;g__Mycolicibacterium;s__Mycolicibacterium confluentis,rsync -t -v rsync://ftp.ncbi.nlm.nih.gov/genomes/all/GCF/010/729/895/GCF_010729895.1_ASM1072989v1/GCF_010729895.1_ASM1072989v1_genomic.fna.gz ./GCF_010729895.1_genomic.fna.gz
M.conspicuum,GCF_010730195.1,44010,44010,Mycobacterium conspicuum,strain=JCM 14738,PRJNA224116,SAMD00153191,Complete Genome,6237139.0,1.0,x__Bacteria;x__Bacillati;p__Actinomycetota;c__Actinomycetes;o__Mycobacteriales;f__Mycobacteriaceae;g__Mycobacterium;s__Mycobacterium conspicuum,rsync -t -v rsync://ftp.ncbi.nlm.nih.gov/genomes/all/GCF/010/730/195/GCF_010730195.1_ASM1073019v1/GCF_010730195.1_ASM1073019v1_genomic.fna.gz ./GCF_010730195.1_genomic.fna.gz
M.cookii,GCF_010727945.1,1775,1775,Mycobacterium cookii,strain=JCM 12404,PRJNA224116,SAMD00153177,Complete Genome,5318517.0,1.0,x__Bacteria;x__Bacillati;p__Actinomycetota;c__Actinomycetes;o__Mycobacteriales;f__Mycobacteriaceae;g__Mycobacterium;s__Mycobacterium cookii,rsync -t -v rsync://ftp.ncbi.nlm.nih.gov/genomes/all/GCF/010/727/945/GCF_010727945.1_ASM1072794v1/GCF_010727945.1_ASM1072794v1_genomic.fna.gz ./GCF_010727945.1_genomic.fna.gz
M.cosmeticum,GCF_000613185.1,258533,258533,Mycolicibacterium cosmeticum,strain=DSM 44829,PRJNA224116,SAMEA3138996,Contig,6462090.0,5.0,x__Bacteria;x__Bacillati;p__Actinomycetota;c__Actinomycetes;o__Mycobacteriales;f__Mycobacteriaceae;g__Mycolicibacterium;s__Mycolicibacterium cosmeticum,rsync -t -v rsync://ftp.ncbi.nlm.nih.gov/genomes/all/GCF/000/613/185/GCF_000613185.1_PRJEB5748_assembly_1/GCF_000613185.1_PRJEB5748_assembly_1_genomic.fna.gz ./GCF_000613185.1_genomic.fna.gz
M.crassicus,GCF_020181615.2,2872309,2872309,[Mycobacterium] crassicus,strain=MYC098,PRJNA224116,SAMN20959234,Contig,5180050.0,58.0,x__Bacteria;x__Bacillati;p__Actinomycetota;c__Actinomycetes;o__Mycobacteriales;f__Mycobacteriaceae;g__Mycolicibacter;s__[Mycobacterium] crassicus,rsync -t -v rsync://ftp.ncbi.nlm.nih.gov/genomes/all/GCF/020/181/615/GCF_020181615.2_ASM2018161v2/GCF_020181615.2_ASM2018161v2_genomic.fna.gz ./GCF_020181615.2_genomic.fna.gz
M.crocinum,GCF_022370635.2,388459,388459,Mycolicibacterium crocinum,strain=JCM 16369,PRJNA224116,SAMN20254251,Complete Genome,6183573.0,3.0,x__Bacteria;x__Bacillati;p__Actinomycetota;c__Actinomycetes;o__Mycobacteriales;f__Mycobacteriaceae;g__Mycolicibacterium;s__Mycolicibacterium crocinum,rsync -t -v rsync://ftp.ncbi.nlm.nih.gov/genomes/all/GCF/022/370/635/GCF_022370635.2_ASM2237063v3/GCF_022370635.2_ASM2237063v3_genomic.fna.gz ./GCF_022370635.2_genomic.fna.gz
M.decipiens,GCF_002104675.1,1430326,1430326,Mycobacterium decipiens,strain=TBL 1200985,PRJNA224116,SAMN06651657,Contig,5225940.0,142.0,x__Bacteria;x__Bacillati;p__Actinomycetota;c__Actinomycetes;o__Mycobacteriales;f__Mycobacteriaceae;g__Mycobacterium;s__Mycobacterium decipiens,rsync -t -v rsync://ftp.ncbi.nlm.nih.gov/genomes/all/GCF/002/104/675/GCF_002104675.1_ASM210467v1/GCF_002104675.1_ASM210467v1_genomic.fna.gz ./GCF_002104675.1_genomic.fna.gz
M.deserti,GCF_025345615.1,2978347,2978347,Mycobacterium deserti,strain=CPCC 205710,PRJNA224116,SAMN30822140,Scaffold,5632578.0,14.0,x__Bacteria;x__Bacillati;p__Actinomycetota;c__Actinomycetes;o__Mycobacteriales;f__Mycobacteriaceae;g__Mycobacterium;s__Mycobacterium deserti,rsync -t -v rsync://ftp.ncbi.nlm.nih.gov/genomes/all/GCF/025/345/615/GCF_025345615.1_ASM2534561v1/GCF_025345615.1_ASM2534561v1_genomic.fna.gz ./GCF_025345615.1_genomic.fna.gz
M.diernhoferi,GCF_019456655.1,1801,1801,Mycolicibacterium diernhoferi,strain=ATCC 19340,PRJNA224116,SAMN20254259,Complete Genome,5998503.0,1.0,x__Bacteria;x__Bacillati;p__Actinomycetota;c__Actinomycetes;o__Mycobacteriales;f__Mycobacteriaceae;g__Mycolicibacterium;s__Mycolicibacterium diernhoferi,rsync -t -v rsync://ftp.ncbi.nlm.nih.gov/genomes/all/GCF/019/456/655/GCF_019456655.1_ASM1945665v1/GCF_019456655.1_ASM1945665v1_genomic.fna.gz ./GCF_019456655.1_genomic.fna.gz
M.dioxanotrophicus,GCF_002157835.1,482462,482462,Mycobacterium dioxanotrophicus,strain=PH-06,PRJNA224116,SAMN06134492,Complete Genome,8080416.0,5.0,x__Bacteria;x__Bacillati;p__Actinomycetota;c__Actinomycetes;o__Mycobacteriales;f__Mycobacteriaceae;g__Mycobacterium;s__Mycobacterium dioxanotrophicus,rsync -t -v rsync://ftp.ncbi.nlm.nih.gov/genomes/all/GCF/002/157/835/GCF_002157835.1_ASM215783v1/GCF_002157835.1_ASM215783v1_genomic.fna.gz ./GCF_002157835.1_genomic.fna.gz
M.doricum,GCF_010728155.1,126673,126673,Mycolicibacterium doricum,strain=JCM 12405,PRJNA224116,SAMD00153178,Complete Genome,4029398.0,1.0,x__Bacteria;x__Bacillati;p__Actinomycetota;c__Actinomycetes;o__Mycobacteriales;f__Mycobacteriaceae;g__Mycolicibacterium;s__Mycolicibacterium doricum,rsync -t -v rsync://ftp.ncbi.nlm.nih.gov/genomes/all/GCF/010/728/155/GCF_010728155.1_ASM1072815v1/GCF_010728155.1_ASM1072815v1_genomic.fna.gz ./GCF_010728155.1_genomic.fna.gz
M.duvalii,GCF_010726645.1,39688,39688,Mycolicibacterium duvalii,strain=JCM 6396,PRJNA224116,SAMD00153169,Complete Genome,5657388.0,1.0,x__Bacteria;x__Bacillati;p__Actinomycetota;c__Actinomycetes;o__Mycobacteriales;f__Mycobacteriaceae;g__Mycolicibacterium;s__Mycolicibacterium duvalii,rsync -t -v rsync://ftp.ncbi.nlm.nih.gov/genomes/all/GCF/010/726/645/GCF_010726645.1_ASM1072664v1/GCF_010726645.1_ASM1072664v1_genomic.fna.gz ./GCF_010726645.1_genomic.fna.gz
M.elephantis,GCF_001667535.1,81858,81858,Mycolicibacterium elephantis,strain=852002-10318_SCH4845932,PRJNA224116,SAMN04696136,Contig,5223216.0,48.0,x__Bacteria;x__Bacillati;p__Actinomycetota;c__Actinomycetes;o__Mycobacteriales;f__Mycobacteriaceae;g__Mycolicibacterium;s__Mycolicibacterium elephantis,rsync -t -v rsync://ftp.ncbi.nlm.nih.gov/genomes/all/GCF/001/667/535/GCF_001667535.1_ASM166753v1/GCF_001667535.1_ASM166753v1_genomic.fna.gz ./GCF_001667535.1_genomic.fna.gz
M.engbaekii,GCF_002101585.1,188915,188915,Mycolicibacter engbaekii,strain=ATCC 27353,PRJNA224116,SAMN04216923,Contig,4521435.0,79.0,x__Bacteria;x__Bacillati;p__Actinomycetota;c__Actinomycetes;o__Mycobacteriales;f__Mycobacteriaceae;g__Mycolicibacter;s__Mycolicibacter engbaekii,rsync -t -v rsync://ftp.ncbi.nlm.nih.gov/genomes/all/GCF/002/101/585/GCF_002101585.1_ASM210158v1/GCF_002101585.1_ASM210158v1_genomic.fna.gz ./GCF_002101585.1_genomic.fna.gz
M.europaeum,GCF_034555895.2,761804,761804,Mycobacterium europaeum,strain=050079,PRJNA224116,SAMN38872439,Complete Genome,6268691.0,4.0,x__Bacteria;x__Bacillati;p__Actinomycetota;c__Actinomycetes;o__Mycobacteriales;f__Mycobacteriaceae;g__Mycobacterium;x__Mycobacterium simiae complex;s__Mycobacterium europaeum,rsync -t -v rsync://ftp.ncbi.nlm.nih.gov/genomes/all/GCF/034/555/895/GCF_034555895.2_ASM3455589v2/GCF_034555895.2_ASM3455589v2_genomic.fna.gz ./GCF_034555895.2_genomic.fna.gz
M.fallax,GCF_010726955.1,1793,1793,Mycolicibacterium fallax,strain=JCM 6405,PRJNA224116,SAMD00153171,Complete Genome,4156821.0,1.0,x__Bacteria;x__Bacillati;p__Actinomycetota;c__Actinomycetes;o__Mycobacteriales;f__Mycobacteriaceae;g__Mycolicibacterium;s__Mycolicibacterium fallax,rsync -t -v rsync://ftp.ncbi.nlm.nih.gov/genomes/all/GCF/010/726/955/GCF_010726955.1_ASM1072695v1/GCF_010726955.1_ASM1072695v1_genomic.fna.gz ./GCF_010726955.1_genomic.fna.gz
M.farcinogenes,GCF_019739075.1,1802,1802,Mycolicibacterium farcinogenes,strain=BKK/CU-MFGFA-001,PRJNA224116,SAMN20463126,Complete Genome,6607534.0,4.0,x__Bacteria;x__Bacillati;p__Actinomycetota;c__Actinomycetes;o__Mycobacteriales;f__Mycobacteriaceae;g__Mycolicibacterium;s__Mycolicibacterium farcinogenes,rsync -t -v rsync://ftp.ncbi.nlm.nih.gov/genomes/all/GCF/019/739/075/GCF_019739075.1_ASM1973907v1/GCF_019739075.1_ASM1973907v1_genomic.fna.gz ./GCF_019739075.1_genomic.fna.gz
M.flavescens,GCF_025822705.1,1776,1776,Mycolicibacterium flavescens,strain=DSM 43991,PRJNA224116,SAMN15568943,Scaffold,5973602.0,47.0,x__Bacteria;x__Bacillati;p__Actinomycetota;c__Actinomycetes;o__Mycobacteriales;f__Mycobacteriaceae;g__Mycolicibacterium;s__Mycolicibacterium flavescens,rsync -t -v rsync://ftp.ncbi.nlm.nih.gov/genomes/all/GCF/025/822/705/GCF_025822705.1_ASM2582270v1/GCF_025822705.1_ASM2582270v1_genomic.fna.gz ./GCF_025822705.1_genomic.fna.gz
M.florentinum,GCF_010730355.1,292462,292462,Mycobacterium florentinum,strain=JCM 14740,PRJNA224116,SAMD00153192,Complete Genome,6219859.0,1.0,x__Bacteria;x__Bacillati;p__Actinomycetota;c__Actinomycetes;o__Mycobacteriales;f__Mycobacteriaceae;g__Mycobacterium;x__Mycobacterium simiae complex;s__Mycobacterium florentinum,rsync -t -v rsync://ftp.ncbi.nlm.nih.gov/genomes/all/GCF/010/730/355/GCF_010730355.1_ASM1073035v1/GCF_010730355.1_ASM1073035v1_genomic.fna.gz ./GCF_010730355.1_genomic.fna.gz
M.fluoranthenivorans,GCF_014295435.1,258505,258505,Mycolicibacterium fluoranthenivorans,strain=2A,PRJNA224116,SAMN15486235,Chromosome,7117477.0,3.0,x__Bacteria;x__Bacillati;p__Actinomycetota;c__Actinomycetes;o__Mycobacteriales;f__Mycobacteriaceae;g__Mycolicibacterium;s__Mycolicibacterium fluoranthenivorans,rsync -t -v rsync://ftp.ncbi.nlm.nih.gov/genomes/all/GCF/014/295/435/GCF_014295435.1_ASM1429543v1/GCF_014295435.1_ASM1429543v1_genomic.fna.gz ./GCF_014295435.1_genomic.fna.gz
M.fortuitum,GCF_022179545.1,1766,144549,Mycolicibacterium fortuitum subsp. fortuitum,strain=JCM 6387,PRJNA224116,SAMD00436749,Complete Genome,6406072.0,1.0,x__Bacteria;x__Bacillati;p__Actinomycetota;c__Actinomycetes;o__Mycobacteriales;f__Mycobacteriaceae;g__Mycolicibacterium;s__Mycolicibacterium fortuitum;x__Mycolicibacterium fortuitum subsp. fortuitum,rsync -t -v rsync://ftp.ncbi.nlm.nih.gov/genomes/all/GCF/022/179/545/GCF_022179545.1_ASM2217954v1/GCF_022179545.1_ASM2217954v1_genomic.fna.gz ./GCF_022179545.1_genomic.fna.gz
M.fortunisiensis,GCF_019050325.1,2600579,2600579,[Mycobacterium] fortunisiensis,strain=TNTM28,PRJNA224116,SAMN12436392,Scaffold,5490222.0,28.0,x__Bacteria;x__Bacillati;p__Actinomycetota;c__Actinomycetes;o__Mycobacteriales;f__Mycobacteriaceae;g__Mycolicibacterium;s__[Mycobacterium] fortunisiensis,rsync -t -v rsync://ftp.ncbi.nlm.nih.gov/genomes/all/GCF/019/050/325/GCF_019050325.1_ASM1905032v1/GCF_019050325.1_ASM1905032v1_genomic.fna.gz ./GCF_019050325.1_genomic.fna.gz
M.fragae,GCF_002102185.1,1260918,1260918,Mycobacterium fragae,strain=DSM 45731,PRJNA224116,SAMN04216927,Contig,4731047.0,35.0,x__Bacteria;x__Bacillati;p__Actinomycetota;c__Actinomycetes;o__Mycobacteriales;f__Mycobacteriaceae;g__Mycobacterium;s__Mycobacterium fragae,rsync -t -v rsync://ftp.ncbi.nlm.nih.gov/genomes/all/GCF/002/102/185/GCF_002102185.1_ASM210218v1/GCF_002102185.1_ASM210218v1_genomic.fna.gz ./GCF_002102185.1_genomic.fna.gz
M.franklinii,GCF_001853795.1,948102,948102,Mycobacteroides franklinii,strain=1559,PRJNA224116,SAMN05897992,Contig,5023635.0,28.0,x__Bacteria;x__Bacillati;p__Actinomycetota;c__Actinomycetes;o__Mycobacteriales;f__Mycobacteriaceae;g__Mycobacteroides;s__Mycobacteroides franklinii,rsync -t -v rsync://ftp.ncbi.nlm.nih.gov/genomes/all/GCF/001/853/795/GCF_001853795.1_ASM185379v1/GCF_001853795.1_ASM185379v1_genomic.fna.gz ./GCF_001853795.1_genomic.fna.gz
M.frederiksbergense,GCF_012223425.1,117567,117567,Mycolicibacterium frederiksbergense,strain=LB 501T,PRJNA224116,SAMN10915336,Chromosome,6713618.0,4.0,x__Bacteria;x__Bacillati;p__Actinomycetota;c__Actinomycetes;o__Mycobacteriales;f__Mycobacteriaceae;g__Mycolicibacterium;s__Mycolicibacterium frederiksbergense,rsync -t -v rsync://ftp.ncbi.nlm.nih.gov/genomes/all/GCF/012/223/425/GCF_012223425.1_ASM1222342v1/GCF_012223425.1_ASM1222342v1_genomic.fna.gz ./GCF_012223425.1_genomic.fna.gz
M.gadium,GCF_010728925.1,1794,1794,Mycolicibacterium gadium,strain=JCM 12688,PRJNA224116,SAMD00153182,Complete Genome,5964999.0,1.0,x__Bacteria;x__Bacillati;p__Actinomycetota;c__Actinomycetes;o__Mycobacteriales;f__Mycobacteriaceae;g__Mycolicibacterium;s__Mycolicibacterium gadium,rsync -t -v rsync://ftp.ncbi.nlm.nih.gov/genomes/all/GCF/010/728/925/GCF_010728925.1_ASM1072892v1/GCF_010728925.1_ASM1072892v1_genomic.fna.gz ./GCF_010728925.1_genomic.fna.gz
M.gallinarum,GCF_010726765.1,39689,39689,Mycobacterium gallinarum,strain=JCM 6399,PRJNA224116,SAMD00153170,Complete Genome,6301681.0,2.0,x__Bacteria;x__Bacillati;p__Actinomycetota;c__Actinomycetes;o__Mycobacteriales;f__Mycobacteriaceae;g__Mycobacterium;s__Mycobacterium gallinarum,rsync -t -v rsync://ftp.ncbi.nlm.nih.gov/genomes/all/GCF/010/726/765/GCF_010726765.1_ASM1072676v1/GCF_010726765.1_ASM1072676v1_genomic.fna.gz ./GCF_010726765.1_genomic.fna.gz
M.gastri,GCF_002102175.1,1777,1777,Mycobacterium gastri,strain=DSM 43505,PRJNA224116,SAMN04216928,Contig,5816659.0,154.0,x__Bacteria;x__Bacillati;p__Actinomycetota;c__Actinomycetes;o__Mycobacteriales;f__Mycobacteriaceae;g__Mycobacterium;s__Mycobacterium gastri,rsync -t -v rsync://ftp.ncbi.nlm.nih.gov/genomes/all/GCF/002/102/175/GCF_002102175.1_ASM210217v1/GCF_002102175.1_ASM210217v1_genomic.fna.gz ./GCF_002102175.1_genomic.fna.gz
M.genavense,GCF_000526915.1,36812,1408452,Mycobacterium genavense ATCC 51234,strain=ATCC 51234,PRJNA224116,SAMN02585006,Contig,4936071.0,25.0,x__Bacteria;x__Bacillati;p__Actinomycetota;c__Actinomycetes;o__Mycobacteriales;f__Mycobacteriaceae;g__Mycobacterium;x__Mycobacterium simiae complex;s__Mycobacterium genavense;x__Mycobacterium genavense ATCC 51234,rsync -t -v rsync://ftp.ncbi.nlm.nih.gov/genomes/all/GCF/000/526/915/GCF_000526915.1_ASM52691v1/GCF_000526915.1_ASM52691v1_genomic.fna.gz ./GCF_000526915.1_genomic.fna.gz
M.gilvum,GCF_000184435.1,1804,278137,Mycolicibacterium gilvum Spyr1,strain=Spyr1,PRJNA224116,SAMN00713568,Complete Genome,5783292.0,3.0,x__Bacteria;x__Bacillati;p__Actinomycetota;c__Actinomycetes;o__Mycobacteriales;f__Mycobacteriaceae;g__Mycolicibacterium;s__Mycolicibacterium gilvum;x__Mycolicibacterium gilvum Spyr1,rsync -t -v rsync://ftp.ncbi.nlm.nih.gov/genomes/all/GCF/000/184/435/GCF_000184435.1_ASM18443v1/GCF_000184435.1_ASM18443v1_genomic.fna.gz ./GCF_000184435.1_genomic.fna.gz
M.goodii,GCF_022370755.2,134601,134601,Mycolicibacterium goodii,strain=ATCC 700504,PRJNA224116,SAMN20254253,Complete Genome,6741306.0,1.0,x__Bacteria;x__Bacillati;p__Actinomycetota;c__Actinomycetes;o__Mycobacteriales;f__Mycobacteriaceae;g__Mycolicibacterium;s__Mycolicibacterium goodii,rsync -t -v rsync://ftp.ncbi.nlm.nih.gov/genomes/all/GCF/022/370/755/GCF_022370755.2_ASM2237075v2/GCF_022370755.2_ASM2237075v2_genomic.fna.gz ./GCF_022370755.2_genomic.fna.gz
M.gordonae,GCF_002101675.1,1778,1778,Mycobacterium gordonae,strain=DSM 44160,PRJNA224116,SAMN04216929,Contig,7601632.0,260.0,x__Bacteria;x__Bacillati;p__Actinomycetota;c__Actinomycetes;o__Mycobacteriales;f__Mycobacteriaceae;g__Mycobacterium;s__Mycobacterium gordonae,rsync -t -v rsync://ftp.ncbi.nlm.nih.gov/genomes/all/GCF/002/101/675/GCF_002101675.1_ASM210167v1/GCF_002101675.1_ASM210167v1_genomic.fna.gz ./GCF_002101675.1_genomic.fna.gz
M.grossiae,GCF_008329645.1,1552759,1552759,Mycolicibacterium grossiae,strain=DSM 104744,PRJNA224116,SAMN12660232,Complete Genome,5681602.0,2.0,x__Bacteria;x__Bacillati;p__Actinomycetota;c__Actinomycetes;o__Mycobacteriales;f__Mycobacteriaceae;g__Mycolicibacterium;s__Mycolicibacterium grossiae,rsync -t -v rsync://ftp.ncbi.nlm.nih.gov/genomes/all/GCF/008/329/645/GCF_008329645.1_ASM832964v1/GCF_008329645.1_ASM832964v1_genomic.fna.gz ./GCF_008329645.1_genomic.fna.gz
M.hackensackense,GCF_025822555.1,228909,228909,Mycobacterium hackensackense,strain=DSM 44833,PRJNA224116,SAMN15568952,Contig,6709978.0,53.0,x__Bacteria;x__Bacillati;p__Actinomycetota;c__Actinomycetes;o__Mycobacteriales;f__Mycobacteriaceae;g__Mycobacterium;s__Mycobacterium hackensackense,rsync -t -v rsync://ftp.ncbi.nlm.nih.gov/genomes/all/GCF/025/822/555/GCF_025822555.1_ASM2582255v1/GCF_025822555.1_ASM2582255v1_genomic.fna.gz ./GCF_025822555.1_genomic.fna.gz
M.haemophilum,GCF_000340435.2,29311,1202450,Mycobacterium haemophilum DSM 44634,strain=ATCC 29548,PRJNA224116,SAMN01918491,Complete Genome,4235765.0,1.0,x__Bacteria;x__Bacillati;p__Actinomycetota;c__Actinomycetes;o__Mycobacteriales;f__Mycobacteriaceae;g__Mycobacterium;s__Mycobacterium haemophilum;x__Mycobacterium haemophilum DSM 44634,rsync -t -v rsync://ftp.ncbi.nlm.nih.gov/genomes/all/GCF/000/340/435/GCF_000340435.2_ASM34043v3/GCF_000340435.2_ASM34043v3_genomic.fna.gz ./GCF_000340435.2_genomic.fna.gz
M.hassiacum,GCF_900603025.1,46351,1122247,Mycolicibacterium hassiacum DSM 44199,na,PRJNA224116,SAMEA4888736,Complete Genome,5269097.0,1.0,x__Bacteria;x__Bacillati;p__Actinomycetota;c__Actinomycetes;o__Mycobacteriales;f__Mycobacteriaceae;g__Mycolicibacterium;s__Mycolicibacterium hassiacum;x__Mycolicibacterium hassiacum DSM 44199,rsync -t -v rsync://ftp.ncbi.nlm.nih.gov/genomes/all/GCF/900/603/025/GCF_900603025.1_MHAS/GCF_900603025.1_MHAS_genomic.fna.gz ./GCF_900603025.1_genomic.fna.gz
M.heckeshornense,GCF_016861545.1,110505,110505,Mycobacterium heckeshornense,strain=JMUB5695,PRJNA224116,SAMD00261041,Complete Genome,4865109.0,1.0,x__Bacteria;x__Bacillati;p__Actinomycetota;c__Actinomycetes;o__Mycobacteriales;f__Mycobacteriaceae;g__Mycobacterium;s__Mycobacterium heckeshornense,rsync -t -v rsync://ftp.ncbi.nlm.nih.gov/genomes/all/GCF/016/861/545/GCF_016861545.1_ASM1686154v1/GCF_016861545.1_ASM1686154v1_genomic.fna.gz ./GCF_016861545.1_genomic.fna.gz
M.heidelbergense,GCF_010730745.1,53376,53376,Mycobacterium heidelbergense,strain=JCM 14842,PRJNA224116,SAMD00153194,Complete Genome,5050576.0,1.0,x__Bacteria;x__Bacillati;p__Actinomycetota;c__Actinomycetes;o__Mycobacteriales;f__Mycobacteriaceae;g__Mycobacterium;x__Mycobacterium simiae complex;s__Mycobacterium heidelbergense,rsync -t -v rsync://ftp.ncbi.nlm.nih.gov/genomes/all/GCF/010/730/745/GCF_010730745.1_ASM1073074v1/GCF_010730745.1_ASM1073074v1_genomic.fna.gz ./GCF_010730745.1_genomic.fna.gz
M.helveticum,GCF_007714185.1,2592811,2592811,Mycobacterium helveticum,strain=17-773,PRJNA224116,SAMN12284734,Contig,5772032.0,387.0,x__Bacteria;x__Bacillati;p__Actinomycetota;c__Actinomycetes;o__Mycobacteriales;f__Mycobacteriaceae;g__Mycobacterium;s__Mycobacterium helveticum,rsync -t -v rsync://ftp.ncbi.nlm.nih.gov/genomes/all/GCF/007/714/185/GCF_007714185.1_ASM771418v1/GCF_007714185.1_ASM771418v1_genomic.fna.gz ./GCF_007714185.1_genomic.fna.gz
M.helvum,GCF_010731895.1,1534349,1534349,Mycolicibacterium helvum,strain=JCM 30396,PRJNA224116,SAMD00153218,Complete Genome,6400811.0,1.0,x__Bacteria;x__Bacillati;p__Actinomycetota;c__Actinomycetes;o__Mycobacteriales;f__Mycobacteriaceae;g__Mycolicibacterium;s__Mycolicibacterium helvum,rsync -t -v rsync://ftp.ncbi.nlm.nih.gov/genomes/all/GCF/010/731/895/GCF_010731895.1_ASM1073189v1/GCF_010731895.1_ASM1073189v1_genomic.fna.gz ./GCF_010731895.1_genomic.fna.gz
M.heraklionensis,GCF_019645815.1,512402,512402,Mycolicibacter heraklionensis,strain=JCM 30995,PRJNA224116,SAMN20254261,Complete Genome,5061737.0,1.0,x__Bacteria;x__Bacillati;p__Actinomycetota;c__Actinomycetes;o__Mycobacteriales;f__Mycobacteriaceae;g__Mycolicibacter;s__Mycolicibacter heraklionensis,rsync -t -v rsync://ftp.ncbi.nlm.nih.gov/genomes/all/GCF/019/645/815/GCF_019645815.1_ASM1964581v1/GCF_019645815.1_ASM1964581v1_genomic.fna.gz ./GCF_019645815.1_genomic.fna.gz
M.hiberniae,GCF_010729485.1,29314,29314,Mycolicibacter hiberniae,strain=JCM 13571,PRJNA224116,SAMD00153186,Complete Genome,4396654.0,1.0,x__Bacteria;x__Bacillati;p__Actinomycetota;c__Actinomycetes;o__Mycobacteriales;f__Mycobacteriaceae;g__Mycolicibacter;s__Mycolicibacter hiberniae,rsync -t -v rsync://ftp.ncbi.nlm.nih.gov/genomes/all/GCF/010/729/485/GCF_010729485.1_ASM1072948v1/GCF_010729485.1_ASM1072948v1_genomic.fna.gz ./GCF_010729485.1_genomic.fna.gz
M.hippocampi,GCF_010723735.1,659824,659824,Mycolicibacterium hippocampi,strain=JCM 30996,PRJNA224116,SAMD00153224,Contig,6160733.0,3.0,x__Bacteria;x__Bacillati;p__Actinomycetota;c__Actinomycetes;o__Mycobacteriales;f__Mycobacteriaceae;g__Mycolicibacterium;s__Mycolicibacterium hippocampi,rsync -t -v rsync://ftp.ncbi.nlm.nih.gov/genomes/all/GCF/010/723/735/GCF_010723735.1_ASM1072373v1/GCF_010723735.1_ASM1072373v1_genomic.fna.gz ./GCF_010723735.1_genomic.fna.gz
M.hippophais,GCF_027529605.1,3016340,3016340,Mycobacterium hippophais,strain=CPCC 205372,PRJNA224116,SAMN32338864,Scaffold,5875958.0,40.0,x__Bacteria;x__Bacillati;p__Actinomycetota;c__Actinomycetes;o__Mycobacteriales;f__Mycobacteriaceae;g__Mycobacterium;s__Mycobacterium hippophais,rsync -t -v rsync://ftp.ncbi.nlm.nih.gov/genomes/all/GCF/027/529/605/GCF_027529605.1_ASM2752960v1/GCF_027529605.1_ASM2752960v1_genomic.fna.gz ./GCF_027529605.1_genomic.fna.gz
M.hodleri,GCF_025822245.1,49897,49897,Mycolicibacterium hodleri,strain=DSM 44183,PRJNA224116,SAMN15568969,Scaffold,6529154.0,81.0,x__Bacteria;x__Bacillati;p__Actinomycetota;c__Actinomycetes;o__Mycobacteriales;f__Mycobacteriaceae;g__Mycolicibacterium;s__Mycolicibacterium hodleri,rsync -t -v rsync://ftp.ncbi.nlm.nih.gov/genomes/all/GCF/025/822/245/GCF_025822245.1_ASM2582224v1/GCF_025822245.1_ASM2582224v1_genomic.fna.gz ./GCF_025822245.1_genomic.fna.gz
M.holsaticum,GCF_019645835.1,152142,1226752,Mycolicibacterium holsaticum DSM 44478 = JCM 12374,strain=JCM 12374,PRJNA224116,SAMN20254262,Complete Genome,5623714.0,1.0,x__Bacteria;x__Bacillati;p__Actinomycetota;c__Actinomycetes;o__Mycobacteriales;f__Mycobacteriaceae;g__Mycolicibacterium;s__Mycolicibacterium holsaticum;x__Mycolicibacterium holsaticum DSM 44478 = JCM 12374,rsync -t -v rsync://ftp.ncbi.nlm.nih.gov/genomes/all/GCF/019/645/835/GCF_019645835.1_ASM1964583v1/GCF_019645835.1_ASM1964583v1_genomic.fna.gz ./GCF_019645835.1_genomic.fna.gz
M.holstebronense,GCF_963378105.1,3064288,3064288,[Mycobacterium] holstebronense,strain=Mu0102,PRJNA224116,SAMEA114267547,Complete Genome,4794172.0,1.0,x__Bacteria;x__Bacillati;p__Actinomycetota;c__Actinomycetes;o__Mycobacteriales;f__Mycobacteriaceae;g__Mycolicibacterium;s__[Mycobacterium] holstebronense,rsync -t -v rsync://ftp.ncbi.nlm.nih.gov/genomes/all/GCF/963/378/105/GCF_963378105.1_MU0102_Flye_MinION/GCF_963378105.1_MU0102_Flye_MinION_genomic.fna.gz ./GCF_963378105.1_genomic.fna.gz
M.houstonense,GCF_025823315.1,146021,146021,Mycolicibacterium houstonense,strain=DSM 44676,PRJNA224116,SAMN15568919,Scaffold,6461255.0,18.0,x__Bacteria;x__Bacillati;p__Actinomycetota;c__Actinomycetes;o__Mycobacteriales;f__Mycobacteriaceae;g__Mycolicibacterium;s__Mycolicibacterium houstonense,rsync -t -v rsync://ftp.ncbi.nlm.nih.gov/genomes/all/GCF/025/823/315/GCF_025823315.1_ASM2582331v1/GCF_025823315.1_ASM2582331v1_genomic.fna.gz ./GCF_025823315.1_genomic.fna.gz
M.hubeiense,GCF_002838065.1,1867256,1867256,Mycobacterium hubeiense,strain=QGD101,PRJNA224116,SAMN08116703,Scaffold,5575795.0,172.0,x__Bacteria;x__Bacillati;p__Actinomycetota;c__Actinomycetes;o__Mycobacteriales;f__Mycobacteriaceae;g__Mycobacterium;s__Mycobacterium hubeiense,rsync -t -v rsync://ftp.ncbi.nlm.nih.gov/genomes/all/GCF/002/838/065/GCF_002838065.1_ASM283806v1/GCF_002838065.1_ASM283806v1_genomic.fna.gz ./GCF_002838065.1_genomic.fna.gz
M.icosiumassiliensis,GCF_900078685.2,1792835,1792835,Mycolicibacter icosiumassiliensis,strain=8WA6,PRJNA224116,SAMEA3913389,Scaffold,4849907.0,79.0,x__Bacteria;x__Bacillati;p__Actinomycetota;c__Actinomycetes;o__Mycobacteriales;f__Mycobacteriaceae;g__Mycolicibacter;s__Mycolicibacter icosiumassiliensis,rsync -t -v rsync://ftp.ncbi.nlm.nih.gov/genomes/all/GCF/900/078/685/GCF_900078685.2_PRJEB13234/GCF_900078685.2_PRJEB13234_genomic.fna.gz ./GCF_900078685.2_genomic.fna.gz
M.immunogenum,GCF_001605725.1,83262,83262,Mycobacteroides immunogenum,strain=CCUG 47286,PRJNA224116,SAMN03733495,Complete Genome,5573781.0,1.0,x__Bacteria;x__Bacillati;p__Actinomycetota;c__Actinomycetes;o__Mycobacteriales;f__Mycobacteriaceae;g__Mycobacteroides;s__Mycobacteroides immunogenum,rsync -t -v rsync://ftp.ncbi.nlm.nih.gov/genomes/all/GCF/001/605/725/GCF_001605725.1_ASM160572v1/GCF_001605725.1_ASM160572v1_genomic.fna.gz ./GCF_001605725.1_genomic.fna.gz
M.innocens,GCF_900566055.1,2341083,2341083,Mycobacterium innocens,strain=MK13,PRJNA224116,SAMEA4938327,Contig,6187059.0,361.0,x__Bacteria;x__Bacillati;p__Actinomycetota;c__Actinomycetes;o__Mycobacteriales;f__Mycobacteriaceae;g__Mycobacterium;s__Mycobacterium innocens,rsync -t -v rsync://ftp.ncbi.nlm.nih.gov/genomes/all/GCF/900/566/055/GCF_900566055.1_LAUMK13/GCF_900566055.1_LAUMK13_genomic.fna.gz ./GCF_900566055.1_genomic.fna.gz
M.insubricum,GCF_010731615.1,444597,444597,Mycolicibacterium insubricum,strain=JCM 16366,PRJNA224116,SAMD00153202,Complete Genome,4577045.0,1.0,x__Bacteria;x__Bacillati;p__Actinomycetota;c__Actinomycetes;o__Mycobacteriales;f__Mycobacteriaceae;g__Mycolicibacterium;s__Mycolicibacterium insubricum,rsync -t -v rsync://ftp.ncbi.nlm.nih.gov/genomes/all/GCF/010/731/615/GCF_010731615.1_ASM1073161v1/GCF_010731615.1_ASM1073161v1_genomic.fna.gz ./GCF_010731615.1_genomic.fna.gz
M.interjectum,GCF_900078675.2,33895,33895,Mycobacterium interjectum,strain=ATCC 51457T,PRJNA224116,SAMEA3913390,Scaffold,5929237.0,221.0,x__Bacteria;x__Bacillati;p__Actinomycetota;c__Actinomycetes;o__Mycobacteriales;f__Mycobacteriaceae;g__Mycobacterium;x__Mycobacterium simiae complex;s__Mycobacterium interjectum,rsync -t -v rsync://ftp.ncbi.nlm.nih.gov/genomes/all/GCF/900/078/675/GCF_900078675.2_PRJEB13236/GCF_900078675.2_PRJEB13236_genomic.fna.gz ./GCF_900078675.2_genomic.fna.gz
M.intermedium,GCF_025822065.1,28445,28445,Mycobacterium intermedium,strain=DSM 44049,PRJNA224116,SAMN15568978,Scaffold,6885661.0,111.0,x__Bacteria;x__Bacillati;p__Actinomycetota;c__Actinomycetes;o__Mycobacteriales;f__Mycobacteriaceae;g__Mycobacterium;x__Mycobacterium simiae complex;s__Mycobacterium intermedium,rsync -t -v rsync://ftp.ncbi.nlm.nih.gov/genomes/all/GCF/025/822/065/GCF_025822065.1_ASM2582206v1/GCF_025822065.1_ASM2582206v1_genomic.fna.gz ./GCF_025822065.1_genomic.fna.gz
M.intracellulare,GCF_020736005.1,1767,1767,Mycobacterium intracellulare,strain=FDAARGOS_1564,PRJNA224116,SAMN22091661,Complete Genome,5645778.0,2.0,x__Bacteria;x__Bacillati;p__Actinomycetota;c__Actinomycetes;o__Mycobacteriales;f__Mycobacteriaceae;g__Mycobacterium;x__Mycobacterium avium complex (MAC);s__Mycobacterium intracellulare,rsync -t -v rsync://ftp.ncbi.nlm.nih.gov/genomes/all/GCF/020/736/005/GCF_020736005.1_ASM2073600v1/GCF_020736005.1_ASM2073600v1_genomic.fna.gz ./GCF_020736005.1_genomic.fna.gz
M.iranicum,GCF_002101705.1,912594,912594,Mycolicibacterium iranicum,strain=DSM 45541,PRJNA224116,SAMN04216933,Contig,6335651.0,82.0,x__Bacteria;x__Bacillati;p__Actinomycetota;c__Actinomycetes;o__Mycobacteriales;f__Mycobacteriaceae;g__Mycolicibacterium;s__Mycolicibacterium iranicum,rsync -t -v rsync://ftp.ncbi.nlm.nih.gov/genomes/all/GCF/002/101/705/GCF_002101705.1_ASM210170v1/GCF_002101705.1_ASM210170v1_genomic.fna.gz ./GCF_002101705.1_genomic.fna.gz
M.kansasii,GCF_000157895.3,1768,557599,Mycobacterium kansasii ATCC 12478,strain=ATCC 12478,PRJNA224116,SAMN02603596,Complete Genome,6577228.0,2.0,x__Bacteria;x__Bacillati;p__Actinomycetota;c__Actinomycetes;o__Mycobacteriales;f__Mycobacteriaceae;g__Mycobacterium;s__Mycobacterium kansasii;x__Mycobacterium kansasii ATCC 12478,rsync -t -v rsync://ftp.ncbi.nlm.nih.gov/genomes/all/GCF/000/157/895/GCF_000157895.3_ASM15789v2/GCF_000157895.3_ASM15789v2_genomic.fna.gz ./GCF_000157895.3_genomic.fna.gz
M.kiyosense,GCF_026011875.1,2871094,2871094,Mycobacterium kiyosense,strain=SRL2020-400,PRJNA224116,SAMD00505761,Contig,6484216.0,186.0,x__Bacteria;x__Bacillati;p__Actinomycetota;c__Actinomycetes;o__Mycobacteriales;f__Mycobacteriaceae;g__Mycobacterium;s__Mycobacterium kiyosense,rsync -t -v rsync://ftp.ncbi.nlm.nih.gov/genomes/all/GCF/026/011/875/GCF_026011875.1_ASM2601187v1/GCF_026011875.1_ASM2601187v1_genomic.fna.gz ./GCF_026011875.1_genomic.fna.gz
M.kokjensenii,GCF_963378075.1,3064287,3064287,[Mycobacterium] kokjensenii,strain=Mu0083,PRJNA224116,SAMEA114267545,Complete Genome,4341397.0,1.0,x__Bacteria;x__Bacillati;p__Actinomycetota;c__Actinomycetes;o__Mycobacteriales;f__Mycobacteriaceae;g__Mycolicibacter;s__[Mycobacterium] kokjensenii,rsync -t -v rsync://ftp.ncbi.nlm.nih.gov/genomes/all/GCF/963/378/075/GCF_963378075.1_MU0083_Flye_MinION/GCF_963378075.1_MU0083_Flye_MinION_genomic.fna.gz ./GCF_963378075.1_genomic.fna.gz
M.komossense,GCF_025822605.1,1779,1779,Mycolicibacterium komossense,strain=DSM 44078,PRJNA224116,SAMN15568956,Scaffold,6920863.0,57.0,x__Bacteria;x__Bacillati;p__Actinomycetota;c__Actinomycetes;o__Mycobacteriales;f__Mycobacteriaceae;g__Mycolicibacterium;s__Mycolicibacterium komossense,rsync -t -v rsync://ftp.ncbi.nlm.nih.gov/genomes/all/GCF/025/822/605/GCF_025822605.1_ASM2582260v1/GCF_025822605.1_ASM2582260v1_genomic.fna.gz ./GCF_025822605.1_genomic.fna.gz
M.koreensis,GCF_010731835.1,1069220,1069220,Mycolicibacillus koreensis,strain=JCM 19956,PRJNA224116,SAMD00153215,Complete Genome,4155701.0,1.0,x__Bacteria;x__Bacillati;p__Actinomycetota;c__Actinomycetes;o__Mycobacteriales;f__Mycobacteriaceae;g__Mycolicibacillus;s__Mycolicibacillus koreensis,rsync -t -v rsync://ftp.ncbi.nlm.nih.gov/genomes/all/GCF/010/731/835/GCF_010731835.1_ASM1073183v1/GCF_010731835.1_ASM1073183v1_genomic.fna.gz ./GCF_010731835.1_genomic.fna.gz
M.kubicae,GCF_014263315.1,120959,120959,Mycobacterium kubicae,strain=NJH_MKUB1,PRJNA224116,SAMN12910285,Chromosome,5463479.0,3.0,x__Bacteria;x__Bacillati;p__Actinomycetota;c__Actinomycetes;o__Mycobacteriales;f__Mycobacteriaceae;g__Mycobacterium;x__Mycobacterium simiae complex;s__Mycobacterium kubicae,rsync -t -v rsync://ftp.ncbi.nlm.nih.gov/genomes/all/GCF/014/263/315/GCF_014263315.1_ASM1426331v1/GCF_014263315.1_ASM1426331v1_genomic.fna.gz ./GCF_014263315.1_genomic.fna.gz
M.kumamotonensis,GCF_002086285.1,354243,354243,Mycolicibacter kumamotonensis,strain=DSM 45093,PRJNA224116,SAMN06064243,Contig,4815853.0,128.0,x__Bacteria;x__Bacillati;p__Actinomycetota;c__Actinomycetes;o__Mycobacteriales;f__Mycobacteriaceae;g__Mycolicibacter;s__Mycolicibacter kumamotonensis,rsync -t -v rsync://ftp.ncbi.nlm.nih.gov/genomes/all/GCF/002/086/285/GCF_002086285.1_ASM208628v1/GCF_002086285.1_ASM208628v1_genomic.fna.gz ./GCF_002086285.1_genomic.fna.gz
M.kyogaense,GCF_003254575.1,2212479,2212479,Mycobacterium kyogaense,strain=NCTC 11659,PRJNA224116,SAMN09281965,Contig,5759757.0,132.0,x__Bacteria;x__Bacillati;p__Actinomycetota;c__Actinomycetes;o__Mycobacteriales;f__Mycobacteriaceae;g__Mycobacterium;s__Mycobacterium kyogaense,rsync -t -v rsync://ftp.ncbi.nlm.nih.gov/genomes/all/GCF/003/254/575/GCF_003254575.1_ASM325457v1/GCF_003254575.1_ASM325457v1_genomic.fna.gz ./GCF_003254575.1_genomic.fna.gz
M.kyorinense,GCF_002101735.1,487514,487514,Mycobacterium kyorinense,strain=DSM 45166,PRJNA224116,SAMN04216935,Contig,5606671.0,180.0,x__Bacteria;x__Bacillati;p__Actinomycetota;c__Actinomycetes;o__Mycobacteriales;f__Mycobacteriaceae;g__Mycobacterium;s__Mycobacterium kyorinense,rsync -t -v rsync://ftp.ncbi.nlm.nih.gov/genomes/all/GCF/002/101/735/GCF_002101735.1_ASM210173v1/GCF_002101735.1_ASM210173v1_genomic.fna.gz ./GCF_002101735.1_genomic.fna.gz
M.lacus,GCF_010731535.1,169765,169765,Mycobacterium lacus,strain=JCM 15657,PRJNA224116,SAMD00153198,Complete Genome,5092988.0,1.0,x__Bacteria;x__Bacillati;p__Actinomycetota;c__Actinomycetes;o__Mycobacteriales;f__Mycobacteriaceae;g__Mycobacterium;s__Mycobacterium lacus,rsync -t -v rsync://ftp.ncbi.nlm.nih.gov/genomes/all/GCF/010/731/535/GCF_010731535.1_ASM1073153v1/GCF_010731535.1_ASM1073153v1_genomic.fna.gz ./GCF_010731535.1_genomic.fna.gz
M.lacusdiani,GCF_021916785.1,2895283,2895283,Mycolicibacterium lacusdiani,strain=JXJ CY 35,PRJNA224116,SAMN23132885,Scaffold,6138096.0,24.0,x__Bacteria;x__Bacillati;p__Actinomycetota;c__Actinomycetes;o__Mycobacteriales;f__Mycobacteriaceae;g__Mycolicibacterium;s__Mycolicibacterium lacusdiani,rsync -t -v rsync://ftp.ncbi.nlm.nih.gov/genomes/all/GCF/021/916/785/GCF_021916785.1_ASM2191678v1/GCF_021916785.1_ASM2191678v1_genomic.fna.gz ./GCF_021916785.1_genomic.fna.gz
M.lehmannii,GCF_001499925.1,2048550,2048550,Mycobacterium lehmannii,strain=IS-1744,PRJNA224116,SAMN04349498,Contig,5130549.0,69.0,x__Bacteria;x__Bacillati;p__Actinomycetota;c__Actinomycetes;o__Mycobacteriales;f__Mycobacteriaceae;g__Mycobacterium;s__Mycobacterium lehmannii,rsync -t -v rsync://ftp.ncbi.nlm.nih.gov/genomes/all/GCF/001/499/925/GCF_001499925.1_ASM149992v1/GCF_001499925.1_ASM149992v1_genomic.fna.gz ./GCF_001499925.1_genomic.fna.gz
M.lentiflavum,GCF_022374895.2,141349,141349,Mycobacterium lentiflavum,strain=ATCC 51985,PRJNA224116,SAMN20254258,Complete Genome,6163560.0,4.0,x__Bacteria;x__Bacillati;p__Actinomycetota;c__Actinomycetes;o__Mycobacteriales;f__Mycobacteriaceae;g__Mycobacterium;x__Mycobacterium simiae complex;s__Mycobacterium lentiflavum,rsync -t -v rsync://ftp.ncbi.nlm.nih.gov/genomes/all/GCF/022/374/895/GCF_022374895.2_ASM2237489v2/GCF_022374895.2_ASM2237489v2_genomic.fna.gz ./GCF_022374895.2_genomic.fna.gz
M.leprae,GCF_003253775.1,1769,1769,Mycobacterium leprae,strain=MRHRU-235-G,PRJNA224116,SAMN09104579,Complete Genome,3187112.0,1.0,x__Bacteria;x__Bacillati;p__Actinomycetota;c__Actinomycetes;o__Mycobacteriales;f__Mycobacteriaceae;g__Mycobacterium;s__Mycobacterium leprae,rsync -t -v rsync://ftp.ncbi.nlm.nih.gov/genomes/all/GCF/003/253/775/GCF_003253775.1_ASM325377v1/GCF_003253775.1_ASM325377v1_genomic.fna.gz ./GCF_003253775.1_genomic.fna.gz
M.lepromatosis,GCF_000975265.2,480418,480418,Mycobacterium lepromatosis,strain=FJ924,PRJNA224116,SAMN03481272,Complete Genome,3271694.0,1.0,x__Bacteria;x__Bacillati;p__Actinomycetota;c__Actinomycetes;o__Mycobacteriales;f__Mycobacteriaceae;g__Mycobacterium;s__Mycobacterium lepromatosis,rsync -t -v rsync://ftp.ncbi.nlm.nih.gov/genomes/all/GCF/000/975/265/GCF_000975265.2_ASM97526v2/GCF_000975265.2_ASM97526v2_genomic.fna.gz ./GCF_000975265.2_genomic.fna.gz
M.litorale,GCF_010731695.1,758802,758802,Mycolicibacterium litorale,strain=JCM 17423,PRJNA224116,SAMD00153207,Complete Genome,5579510.0,1.0,x__Bacteria;x__Bacillati;p__Actinomycetota;c__Actinomycetes;o__Mycobacteriales;f__Mycobacteriaceae;g__Mycolicibacterium;s__Mycolicibacterium litorale,rsync -t -v rsync://ftp.ncbi.nlm.nih.gov/genomes/all/GCF/010/731/695/GCF_010731695.1_ASM1073169v1/GCF_010731695.1_ASM1073169v1_genomic.fna.gz ./GCF_010731695.1_genomic.fna.gz
M.llatzerense,GCF_025331195.1,280871,280871,Mycolicibacterium llatzerense,strain=MG13,PRJNA224116,SAMN04954894,Scaffold,6577636.0,19.0,x__Bacteria;x__Bacillati;p__Actinomycetota;c__Actinomycetes;o__Mycobacteriales;f__Mycobacteriaceae;g__Mycolicibacterium;s__Mycolicibacterium llatzerense,rsync -t -v rsync://ftp.ncbi.nlm.nih.gov/genomes/all/GCF/025/331/195/GCF_025331195.1_ASM2533119v1/GCF_025331195.1_ASM2533119v1_genomic.fna.gz ./GCF_025331195.1_genomic.fna.gz
M.longobardus,GCF_002102265.1,1108812,1108812,Mycolicibacter longobardus,strain=DSM 45394,PRJNA224116,SAMN04216937,Contig,4812247.0,59.0,x__Bacteria;x__Bacillati;p__Actinomycetota;c__Actinomycetes;o__Mycobacteriales;f__Mycobacteriaceae;g__Mycolicibacter;s__Mycolicibacter longobardus,rsync -t -v rsync://ftp.ncbi.nlm.nih.gov/genomes/all/GCF/002/102/265/GCF_002102265.1_ASM210226v1/GCF_002102265.1_ASM210226v1_genomic.fna.gz ./GCF_002102265.1_genomic.fna.gz
M.lutetiense,GCF_017876775.1,1641992,1641992,Mycolicibacterium lutetiense,strain=DSM 46713,PRJNA224116,SAMN17673454,Contig,6345289.0,3.0,x__Bacteria;x__Bacillati;p__Actinomycetota;c__Actinomycetes;o__Mycobacteriales;f__Mycobacteriaceae;g__Mycolicibacterium;s__Mycolicibacterium lutetiense,rsync -t -v rsync://ftp.ncbi.nlm.nih.gov/genomes/all/GCF/017/876/775/GCF_017876775.1_ASM1787677v1/GCF_017876775.1_ASM1787677v1_genomic.fna.gz ./GCF_017876775.1_genomic.fna.gz
M.madagascariense,GCF_010729665.1,212765,212765,Mycolicibacterium madagascariense,strain=JCM 13574,PRJNA224116,SAMD00153188,Complete Genome,5940375.0,2.0,x__Bacteria;x__Bacillati;p__Actinomycetota;c__Actinomycetes;o__Mycobacteriales;f__Mycobacteriaceae;g__Mycolicibacterium;s__Mycolicibacterium madagascariense,rsync -t -v rsync://ftp.ncbi.nlm.nih.gov/genomes/all/GCF/010/729/665/GCF_010729665.1_ASM1072966v1/GCF_010729665.1_ASM1072966v1_genomic.fna.gz ./GCF_010729665.1_genomic.fna.gz
M.mageritense,GCF_010727475.1,53462,53462,Mycolicibacterium mageritense,strain=JCM 12375,PRJNA224116,SAMD00153174,Complete Genome,8006721.0,1.0,x__Bacteria;x__Bacillati;p__Actinomycetota;c__Actinomycetes;o__Mycobacteriales;f__Mycobacteriaceae;g__Mycolicibacterium;s__Mycolicibacterium mageritense,rsync -t -v rsync://ftp.ncbi.nlm.nih.gov/genomes/all/GCF/010/727/475/GCF_010727475.1_ASM1072747v1/GCF_010727475.1_ASM1072747v1_genomic.fna.gz ./GCF_010727475.1_genomic.fna.gz
M.malmoense,GCF_019645855.1,1780,1780,Mycobacterium malmoense,strain=ATCC 29571,PRJNA224116,SAMN20254263,Complete Genome,5319859.0,1.0,x__Bacteria;x__Bacillati;p__Actinomycetota;c__Actinomycetes;o__Mycobacteriales;f__Mycobacteriaceae;g__Mycobacterium;s__Mycobacterium malmoense,rsync -t -v rsync://ftp.ncbi.nlm.nih.gov/genomes/all/GCF/019/645/855/GCF_019645855.1_ASM1964585v1/GCF_019645855.1_ASM1964585v1_genomic.fna.gz ./GCF_019645855.1_genomic.fna.gz
M.manitobense,GCF_025821665.1,190147,190147,[Mycobacterium] manitobense,strain=DSM 44615,PRJNA224116,SAMN15568997,Scaffold,6058529.0,277.0,x__Bacteria;x__Bacillati;p__Actinomycetota;c__Actinomycetes;o__Mycobacteriales;f__Mycobacteriaceae;g__Mycolicibacterium;s__[Mycobacterium] manitobense,rsync -t -v rsync://ftp.ncbi.nlm.nih.gov/genomes/all/GCF/025/821/665/GCF_025821665.1_ASM2582166v1/GCF_025821665.1_ASM2582166v1_genomic.fna.gz ./GCF_025821665.1_genomic.fna.gz
M.mantenii,GCF_010731775.1,560555,560555,Mycobacterium mantenii,strain=JCM 18113,PRJNA224116,SAMD00153211,Complete Genome,6185541.0,1.0,x__Bacteria;x__Bacillati;p__Actinomycetota;c__Actinomycetes;o__Mycobacteriales;f__Mycobacteriaceae;g__Mycobacterium;x__Mycobacterium avium complex (MAC);s__Mycobacterium mantenii,rsync -t -v rsync://ftp.ncbi.nlm.nih.gov/genomes/all/GCF/010/731/775/GCF_010731775.1_ASM1073177v1/GCF_010731775.1_ASM1073177v1_genomic.fna.gz ./GCF_010731775.1_genomic.fna.gz
M.marinum,GCF_000723425.2,1781,1131442,Mycobacterium marinum E11,strain=E11,PRJNA224116,SAMEA3139029,Complete Genome,6450522.0,2.0,x__Bacteria;x__Bacillati;p__Actinomycetota;c__Actinomycetes;o__Mycobacteriales;f__Mycobacteriaceae;g__Mycobacterium;x__Mycobacterium ulcerans group;s__Mycobacterium marinum;x__Mycobacterium marinum E11,rsync -t -v rsync://ftp.ncbi.nlm.nih.gov/genomes/all/GCF/000/723/425/GCF_000723425.2_E11/GCF_000723425.2_E11_genomic.fna.gz ./GCF_000723425.2_genomic.fna.gz
M.marseillense,GCF_002285715.1,701042,701042,Mycobacterium marseillense,strain=FLAC0026,PRJNA224116,SAMN07528776,Complete Genome,5285642.0,2.0,x__Bacteria;x__Bacillati;p__Actinomycetota;c__Actinomycetes;o__Mycobacteriales;f__Mycobacteriaceae;g__Mycobacterium;x__Mycobacterium avium complex (MAC);s__Mycobacterium marseillense,rsync -t -v rsync://ftp.ncbi.nlm.nih.gov/genomes/all/GCF/002/285/715/GCF_002285715.1_ASM228571v1/GCF_002285715.1_ASM228571v1_genomic.fna.gz ./GCF_002285715.1_genomic.fna.gz
M.mengxianglii,GCF_015710575.1,2736649,2736649,Mycolicibacterium mengxianglii,strain=Z-34,PRJNA224116,SAMN16862530,Complete Genome,5962395.0,1.0,x__Bacteria;x__Bacillati;p__Actinomycetota;c__Actinomycetes;o__Mycobacteriales;f__Mycobacteriaceae;g__Mycolicibacterium;s__Mycolicibacterium mengxianglii,rsync -t -v rsync://ftp.ncbi.nlm.nih.gov/genomes/all/GCF/015/710/575/GCF_015710575.1_ASM1571057v2/GCF_015710575.1_ASM1571057v2_genomic.fna.gz ./GCF_015710575.1_genomic.fna.gz
M.methanotrophicum,GCF_023515995.1,2943498,2943498,Candidatus Mycobacterium methanotrophicum,na,PRJNA224116,SAMN28196450,Complete Genome,5002371.0,2.0,x__Bacteria;x__Bacillati;p__Actinomycetota;c__Actinomycetes;o__Mycobacteriales;f__Mycobacteriaceae;g__Mycobacterium;s__Candidatus Mycobacterium methanotrophicum,rsync -t -v rsync://ftp.ncbi.nlm.nih.gov/genomes/all/GCF/023/515/995/GCF_023515995.1_ASM2351599v1/GCF_023515995.1_ASM2351599v1_genomic.fna.gz ./GCF_023515995.1_genomic.fna.gz
M.minnesotensis,GCF_010731755.1,1118379,1118379,Mycolicibacter minnesotensis,strain=JCM 17932,PRJNA224116,SAMD00153210,Complete Genome,4224047.0,1.0,x__Bacteria;x__Bacillati;p__Actinomycetota;c__Actinomycetes;o__Mycobacteriales;f__Mycobacteriaceae;g__Mycolicibacter;s__Mycolicibacter minnesotensis,rsync -t -v rsync://ftp.ncbi.nlm.nih.gov/genomes/all/GCF/010/731/755/GCF_010731755.1_ASM1073175v1/GCF_010731755.1_ASM1073175v1_genomic.fna.gz ./GCF_010731755.1_genomic.fna.gz
M.monacense,GCF_010731575.1,85693,85693,Mycolicibacterium monacense,strain=JCM 15658,PRJNA224116,SAMD00153199,Complete Genome,6042466.0,1.0,x__Bacteria;x__Bacillati;p__Actinomycetota;c__Actinomycetes;o__Mycobacteriales;f__Mycobacteriaceae;g__Mycolicibacterium;s__Mycolicibacterium monacense,rsync -t -v rsync://ftp.ncbi.nlm.nih.gov/genomes/all/GCF/010/731/575/GCF_010731575.1_ASM1073157v1/GCF_010731575.1_ASM1073157v1_genomic.fna.gz ./GCF_010731575.1_genomic.fna.gz
M.montefiorense,GCF_025823255.1,154654,154654,Mycobacterium montefiorense,strain=DSM 44602,PRJNA224116,SAMN15568917,Scaffold,5632745.0,18.0,x__Bacteria;x__Bacillati;p__Actinomycetota;c__Actinomycetes;o__Mycobacteriales;f__Mycobacteriaceae;g__Mycobacterium;x__Mycobacterium simiae complex;s__Mycobacterium montefiorense,rsync -t -v rsync://ftp.ncbi.nlm.nih.gov/genomes/all/GCF/025/823/255/GCF_025823255.1_ASM2582325v1/GCF_025823255.1_ASM2582325v1_genomic.fna.gz ./GCF_025823255.1_genomic.fna.gz
M.moriokaense,GCF_010726085.1,39691,39691,Mycolicibacterium moriokaense,strain=JCM 6375,PRJNA224116,SAMD00153165,Complete Genome,6225779.0,1.0,x__Bacteria;x__Bacillati;p__Actinomycetota;c__Actinomycetes;o__Mycobacteriales;f__Mycobacteriaceae;g__Mycolicibacterium;s__Mycolicibacterium moriokaense,rsync -t -v rsync://ftp.ncbi.nlm.nih.gov/genomes/all/GCF/010/726/085/GCF_010726085.1_ASM1072608v1/GCF_010726085.1_ASM1072608v1_genomic.fna.gz ./GCF_010726085.1_genomic.fna.gz
M.mucogenicum,GCF_005670685.2,56689,1226753,Mycolicibacterium mucogenicum DSM 44124,strain=DSM 44124,PRJNA224116,SAMN08339096,Complete Genome,6099273.0,1.0,x__Bacteria;x__Bacillati;p__Actinomycetota;c__Actinomycetes;o__Mycobacteriales;f__Mycobacteriaceae;g__Mycolicibacterium;s__Mycolicibacterium mucogenicum;x__Mycolicibacterium mucogenicum DSM 44124,rsync -t -v rsync://ftp.ncbi.nlm.nih.gov/genomes/all/GCF/005/670/685/GCF_005670685.2_ASM567068v2/GCF_005670685.2_ASM567068v2_genomic.fna.gz ./GCF_005670685.2_genomic.fna.gz
M.murale,GCF_010722995.1,182220,182220,Mycolicibacterium murale,strain=JCM 13392,PRJNA224116,SAMD00153185,Contig,6838280.0,4.0,x__Bacteria;x__Bacillati;p__Actinomycetota;c__Actinomycetes;o__Mycobacteriales;f__Mycobacteriaceae;g__Mycolicibacterium;s__Mycolicibacterium murale,rsync -t -v rsync://ftp.ncbi.nlm.nih.gov/genomes/all/GCF/010/722/995/GCF_010722995.1_ASM1072299v1/GCF_010722995.1_ASM1072299v1_genomic.fna.gz ./GCF_010722995.1_genomic.fna.gz
M.nativiensis,GCF_020172685.2,2855503,2855503,[Mycobacterium] nativiensis,strain=MYC340,PRJNA224116,SAMN20062778,Contig,5659336.0,205.0,x__Bacteria;x__Bacillati;p__Actinomycetota;c__Actinomycetes;o__Mycobacteriales;f__Mycobacteriaceae;g__Mycolicibacter;s__[Mycobacterium] nativiensis,rsync -t -v rsync://ftp.ncbi.nlm.nih.gov/genomes/all/GCF/020/172/685/GCF_020172685.2_ASM2017268v2/GCF_020172685.2_ASM2017268v2_genomic.fna.gz ./GCF_020172685.2_genomic.fna.gz
M.nebraskense,GCF_002102255.1,244292,244292,Mycobacterium nebraskense,strain=DSM 44803,PRJNA224116,SAMN04216938,Contig,6727177.0,189.0,x__Bacteria;x__Bacillati;p__Actinomycetota;c__Actinomycetes;o__Mycobacteriales;f__Mycobacteriaceae;g__Mycobacterium;s__Mycobacterium nebraskense,rsync -t -v rsync://ftp.ncbi.nlm.nih.gov/genomes/all/GCF/002/102/255/GCF_002102255.1_ASM210225v1/GCF_002102255.1_ASM210225v1_genomic.fna.gz ./GCF_002102255.1_genomic.fna.gz
M.neglectum,GCF_002591975.1,242737,242737,Mycobacterium neglectum,strain=CECT 8778,PRJNA224116,SAMN07606483,Contig,6209311.0,123.0,x__Bacteria;x__Bacillati;p__Actinomycetota;c__Actinomycetes;o__Mycobacteriales;f__Mycobacteriaceae;g__Mycobacterium;s__Mycobacterium neglectum,rsync -t -v rsync://ftp.ncbi.nlm.nih.gov/genomes/all/GCF/002/591/975/GCF_002591975.1_ASM259197v1/GCF_002591975.1_ASM259197v1_genomic.fna.gz ./GCF_002591975.1_genomic.fna.gz
M.neoaurum,GCF_000317305.3,1795,700508,Mycolicibacterium neoaurum VKM Ac-1815D,strain=VKM Ac-1815D,PRJNA224116,SAMN02641502,Complete Genome,5421267.0,1.0,x__Bacteria;x__Bacillati;p__Actinomycetota;c__Actinomycetes;o__Mycobacteriales;f__Mycobacteriaceae;g__Mycolicibacterium;s__Mycolicibacterium neoaurum;x__Mycolicibacterium neoaurum VKM Ac-1815D,rsync -t -v rsync://ftp.ncbi.nlm.nih.gov/genomes/all/GCF/000/317/305/GCF_000317305.3_ASM31730v3/GCF_000317305.3_ASM31730v3_genomic.fna.gz ./GCF_000317305.3_genomic.fna.gz
M.neumannii,GCF_002245615.1,2048551,2048551,Mycobacterium neumannii,strain=CECT 8766,PRJNA224116,SAMN07269033,Scaffold,5376391.0,58.0,x__Bacteria;x__Bacillati;p__Actinomycetota;c__Actinomycetes;o__Mycobacteriales;f__Mycobacteriaceae;g__Mycobacterium;s__Mycobacterium neumannii,rsync -t -v rsync://ftp.ncbi.nlm.nih.gov/genomes/all/GCF/002/245/615/GCF_002245615.1_ASM224561v1/GCF_002245615.1_ASM224561v1_genomic.fna.gz ./GCF_002245615.1_genomic.fna.gz
M.neworleansense,GCF_001245615.1,146018,146018,Mycolicibacterium neworleansense,strain=ATCC 49404T,PRJNA224116,SAMEA3481574,Contig,6287317.0,9.0,x__Bacteria;x__Bacillati;p__Actinomycetota;c__Actinomycetes;o__Mycobacteriales;f__Mycobacteriaceae;g__Mycolicibacterium;s__Mycolicibacterium neworleansense,rsync -t -v rsync://ftp.ncbi.nlm.nih.gov/genomes/all/GCF/001/245/615/GCF_001245615.1_Mycobacterium_neworleansense_assembly_1/GCF_001245615.1_Mycobacterium_neworleansense_assembly_1_genomic.fna.gz ./GCF_001245615.1_genomic.fna.gz
M.nivoides,GCF_003855255.1,2487344,2487344,Mycolicibacterium nivoides,strain=DL90,PRJNA224116,SAMN10393184,Chromosome,6905961.0,1.0,x__Bacteria;x__Bacillati;p__Actinomycetota;c__Actinomycetes;o__Mycobacteriales;f__Mycobacteriaceae;g__Mycolicibacterium;s__Mycolicibacterium nivoides,rsync -t -v rsync://ftp.ncbi.nlm.nih.gov/genomes/all/GCF/003/855/255/GCF_003855255.1_ASM385525v1/GCF_003855255.1_ASM385525v1_genomic.fna.gz ./GCF_003855255.1_genomic.fna.gz
M.nonchromogenicus,GCF_002101775.1,1782,1782,Mycolicibacter nonchromogenicus,strain=DSM 44164,PRJNA224116,SAMN04216939,Contig,4465329.0,91.0,x__Bacteria;x__Bacillati;p__Actinomycetota;c__Actinomycetes;o__Mycobacteriales;f__Mycobacteriaceae;g__Mycolicibacter;s__Mycolicibacter nonchromogenicus,rsync -t -v rsync://ftp.ncbi.nlm.nih.gov/genomes/all/GCF/002/101/775/GCF_002101775.1_ASM210177v1/GCF_002101775.1_ASM210177v1_genomic.fna.gz ./GCF_002101775.1_genomic.fna.gz
M.noviomagense,GCF_010731635.1,459858,459858,Mycobacterium noviomagense,strain=JCM 16367,PRJNA224116,SAMD00153203,Complete Genome,4779798.0,1.0,x__Bacteria;x__Bacillati;p__Actinomycetota;c__Actinomycetes;o__Mycobacteriales;f__Mycobacteriaceae;g__Mycobacterium;s__Mycobacterium noviomagense,rsync -t -v rsync://ftp.ncbi.nlm.nih.gov/genomes/all/GCF/010/731/635/GCF_010731635.1_ASM1073163v1/GCF_010731635.1_ASM1073163v1_genomic.fna.gz ./GCF_010731635.1_genomic.fna.gz
M.novocastrense,GCF_001499835.1,59813,59813,Mycolicibacterium novocastrense,strain=GA-2613,PRJNA224116,SAMN04339709,Contig,5702270.0,66.0,x__Bacteria;x__Bacillati;p__Actinomycetota;c__Actinomycetes;o__Mycobacteriales;f__Mycobacteriaceae;g__Mycolicibacterium;s__Mycolicibacterium novocastrense,rsync -t -v rsync://ftp.ncbi.nlm.nih.gov/genomes/all/GCF/001/499/835/GCF_001499835.1_ASM149983v1/GCF_001499835.1_ASM149983v1_genomic.fna.gz ./GCF_001499835.1_genomic.fna.gz
M.novum,GCF_010726505.1,2492438,2492438,Mycobacterium novum,strain=JCM 6391,PRJNA224116,SAMD00153168,Complete Genome,4458926.0,1.0,x__Bacteria;x__Bacillati;p__Actinomycetota;c__Actinomycetes;o__Mycobacteriales;f__Mycobacteriaceae;g__Mycobacterium;s__Mycobacterium novum,rsync -t -v rsync://ftp.ncbi.nlm.nih.gov/genomes/all/GCF/010/726/505/GCF_010726505.1_ASM1072650v1/GCF_010726505.1_ASM1072650v1_genomic.fna.gz ./GCF_010726505.1_genomic.fna.gz
M.numidiamassiliense,GCF_900157365.1,1841861,1841861,Mycobacterium numidiamassiliense,strain=AB215,PRJNA224116,SAMEA54001918,Contig,6248949.0,4.0,x__Bacteria;x__Bacillati;p__Actinomycetota;c__Actinomycetes;o__Mycobacteriales;f__Mycobacteriaceae;g__Mycobacterium;s__Mycobacterium numidiamassiliense,rsync -t -v rsync://ftp.ncbi.nlm.nih.gov/genomes/all/GCF/900/157/365/GCF_900157365.1_PRJEB19151/GCF_900157365.1_PRJEB19151_genomic.fna.gz ./GCF_900157365.1_genomic.fna.gz
M.obuense,GCF_004359005.1,1807,1807,Mycolicibacterium obuense,strain=22DIII,PRJNA224116,SAMN10799735,Scaffold,5599206.0,16.0,x__Bacteria;x__Bacillati;p__Actinomycetota;c__Actinomycetes;o__Mycobacteriales;f__Mycobacteriaceae;g__Mycolicibacterium;s__Mycolicibacterium obuense,rsync -t -v rsync://ftp.ncbi.nlm.nih.gov/genomes/all/GCF/004/359/005/GCF_004359005.1_ASM435900v1/GCF_004359005.1_ASM435900v1_genomic.fna.gz ./GCF_004359005.1_genomic.fna.gz
M.ostraviense,GCF_021183725.1,2738409,2738409,Mycobacterium ostraviense,strain=FDAARGOS_1613,PRJNA224116,SAMN23242882,Complete Genome,6127734.0,1.0,x__Bacteria;x__Bacillati;p__Actinomycetota;c__Actinomycetes;o__Mycobacteriales;f__Mycobacteriaceae;g__Mycobacterium;s__Mycobacterium ostraviense,rsync -t -v rsync://ftp.ncbi.nlm.nih.gov/genomes/all/GCF/021/183/725/GCF_021183725.1_ASM2118372v1/GCF_021183725.1_ASM2118372v1_genomic.fna.gz ./GCF_021183725.1_genomic.fna.gz
M.palauense,GCF_002592005.1,2034511,2034511,Mycolicibacterium palauense,strain=CECT 8779,PRJNA224116,SAMN07606484,Scaffold,6230283.0,210.0,x__Bacteria;x__Bacillati;p__Actinomycetota;c__Actinomycetes;o__Mycobacteriales;f__Mycobacteriaceae;g__Mycolicibacterium;s__Mycolicibacterium palauense,rsync -t -v rsync://ftp.ncbi.nlm.nih.gov/genomes/all/GCF/002/592/005/GCF_002592005.1_ASM259200v1/GCF_002592005.1_ASM259200v1_genomic.fna.gz ./GCF_002592005.1_genomic.fna.gz
M.pallens,GCF_019456675.1,370524,370524,Mycolicibacterium pallens,strain=JCM 16370,PRJNA224116,SAMN20254255,Complete Genome,6093551.0,3.0,x__Bacteria;x__Bacillati;p__Actinomycetota;c__Actinomycetes;o__Mycobacteriales;f__Mycobacteriaceae;g__Mycolicibacterium;s__Mycolicibacterium pallens,rsync -t -v rsync://ftp.ncbi.nlm.nih.gov/genomes/all/GCF/019/456/675/GCF_019456675.1_ASM1945667v1/GCF_019456675.1_ASM1945667v1_genomic.fna.gz ./GCF_019456675.1_genomic.fna.gz
M.palustre,GCF_002101785.1,153971,153971,Mycobacterium palustre,strain=DSM 44572,PRJNA224116,SAMN04216940,Contig,6037522.0,158.0,x__Bacteria;x__Bacillati;p__Actinomycetota;c__Actinomycetes;o__Mycobacteriales;f__Mycobacteriaceae;g__Mycobacterium;x__Mycobacterium simiae complex;s__Mycobacterium palustre,rsync -t -v rsync://ftp.ncbi.nlm.nih.gov/genomes/all/GCF/002/101/785/GCF_002101785.1_ASM210178v1/GCF_002101785.1_ASM210178v1_genomic.fna.gz ./GCF_002101785.1_genomic.fna.gz
M.paraense,GCF_002101815.1,767916,767916,Mycobacterium paraense,strain=IEC26,PRJNA224116,SAMN04216942,Contig,5619528.0,51.0,x__Bacteria;x__Bacillati;p__Actinomycetota;c__Actinomycetes;o__Mycobacteriales;f__Mycobacteriaceae;g__Mycobacterium;x__Mycobacterium simiae complex;s__Mycobacterium paraense,rsync -t -v rsync://ftp.ncbi.nlm.nih.gov/genomes/all/GCF/002/101/815/GCF_002101815.1_ASM210181v1/GCF_002101815.1_ASM210181v1_genomic.fna.gz ./GCF_002101815.1_genomic.fna.gz
M.paraffinicum,GCF_025822865.1,53378,53378,Mycobacterium paraffinicum,strain=DSM 44181,PRJNA224116,SAMN15568937,Contig,5402488.0,44.0,x__Bacteria;x__Bacillati;p__Actinomycetota;c__Actinomycetes;o__Mycobacteriales;f__Mycobacteriaceae;g__Mycobacterium;s__Mycobacterium paraffinicum,rsync -t -v rsync://ftp.ncbi.nlm.nih.gov/genomes/all/GCF/025/822/865/GCF_025822865.1_ASM2582286v1/GCF_025822865.1_ASM2582286v1_genomic.fna.gz ./GCF_025822865.1_genomic.fna.gz
M.parafortuitum,GCF_010725485.1,39692,39692,Mycolicibacterium parafortuitum,strain=JCM 6367,PRJNA224116,SAMD00153162,Complete Genome,6044196.0,1.0,x__Bacteria;x__Bacillati;p__Actinomycetota;c__Actinomycetes;o__Mycobacteriales;f__Mycobacteriaceae;g__Mycolicibacterium;s__Mycolicibacterium parafortuitum,rsync -t -v rsync://ftp.ncbi.nlm.nih.gov/genomes/all/GCF/010/725/485/GCF_010725485.1_ASM1072548v1/GCF_010725485.1_ASM1072548v1_genomic.fna.gz ./GCF_010725485.1_genomic.fna.gz
M.paragordonae,GCF_003614435.1,1389713,1389713,Mycobacterium paragordonae,strain=49061,PRJNA224116,SAMN08222636,Complete Genome,7224251.0,5.0,x__Bacteria;x__Bacillati;p__Actinomycetota;c__Actinomycetes;o__Mycobacteriales;f__Mycobacteriaceae;g__Mycobacterium;s__Mycobacterium paragordonae,rsync -t -v rsync://ftp.ncbi.nlm.nih.gov/genomes/all/GCF/003/614/435/GCF_003614435.1_ASM361443v1/GCF_003614435.1_ASM361443v1_genomic.fna.gz ./GCF_003614435.1_genomic.fna.gz
M.paraintracellulare,GCF_000276825.1,1138383,1138383,Mycobacterium paraintracellulare,strain=MOTT64,PRJNA224116,SAMN02603185,Complete Genome,5501090.0,1.0,x__Bacteria;x__Bacillati;p__Actinomycetota;c__Actinomycetes;o__Mycobacteriales;f__Mycobacteriaceae;g__Mycobacterium;x__Mycobacterium avium complex (MAC);s__Mycobacterium paraintracellulare,rsync -t -v rsync://ftp.ncbi.nlm.nih.gov/genomes/all/GCF/000/276/825/GCF_000276825.1_ASM27682v1/GCF_000276825.1_ASM27682v1_genomic.fna.gz ./GCF_000276825.1_genomic.fna.gz
M.parakoreensis,GCF_022370835.2,1069221,1069221,Mycolicibacillus parakoreensis,strain=DSM 45575,PRJNA224116,SAMN20254257,Complete Genome,3936223.0,2.0,x__Bacteria;x__Bacillati;p__Actinomycetota;c__Actinomycetes;o__Mycobacteriales;f__Mycobacteriaceae;g__Mycolicibacillus;s__Mycolicibacillus parakoreensis,rsync -t -v rsync://ftp.ncbi.nlm.nih.gov/genomes/all/GCF/022/370/835/GCF_022370835.2_ASM2237083v2/GCF_022370835.2_ASM2237083v2_genomic.fna.gz ./GCF_022370835.2_genomic.fna.gz
M.parascrofulaceum,GCF_000164135.1,240125,525368,Mycobacterium parascrofulaceum ATCC BAA-614,strain=ATCC BAA-614,PRJNA224116,SAMN00189881,Scaffold,6564171.0,405.0,x__Bacteria;x__Bacillati;p__Actinomycetota;c__Actinomycetes;o__Mycobacteriales;f__Mycobacteriaceae;g__Mycobacterium;x__Mycobacterium simiae complex;s__Mycobacterium parascrofulaceum;x__Mycobacterium parascrofulaceum ATCC BAA-614,rsync -t -v rsync://ftp.ncbi.nlm.nih.gov/genomes/all/GCF/000/164/135/GCF_000164135.1_ASM16413v1/GCF_000164135.1_ASM16413v1_genomic.fna.gz ./GCF_000164135.1_genomic.fna.gz
M.paraseoulense,GCF_010731655.1,590652,590652,Mycobacterium paraseoulense,strain=JCM 16952,PRJNA224116,SAMD00153204,Complete Genome,6085955.0,1.0,x__Bacteria;x__Bacillati;p__Actinomycetota;c__Actinomycetes;o__Mycobacteriales;f__Mycobacteriaceae;g__Mycobacterium;s__Mycobacterium paraseoulense,rsync -t -v rsync://ftp.ncbi.nlm.nih.gov/genomes/all/GCF/010/731/655/GCF_010731655.1_ASM1073165v1/GCF_010731655.1_ASM1073165v1_genomic.fna.gz ./GCF_010731655.1_genomic.fna.gz
M.paraterrae,GCF_022430545.2,577492,577492,Mycobacterium paraterrae,strain=DSM 45127,PRJNA224116,SAMN20254271,Complete Genome,5522624.0,1.0,x__Bacteria;x__Bacillati;p__Actinomycetota;c__Actinomycetes;o__Mycobacteriales;f__Mycobacteriaceae;g__Mycobacterium;s__Mycobacterium paraterrae,rsync -t -v rsync://ftp.ncbi.nlm.nih.gov/genomes/all/GCF/022/430/545/GCF_022430545.2_ASM2243054v2/GCF_022430545.2_ASM2243054v2_genomic.fna.gz ./GCF_022430545.2_genomic.fna.gz
M.parmense,GCF_010730575.1,185642,185642,Mycobacterium parmense,strain=JCM 14742,PRJNA224116,SAMD00153193,Complete Genome,5952912.0,1.0,x__Bacteria;x__Bacillati;p__Actinomycetota;c__Actinomycetes;o__Mycobacteriales;f__Mycobacteriaceae;g__Mycobacterium;x__Mycobacterium simiae complex;s__Mycobacterium parmense,rsync -t -v rsync://ftp.ncbi.nlm.nih.gov/genomes/all/GCF/010/730/575/GCF_010730575.1_ASM1073057v1/GCF_010730575.1_ASM1073057v1_genomic.fna.gz ./GCF_010730575.1_genomic.fna.gz
M.peregrinum,GCF_002102345.1,43304,43304,Mycolicibacterium peregrinum,strain=DSM 43271,PRJNA224116,SAMN04216946,Contig,7050152.0,78.0,x__Bacteria;x__Bacillati;p__Actinomycetota;c__Actinomycetes;o__Mycobacteriales;f__Mycobacteriaceae;g__Mycolicibacterium;s__Mycolicibacterium peregrinum,rsync -t -v rsync://ftp.ncbi.nlm.nih.gov/genomes/all/GCF/002/102/345/GCF_002102345.1_ASM210234v1/GCF_002102345.1_ASM210234v1_genomic.fna.gz ./GCF_002102345.1_genomic.fna.gz
M.persicum,GCF_002086915.1,1487726,1487726,Mycobacterium persicum,strain=12MK,PRJNA224116,SAMN06368474,Scaffold,6347217.0,30.0,x__Bacteria;x__Bacillati;p__Actinomycetota;c__Actinomycetes;o__Mycobacteriales;f__Mycobacteriaceae;g__Mycobacterium;s__Mycobacterium persicum,rsync -t -v rsync://ftp.ncbi.nlm.nih.gov/genomes/all/GCF/002/086/915/GCF_002086915.1_ASM208691v1/GCF_002086915.1_ASM208691v1_genomic.fna.gz ./GCF_002086915.1_genomic.fna.gz
M.phlei,GCF_900453675.1,1771,1771,Mycolicibacterium phlei,strain=NCTC8156,PRJNA224116,SAMEA37370668,Contig,5313907.0,2.0,x__Bacteria;x__Bacillati;p__Actinomycetota;c__Actinomycetes;o__Mycobacteriales;f__Mycobacteriaceae;g__Mycolicibacterium;s__Mycolicibacterium phlei,rsync -t -v rsync://ftp.ncbi.nlm.nih.gov/genomes/all/GCF/900/453/675/GCF_900453675.1_52601_G01/GCF_900453675.1_52601_G01_genomic.fna.gz ./GCF_900453675.1_genomic.fna.gz
M.phocaicum,GCF_010731115.1,319706,319706,Mycolicibacterium phocaicum,strain=JCM 15301,PRJNA224116,SAMD00153196,Complete Genome,5853197.0,1.0,x__Bacteria;x__Bacillati;p__Actinomycetota;c__Actinomycetes;o__Mycobacteriales;f__Mycobacteriaceae;g__Mycolicibacterium;s__Mycolicibacterium phocaicum,rsync -t -v rsync://ftp.ncbi.nlm.nih.gov/genomes/all/GCF/010/731/115/GCF_010731115.1_ASM1073111v1/GCF_010731115.1_ASM1073111v1_genomic.fna.gz ./GCF_010731115.1_genomic.fna.gz
M.pinniadriaticum,GCF_026242035.1,2994102,2994102,Mycobacterium pinniadriaticum,strain=CVI_P3,PRJNA224116,SAMN31656079,Contig,6879965.0,143.0,x__Bacteria;x__Bacillati;p__Actinomycetota;c__Actinomycetes;o__Mycobacteriales;f__Mycobacteriaceae;g__Mycobacterium;s__Mycobacterium pinniadriaticum,rsync -t -v rsync://ftp.ncbi.nlm.nih.gov/genomes/all/GCF/026/242/035/GCF_026242035.1_ASM2624203v1/GCF_026242035.1_ASM2624203v1_genomic.fna.gz ./GCF_026242035.1_genomic.fna.gz
M.porcinum,GCF_900289185.1,39693,39693,Mycolicibacterium porcinum,strain=CSUR P1564,PRJNA224116,SAMEA104585265,Contig,6977991.0,5.0,x__Bacteria;x__Bacillati;p__Actinomycetota;c__Actinomycetes;o__Mycobacteriales;f__Mycobacteriaceae;g__Mycolicibacterium;s__Mycolicibacterium porcinum,rsync -t -v rsync://ftp.ncbi.nlm.nih.gov/genomes/all/GCF/900/289/185/GCF_900289185.1_PRJEB24917/GCF_900289185.1_PRJEB24917_genomic.fna.gz ./GCF_900289185.1_genomic.fna.gz
M.poriferae,GCF_010728325.1,39694,39694,Mycolicibacterium poriferae,strain=JCM 12603,PRJNA224116,SAMD00153179,Complete Genome,5929171.0,2.0,x__Bacteria;x__Bacillati;p__Actinomycetota;c__Actinomycetes;o__Mycobacteriales;f__Mycobacteriaceae;g__Mycolicibacterium;s__Mycolicibacterium poriferae,rsync -t -v rsync://ftp.ncbi.nlm.nih.gov/genomes/all/GCF/010/728/325/GCF_010728325.1_ASM1072832v1/GCF_010728325.1_ASM1072832v1_genomic.fna.gz ./GCF_010728325.1_genomic.fna.gz
M.pseudokansasii,GCF_900566075.1,2341080,2341080,Mycobacterium pseudokansasii,strain=MK142,PRJNA224116,SAMEA4938324,Contig,6425786.0,2.0,x__Bacteria;x__Bacillati;p__Actinomycetota;c__Actinomycetes;o__Mycobacteriales;f__Mycobacteriaceae;g__Mycobacterium;s__Mycobacterium pseudokansasii,rsync -t -v rsync://ftp.ncbi.nlm.nih.gov/genomes/all/GCF/900/566/075/GCF_900566075.1_MK142/GCF_900566075.1_MK142_genomic.fna.gz ./GCF_900566075.1_genomic.fna.gz
M.pseudoshottsii,GCF_003584745.1,265949,1136880,Mycobacterium pseudoshottsii JCM 15466,strain=JCM 15466,PRJNA224116,SAMD00096819,Complete Genome,6061597.0,1.0,x__Bacteria;x__Bacillati;p__Actinomycetota;c__Actinomycetes;o__Mycobacteriales;f__Mycobacteriaceae;g__Mycobacterium;x__Mycobacterium ulcerans group;s__Mycobacterium pseudoshottsii;x__Mycobacterium pseudoshottsii JCM 15466,rsync -t -v rsync://ftp.ncbi.nlm.nih.gov/genomes/all/GCF/003/584/745/GCF_003584745.1_ASM358474v1/GCF_003584745.1_ASM358474v1_genomic.fna.gz ./GCF_003584745.1_genomic.fna.gz
M.psychrotolerans,GCF_010729305.1,216929,216929,Mycolicibacterium psychrotolerans,strain=JCM 13323,PRJNA224116,SAMD00153184,Complete Genome,5732362.0,1.0,x__Bacteria;x__Bacillati;p__Actinomycetota;c__Actinomycetes;o__Mycobacteriales;f__Mycobacteriaceae;g__Mycolicibacterium;s__Mycolicibacterium psychrotolerans,rsync -t -v rsync://ftp.ncbi.nlm.nih.gov/genomes/all/GCF/010/729/305/GCF_010729305.1_ASM1072930v1/GCF_010729305.1_ASM1072930v1_genomic.fna.gz ./GCF_010729305.1_genomic.fna.gz
M.pulveris,GCF_010725725.1,36813,36813,Mycolicibacterium pulveris,strain=JCM 6370,PRJNA224116,SAMD00153163,Complete Genome,5484749.0,1.0,x__Bacteria;x__Bacillati;p__Actinomycetota;c__Actinomycetes;o__Mycobacteriales;f__Mycobacteriaceae;g__Mycolicibacterium;s__Mycolicibacterium pulveris,rsync -t -v rsync://ftp.ncbi.nlm.nih.gov/genomes/all/GCF/010/725/725/GCF_010725725.1_ASM1072572v1/GCF_010725725.1_ASM1072572v1_genomic.fna.gz ./GCF_010725725.1_genomic.fna.gz
M.pyrenivorans,GCF_025821625.1,187102,187102,Mycolicibacterium pyrenivorans,strain=DSM 44605,PRJNA224116,SAMN15568999,Scaffold,6688400.0,304.0,x__Bacteria;x__Bacillati;p__Actinomycetota;c__Actinomycetes;o__Mycobacteriales;f__Mycobacteriaceae;g__Mycolicibacterium;s__Mycolicibacterium pyrenivorans,rsync -t -v rsync://ftp.ncbi.nlm.nih.gov/genomes/all/GCF/025/821/625/GCF_025821625.1_ASM2582162v1/GCF_025821625.1_ASM2582162v1_genomic.fna.gz ./GCF_025821625.1_genomic.fna.gz
M.rhizamassiliense,GCF_900157375.1,1841860,1841860,Mycobacterium rhizamassiliense,strain=AB57,PRJNA224116,SAMEA54078418,Scaffold,6015470.0,6.0,x__Bacteria;x__Bacillati;p__Actinomycetota;c__Actinomycetes;o__Mycobacteriales;f__Mycobacteriaceae;g__Mycobacterium;s__Mycobacterium rhizamassiliense,rsync -t -v rsync://ftp.ncbi.nlm.nih.gov/genomes/all/GCF/900/157/375/GCF_900157375.1_PRJEB19165/GCF_900157375.1_PRJEB19165_genomic.fna.gz ./GCF_900157375.1_genomic.fna.gz
M.rhodesiae,GCF_002086695.1,36814,36814,Mycolicibacterium rhodesiae,strain=DSM 44223,PRJNA224116,SAMN06064257,Contig,6009003.0,52.0,x__Bacteria;x__Bacillati;p__Actinomycetota;c__Actinomycetes;o__Mycobacteriales;f__Mycobacteriaceae;g__Mycolicibacterium;s__Mycolicibacterium rhodesiae,rsync -t -v rsync://ftp.ncbi.nlm.nih.gov/genomes/all/GCF/002/086/695/GCF_002086695.1_ASM208669v1/GCF_002086695.1_ASM208669v1_genomic.fna.gz ./GCF_002086695.1_genomic.fna.gz
M.riyadhense,GCF_963853645.1,486698,486698,Mycobacterium riyadhense,strain=DSM 45176,PRJNA224116,SAMEA114857888,Complete Genome,6635210.0,3.0,x__Bacteria;x__Bacillati;p__Actinomycetota;c__Actinomycetes;o__Mycobacteriales;f__Mycobacteriaceae;g__Mycobacterium;s__Mycobacterium riyadhense,rsync -t -v rsync://ftp.ncbi.nlm.nih.gov/genomes/all/GCF/963/853/645/GCF_963853645.1_MriyDSM45176v1/GCF_963853645.1_MriyDSM45176v1_genomic.fna.gz ./GCF_963853645.1_genomic.fna.gz
M.rufum,GCF_022374875.2,318424,318424,Mycolicibacterium rufum,strain=JCM 16372,PRJNA224116,SAMN20254267,Complete Genome,6107383.0,3.0,x__Bacteria;x__Bacillati;p__Actinomycetota;c__Actinomycetes;o__Mycobacteriales;f__Mycobacteriaceae;g__Mycolicibacterium;s__Mycolicibacterium rufum,rsync -t -v rsync://ftp.ncbi.nlm.nih.gov/genomes/all/GCF/022/374/875/GCF_022374875.2_ASM2237487v3/GCF_022374875.2_ASM2237487v3_genomic.fna.gz ./GCF_022374875.2_genomic.fna.gz
M.rutilum,GCF_900108565.1,370526,370526,Mycolicibacterium rutilum,strain=DSM 45405,PRJNA224116,SAMN04489835,Chromosome,5987931.0,1.0,x__Bacteria;x__Bacillati;p__Actinomycetota;c__Actinomycetes;o__Mycobacteriales;f__Mycobacteriaceae;g__Mycolicibacterium;s__Mycolicibacterium rutilum,rsync -t -v rsync://ftp.ncbi.nlm.nih.gov/genomes/all/GCF/900/108/565/GCF_900108565.1_IMG-taxon_2636415969_annotated_assembly/GCF_900108565.1_IMG-taxon_2636415969_annotated_assembly_genomic.fna.gz ./GCF_900108565.1_genomic.fna.gz
M.salmoniphilum,GCF_004924335.1,404941,404941,Mycobacteroides salmoniphilum,strain=DSM 43276,PRJNA224116,SAMN07807803,Complete Genome,4776697.0,1.0,x__Bacteria;x__Bacillati;p__Actinomycetota;c__Actinomycetes;o__Mycobacteriales;f__Mycobacteriaceae;g__Mycobacteroides;s__Mycobacteroides salmoniphilum,rsync -t -v rsync://ftp.ncbi.nlm.nih.gov/genomes/all/GCF/004/924/335/GCF_004924335.1_ASM492433v1/GCF_004924335.1_ASM492433v1_genomic.fna.gz ./GCF_004924335.1_genomic.fna.gz
M.saopaulense,GCF_001456355.1,1578165,1578165,Mycobacteroides saopaulense,strain=EPM10906,PRJNA224116,SAMN03225541,Complete Genome,4649175.0,1.0,x__Bacteria;x__Bacillati;p__Actinomycetota;c__Actinomycetes;o__Mycobacteriales;f__Mycobacteriaceae;g__Mycobacteroides;s__Mycobacteroides saopaulense,rsync -t -v rsync://ftp.ncbi.nlm.nih.gov/genomes/all/GCF/001/456/355/GCF_001456355.1_ASM145635v1/GCF_001456355.1_ASM145635v1_genomic.fna.gz ./GCF_001456355.1_genomic.fna.gz
M.sarraceniae,GCF_010731875.1,1534348,1534348,Mycolicibacterium sarraceniae,strain=JCM 30395,PRJNA224116,SAMD00153217,Complete Genome,4828255.0,1.0,x__Bacteria;x__Bacillati;p__Actinomycetota;c__Actinomycetes;o__Mycobacteriales;f__Mycobacteriaceae;g__Mycolicibacterium;s__Mycolicibacterium sarraceniae,rsync -t -v rsync://ftp.ncbi.nlm.nih.gov/genomes/all/GCF/010/731/875/GCF_010731875.1_ASM1073187v1/GCF_010731875.1_ASM1073187v1_genomic.fna.gz ./GCF_010731875.1_genomic.fna.gz
M.saskatchewanense,GCF_010729105.1,220927,220927,Mycobacterium saskatchewanense,strain=JCM 13016,PRJNA224116,SAMD00153183,Complete Genome,6008916.0,1.0,x__Bacteria;x__Bacillati;p__Actinomycetota;c__Actinomycetes;o__Mycobacteriales;f__Mycobacteriaceae;g__Mycobacterium;x__Mycobacterium simiae complex;s__Mycobacterium saskatchewanense,rsync -t -v rsync://ftp.ncbi.nlm.nih.gov/genomes/all/GCF/010/729/105/GCF_010729105.1_ASM1072910v1/GCF_010729105.1_ASM1072910v1_genomic.fna.gz ./GCF_010729105.1_genomic.fna.gz
M.scrofulaceum,GCF_002086735.1,1783,1783,Mycobacterium scrofulaceum,strain=DSM 43992,PRJNA224116,SAMN06064259,Contig,6170273.0,184.0,x__Bacteria;x__Bacillati;p__Actinomycetota;c__Actinomycetes;o__Mycobacteriales;f__Mycobacteriaceae;g__Mycobacterium;s__Mycobacterium scrofulaceum,rsync -t -v rsync://ftp.ncbi.nlm.nih.gov/genomes/all/GCF/002/086/735/GCF_002086735.1_ASM208673v1/GCF_002086735.1_ASM208673v1_genomic.fna.gz ./GCF_002086735.1_genomic.fna.gz
M.sediminis,GCF_010731735.1,1286180,1286180,Mycolicibacterium sediminis,strain=JCM 17899,PRJNA224116,SAMD00153209,Complete Genome,6250641.0,1.0,x__Bacteria;x__Bacillati;p__Actinomycetota;c__Actinomycetes;o__Mycobacteriales;f__Mycobacteriaceae;g__Mycolicibacterium;s__Mycolicibacterium sediminis,rsync -t -v rsync://ftp.ncbi.nlm.nih.gov/genomes/all/GCF/010/731/735/GCF_010731735.1_ASM1073173v1/GCF_010731735.1_ASM1073173v1_genomic.fna.gz ./GCF_010731735.1_genomic.fna.gz
M.senegalense,GCF_019645875.1,1796,1796,Mycolicibacterium senegalense,strain=ATCC 35796,PRJNA224116,SAMN20254268,Complete Genome,6086722.0,1.0,x__Bacteria;x__Bacillati;p__Actinomycetota;c__Actinomycetes;o__Mycobacteriales;f__Mycobacteriaceae;g__Mycolicibacterium;s__Mycolicibacterium senegalense,rsync -t -v rsync://ftp.ncbi.nlm.nih.gov/genomes/all/GCF/019/645/875/GCF_019645875.1_ASM1964587v1/GCF_019645875.1_ASM1964587v1_genomic.fna.gz ./GCF_019645875.1_genomic.fna.gz
M.senriense,GCF_019668465.1,2775496,2775496,Mycobacterium senriense,strain=TY59,PRJNA224116,SAMD00250051,Chromosome,5831451.0,3.0,x__Bacteria;x__Bacillati;p__Actinomycetota;c__Actinomycetes;o__Mycobacteriales;f__Mycobacteriaceae;g__Mycobacterium;x__Mycobacterium avium complex (MAC);s__Mycobacterium senriense,rsync -t -v rsync://ftp.ncbi.nlm.nih.gov/genomes/all/GCF/019/668/465/GCF_019668465.1_ASM1966846v1/GCF_019668465.1_ASM1966846v1_genomic.fna.gz ./GCF_019668465.1_genomic.fna.gz
M.senuensis,GCF_010723225.1,386913,386913,Mycolicibacter senuensis,strain=JCM 16017,PRJNA224116,SAMD00153200,Contig,4611963.0,3.0,x__Bacteria;x__Bacillati;p__Actinomycetota;c__Actinomycetes;o__Mycobacteriales;f__Mycobacteriaceae;g__Mycolicibacter;s__Mycolicibacter senuensis,rsync -t -v rsync://ftp.ncbi.nlm.nih.gov/genomes/all/GCF/010/723/225/GCF_010723225.1_ASM1072322v1/GCF_010723225.1_ASM1072322v1_genomic.fna.gz ./GCF_010723225.1_genomic.fna.gz
M.seoulense,GCF_010731595.1,386911,386911,Mycobacterium seoulense,strain=JCM 16018,PRJNA224116,SAMD00153201,Complete Genome,5531300.0,1.0,x__Bacteria;x__Bacillati;p__Actinomycetota;c__Actinomycetes;o__Mycobacteriales;f__Mycobacteriaceae;g__Mycobacterium;s__Mycobacterium seoulense,rsync -t -v rsync://ftp.ncbi.nlm.nih.gov/genomes/all/GCF/010/731/595/GCF_010731595.1_ASM1073159v1/GCF_010731595.1_ASM1073159v1_genomic.fna.gz ./GCF_010731595.1_genomic.fna.gz
M.septicum,GCF_016919345.1,98668,98668,Mycolicibacterium septicum,strain=PDNC012,PRJNA224116,SAMN17844879,Chromosome,6515693.0,1.0,x__Bacteria;x__Bacillati;p__Actinomycetota;c__Actinomycetes;o__Mycobacteriales;f__Mycobacteriaceae;g__Mycolicibacterium;s__Mycolicibacterium septicum,rsync -t -v rsync://ftp.ncbi.nlm.nih.gov/genomes/all/GCF/016/919/345/GCF_016919345.1_ASM1691934v1/GCF_016919345.1_ASM1691934v1_genomic.fna.gz ./GCF_016919345.1_genomic.fna.gz
M.servetii,GCF_041206865.1,3237418,3237418,Mycobacterium servetii,strain=12766410_HUMS,PRJNA224116,SAMN42741947,Contig,6416468.0,3.0,x__Bacteria;x__Bacillati;p__Actinomycetota;c__Actinomycetes;o__Mycobacteriales;f__Mycobacteriaceae;g__Mycobacterium;s__Mycobacterium servetii,rsync -t -v rsync://ftp.ncbi.nlm.nih.gov/genomes/all/GCF/041/206/865/GCF_041206865.1_ASM4120686v1/GCF_041206865.1_ASM4120686v1_genomic.fna.gz ./GCF_041206865.1_genomic.fna.gz
M.setense,GCF_000805375.1,431269,431269,Mycolicibacterium setense,strain=Manresensis,PRJNA224116,SAMN03203477,Contig,6065527.0,22.0,x__Bacteria;x__Bacillati;p__Actinomycetota;c__Actinomycetes;o__Mycobacteriales;f__Mycobacteriaceae;g__Mycolicibacterium;s__Mycolicibacterium setense,rsync -t -v rsync://ftp.ncbi.nlm.nih.gov/genomes/all/GCF/000/805/375/GCF_000805375.1_ASM80537v1/GCF_000805375.1_ASM80537v1_genomic.fna.gz ./GCF_000805375.1_genomic.fna.gz
M.sherrisii,GCF_002102355.1,243061,243061,Mycobacterium sherrisii,strain=ATCC BAA-832,PRJNA224116,SAMN04216950,Contig,5562166.0,128.0,x__Bacteria;x__Bacillati;p__Actinomycetota;c__Actinomycetes;o__Mycobacteriales;f__Mycobacteriaceae;g__Mycobacterium;x__Mycobacterium simiae complex;s__Mycobacterium sherrisii,rsync -t -v rsync://ftp.ncbi.nlm.nih.gov/genomes/all/GCF/002/102/355/GCF_002102355.1_ASM210235v1/GCF_002102355.1_ASM210235v1_genomic.fna.gz ./GCF_002102355.1_genomic.fna.gz
M.shigaense,GCF_002356315.1,722731,722731,Mycobacterium shigaense,strain=JCM 32072,PRJNA224116,SAMD00081394,Complete Genome,5232660.0,1.0,x__Bacteria;x__Bacillati;p__Actinomycetota;c__Actinomycetes;o__Mycobacteriales;f__Mycobacteriaceae;g__Mycobacterium;x__Mycobacterium simiae complex;s__Mycobacterium shigaense,rsync -t -v rsync://ftp.ncbi.nlm.nih.gov/genomes/all/GCF/002/356/315/GCF_002356315.1_ASM235631v1/GCF_002356315.1_ASM235631v1_genomic.fna.gz ./GCF_002356315.1_genomic.fna.gz
M.shimoidei,GCF_900417275.1,29313,29313,Mycobacterium shimoidei,strain=P7336,PRJNA224116,SAMEA4681384,Scaffold,4842631.0,6.0,x__Bacteria;x__Bacillati;p__Actinomycetota;c__Actinomycetes;o__Mycobacteriales;f__Mycobacteriaceae;g__Mycobacterium;s__Mycobacterium shimoidei,rsync -t -v rsync://ftp.ncbi.nlm.nih.gov/genomes/all/GCF/900/417/275/GCF_900417275.1_PRJEB26812/GCF_900417275.1_PRJEB26812_genomic.fna.gz ./GCF_900417275.1_genomic.fna.gz
M.shinjukuense,GCF_010730055.1,398694,398694,Mycobacterium shinjukuense,strain=JCM 14233,PRJNA224116,SAMD00153190,Complete Genome,4504020.0,1.0,x__Bacteria;x__Bacillati;p__Actinomycetota;c__Actinomycetes;o__Mycobacteriales;f__Mycobacteriaceae;g__Mycobacterium;s__Mycobacterium shinjukuense,rsync -t -v rsync://ftp.ncbi.nlm.nih.gov/genomes/all/GCF/010/730/055/GCF_010730055.1_ASM1073005v1/GCF_010730055.1_ASM1073005v1_genomic.fna.gz ./GCF_010730055.1_genomic.fna.gz
M.shottsii,GCF_010728525.1,133549,133549,Mycobacterium shottsii,strain=JCM 12657,PRJNA224116,SAMD00153180,Complete Genome,5973149.0,1.0,x__Bacteria;x__Bacillati;p__Actinomycetota;c__Actinomycetes;o__Mycobacteriales;f__Mycobacteriaceae;g__Mycobacterium;x__Mycobacterium ulcerans group;s__Mycobacterium shottsii,rsync -t -v rsync://ftp.ncbi.nlm.nih.gov/genomes/all/GCF/010/728/525/GCF_010728525.1_ASM1072852v1/GCF_010728525.1_ASM1072852v1_genomic.fna.gz ./GCF_010728525.1_genomic.fna.gz
M.simiae,GCF_010727605.1,1784,1784,Mycobacterium simiae,strain=JCM 12377,PRJNA224116,SAMD00153175,Complete Genome,5788994.0,1.0,x__Bacteria;x__Bacillati;p__Actinomycetota;c__Actinomycetes;o__Mycobacteriales;f__Mycobacteriaceae;g__Mycobacterium;x__Mycobacterium simiae complex;s__Mycobacterium simiae,rsync -t -v rsync://ftp.ncbi.nlm.nih.gov/genomes/all/GCF/010/727/605/GCF_010727605.1_ASM1072760v1/GCF_010727605.1_ASM1072760v1_genomic.fna.gz ./GCF_010727605.1_genomic.fna.gz
M.simulans,GCF_900232995.1,627089,627089,Mycobacterium simulans,strain=FI-09026,PRJNA224116,SAMEA104335938,Scaffold,6192024.0,105.0,x__Bacteria;x__Bacillati;p__Actinomycetota;c__Actinomycetes;o__Mycobacteriales;f__Mycobacteriaceae;g__Mycobacterium;s__Mycobacterium simulans,rsync -t -v rsync://ftp.ncbi.nlm.nih.gov/genomes/all/GCF/900/232/995/GCF_900232995.1_PRJEB22891/GCF_900232995.1_PRJEB22891_genomic.fna.gz ./GCF_900232995.1_genomic.fna.gz
M.sinensis,GCF_000214155.1,875328,875328,Mycolicibacter sinensis,strain=JDM601,PRJNA224116,SAMN02603865,Complete Genome,4643668.0,1.0,x__Bacteria;x__Bacillati;p__Actinomycetota;c__Actinomycetes;o__Mycobacteriales;f__Mycobacteriaceae;g__Mycolicibacter;s__Mycolicibacter sinensis,rsync -t -v rsync://ftp.ncbi.nlm.nih.gov/genomes/all/GCF/000/214/155/GCF_000214155.1_ASM21415v1/GCF_000214155.1_ASM21415v1_genomic.fna.gz ./GCF_000214155.1_genomic.fna.gz
M.smegmatis,GCF_022370415.1,1772,1772,Mycolicibacterium smegmatis,strain=Jucho,PRJNA224116,SAMN20346876,Complete Genome,6895172.0,1.0,x__Bacteria;x__Bacillati;p__Actinomycetota;c__Actinomycetes;o__Mycobacteriales;f__Mycobacteriaceae;g__Mycolicibacterium;s__Mycolicibacterium smegmatis,rsync -t -v rsync://ftp.ncbi.nlm.nih.gov/genomes/all/GCF/022/370/415/GCF_022370415.1_ASM2237041v1/GCF_022370415.1_ASM2237041v1_genomic.fna.gz ./GCF_022370415.1_genomic.fna.gz
M.sphagni,GCF_002250655.1,1786,1786,Mycolicibacterium sphagni,strain=ATCC 33027,PRJNA224116,SAMN07372526,Contig,6066978.0,78.0,x__Bacteria;x__Bacillati;p__Actinomycetota;c__Actinomycetes;o__Mycobacteriales;f__Mycobacteriaceae;g__Mycolicibacterium;s__Mycolicibacterium sphagni,rsync -t -v rsync://ftp.ncbi.nlm.nih.gov/genomes/all/GCF/002/250/655/GCF_002250655.1_ASM225065v1/GCF_002250655.1_ASM225065v1_genomic.fna.gz ./GCF_002250655.1_genomic.fna.gz
M.spongiae,GCF_018278905.1,886343,886343,Mycobacterium spongiae,strain=FSD4b-SM,PRJNA224116,SAMN12776813,Complete Genome,5581157.0,1.0,x__Bacteria;x__Bacillati;p__Actinomycetota;c__Actinomycetes;o__Mycobacteriales;f__Mycobacteriaceae;g__Mycobacterium;s__Mycobacterium spongiae,rsync -t -v rsync://ftp.ncbi.nlm.nih.gov/genomes/all/GCF/018/278/905/GCF_018278905.1_ASM1827890v1/GCF_018278905.1_ASM1827890v1_genomic.fna.gz ./GCF_018278905.1_genomic.fna.gz
M.stellerae,GCF_003719305.1,2358193,2358193,Mycolicibacterium stellerae,strain=CECT 8783,PRJNA224116,SAMN10102143,Contig,6956345.0,88.0,x__Bacteria;x__Bacillati;p__Actinomycetota;c__Actinomycetes;o__Mycobacteriales;f__Mycobacteriaceae;g__Mycolicibacterium;s__Mycolicibacterium stellerae,rsync -t -v rsync://ftp.ncbi.nlm.nih.gov/genomes/all/GCF/003/719/305/GCF_003719305.1_ASM371930v1/GCF_003719305.1_ASM371930v1_genomic.fna.gz ./GCF_003719305.1_genomic.fna.gz
M.stephanolepidis,GCF_002356335.1,1520670,1520670,[Mycobacterium] stephanolepidis,strain=NJB0901,PRJNA224116,SAMD00081530,Complete Genome,4994485.0,1.0,x__Bacteria;x__Bacillati;p__Actinomycetota;c__Actinomycetes;o__Mycobacteriales;f__Mycobacteriaceae;g__Mycobacteroides;s__[Mycobacterium] stephanolepidis,rsync -t -v rsync://ftp.ncbi.nlm.nih.gov/genomes/all/GCF/002/356/335/GCF_002356335.1_ASM235633v1/GCF_002356335.1_ASM235633v1_genomic.fna.gz ./GCF_002356335.1_genomic.fna.gz
M.stomatepiae,GCF_010731715.1,470076,470076,Mycobacterium stomatepiae,strain=JCM 17783,PRJNA224116,SAMD00153208,Complete Genome,6210822.0,1.0,x__Bacteria;x__Bacillati;p__Actinomycetota;c__Actinomycetes;o__Mycobacteriales;f__Mycobacteriaceae;g__Mycobacterium;x__Mycobacterium simiae complex;s__Mycobacterium stomatepiae,rsync -t -v rsync://ftp.ncbi.nlm.nih.gov/genomes/all/GCF/010/731/715/GCF_010731715.1_ASM1073171v1/GCF_010731715.1_ASM1073171v1_genomic.fna.gz ./GCF_010731715.1_genomic.fna.gz
M.syngnathidarum,GCF_001942625.1,1908205,1908205,Mycobacterium syngnathidarum,strain=27335,PRJNA224116,SAMN05897976,Contig,6344489.0,93.0,x__Bacteria;x__Bacillati;p__Actinomycetota;c__Actinomycetes;o__Mycobacteriales;f__Mycobacteriaceae;g__Mycobacterium;s__Mycobacterium syngnathidarum,rsync -t -v rsync://ftp.ncbi.nlm.nih.gov/genomes/all/GCF/001/942/625/GCF_001942625.1_ASM194262v1/GCF_001942625.1_ASM194262v1_genomic.fna.gz ./GCF_001942625.1_genomic.fna.gz
M.szulgai,GCF_002116635.1,1787,1787,Mycobacterium szulgai,strain=DSM 44166,PRJNA224116,SAMN04216953,Contig,6672659.0,178.0,x__Bacteria;x__Bacillati;p__Actinomycetota;c__Actinomycetes;o__Mycobacteriales;f__Mycobacteriaceae;g__Mycobacterium;s__Mycobacterium szulgai,rsync -t -v rsync://ftp.ncbi.nlm.nih.gov/genomes/all/GCF/002/116/635/GCF_002116635.1_ASM211663v1/GCF_002116635.1_ASM211663v1_genomic.fna.gz ./GCF_002116635.1_genomic.fna.gz
M.talmoniae,GCF_001854525.1,1858794,1858794,Mycobacterium talmoniae,strain=MO-5499,PRJNA224116,SAMN05909063,Scaffold,5622166.0,381.0,x__Bacteria;x__Bacillati;p__Actinomycetota;c__Actinomycetes;o__Mycobacteriales;f__Mycobacteriaceae;g__Mycobacterium;s__Mycobacterium talmoniae,rsync -t -v rsync://ftp.ncbi.nlm.nih.gov/genomes/all/GCF/001/854/525/GCF_001854525.1_ASM185452v1/GCF_001854525.1_ASM185452v1_genomic.fna.gz ./GCF_001854525.1_genomic.fna.gz
M.terrae,GCF_010727125.1,1788,1788,Mycolicibacter terrae,strain=JCM 12143,PRJNA224116,SAMD00153172,Complete Genome,4566186.0,1.0,x__Bacteria;x__Bacillati;p__Actinomycetota;c__Actinomycetes;o__Mycobacteriales;f__Mycobacteriaceae;g__Mycolicibacter;s__Mycolicibacter terrae,rsync -t -v rsync://ftp.ncbi.nlm.nih.gov/genomes/all/GCF/010/727/125/GCF_010727125.1_ASM1072712v1/GCF_010727125.1_ASM1072712v1_genomic.fna.gz ./GCF_010727125.1_genomic.fna.gz
M.terramassiliense,GCF_900157385.1,1841859,1841859,Mycobacterium terramassiliense,strain=AB308,PRJNA224116,SAMEA54120418,Scaffold,6029582.0,17.0,x__Bacteria;x__Bacillati;p__Actinomycetota;c__Actinomycetes;o__Mycobacteriales;f__Mycobacteriaceae;g__Mycobacterium;s__Mycobacterium terramassiliense,rsync -t -v rsync://ftp.ncbi.nlm.nih.gov/genomes/all/GCF/900/157/385/GCF_900157385.1_PRJEB19184/GCF_900157385.1_PRJEB19184_genomic.fna.gz ./GCF_900157385.1_genomic.fna.gz
M.thermoresistibile,GCF_900187065.1,1797,1797,Mycolicibacterium thermoresistibile,strain=NCTC10409,PRJNA224116,SAMEA4412656,Complete Genome,4950685.0,1.0,x__Bacteria;x__Bacillati;p__Actinomycetota;c__Actinomycetes;o__Mycobacteriales;f__Mycobacteriaceae;g__Mycolicibacterium;s__Mycolicibacterium thermoresistibile,rsync -t -v rsync://ftp.ncbi.nlm.nih.gov/genomes/all/GCF/900/187/065/GCF_900187065.1_50465_H02/GCF_900187065.1_50465_H02_genomic.fna.gz ./GCF_900187065.1_genomic.fna.gz
M.tilburgii,GCF_902168065.1,44467,44467,Mycobacterium tilburgii,strain=MEPHI,PRJNA224116,SAMEA5775539,Scaffold,3238528.0,103.0,x__Bacteria;x__Bacillati;p__Actinomycetota;c__Actinomycetes;o__Mycobacteriales;f__Mycobacteriaceae;g__Mycobacterium;s__Mycobacterium tilburgii,rsync -t -v rsync://ftp.ncbi.nlm.nih.gov/genomes/all/GCF/902/168/065/GCF_902168065.1_PRJEB33515/GCF_902168065.1_PRJEB33515_genomic.fna.gz ./GCF_902168065.1_genomic.fna.gz
M.timonense,GCF_025821985.1,701043,701043,Mycobacterium timonense,strain=CCUG 56329,PRJNA224116,SAMN15568982,Contig,5931282.0,119.0,x__Bacteria;x__Bacillati;p__Actinomycetota;c__Actinomycetes;o__Mycobacteriales;f__Mycobacteriaceae;g__Mycobacterium;x__Mycobacterium avium complex (MAC);s__Mycobacterium timonense,rsync -t -v rsync://ftp.ncbi.nlm.nih.gov/genomes/all/GCF/025/821/985/GCF_025821985.1_ASM2582198v1/GCF_025821985.1_ASM2582198v1_genomic.fna.gz ./GCF_025821985.1_genomic.fna.gz
M.tokaiense,GCF_010725885.1,39695,39695,Mycolicibacterium tokaiense,strain=JCM 6373,PRJNA224116,SAMD00153164,Complete Genome,6328149.0,1.0,x__Bacteria;x__Bacillati;p__Actinomycetota;c__Actinomycetes;o__Mycobacteriales;f__Mycobacteriaceae;g__Mycolicibacterium;s__Mycolicibacterium tokaiense,rsync -t -v rsync://ftp.ncbi.nlm.nih.gov/genomes/all/GCF/010/725/885/GCF_010725885.1_ASM1072588v1/GCF_010725885.1_ASM1072588v1_genomic.fna.gz ./GCF_010725885.1_genomic.fna.gz
M.triplex,GCF_002102415.1,47839,47839,Mycobacterium triplex,strain=DSM 44626,PRJNA224116,SAMN04216955,Contig,6366285.0,48.0,x__Bacteria;x__Bacillati;p__Actinomycetota;c__Actinomycetes;o__Mycobacteriales;f__Mycobacteriaceae;g__Mycobacterium;x__Mycobacterium simiae complex;s__Mycobacterium triplex,rsync -t -v rsync://ftp.ncbi.nlm.nih.gov/genomes/all/GCF/002/102/415/GCF_002102415.1_ASM210241v1/GCF_002102415.1_ASM210241v1_genomic.fna.gz ./GCF_002102415.1_genomic.fna.gz
M.trivialis,GCF_002102395.1,1798,1798,Mycolicibacillus trivialis,strain=DSM 44153,PRJNA224116,SAMN04216956,Contig,3591083.0,57.0,x__Bacteria;x__Bacillati;p__Actinomycetota;c__Actinomycetes;o__Mycobacteriales;f__Mycobacteriaceae;g__Mycolicibacillus;s__Mycolicibacillus trivialis,rsync -t -v rsync://ftp.ncbi.nlm.nih.gov/genomes/all/GCF/002/102/395/GCF_002102395.1_ASM210239v1/GCF_002102395.1_ASM210239v1_genomic.fna.gz ./GCF_002102395.1_genomic.fna.gz
M.tuberculosis,GCF_000195955.2,1773,83332,Mycobacterium tuberculosis H37Rv,strain=H37Rv,PRJNA57777,SAMEA3138326,Complete Genome,4411532.0,1.0,x__Bacteria;x__Bacillati;p__Actinomycetota;c__Actinomycetes;o__Mycobacteriales;f__Mycobacteriaceae;g__Mycobacterium;x__Mycobacterium tuberculosis complex;s__Mycobacterium tuberculosis;x__Mycobacterium tuberculosis H37Rv,rsync -t -v rsync://ftp.ncbi.nlm.nih.gov/genomes/all/GCF/000/195/955/GCF_000195955.2_ASM19595v2/GCF_000195955.2_ASM19595v2_genomic.fna.gz ./GCF_000195955.2_genomic.fna.gz
M.tusciae,GCF_002086795.1,75922,75922,Mycolicibacterium tusciae,strain=DSM 44338,PRJNA224116,SAMN06064262,Contig,6162880.0,70.0,x__Bacteria;x__Bacillati;p__Actinomycetota;c__Actinomycetes;o__Mycobacteriales;f__Mycobacteriaceae;g__Mycolicibacterium;s__Mycolicibacterium tusciae,rsync -t -v rsync://ftp.ncbi.nlm.nih.gov/genomes/all/GCF/002/086/795/GCF_002086795.1_ASM208679v1/GCF_002086795.1_ASM208679v1_genomic.fna.gz ./GCF_002086795.1_genomic.fna.gz
M.uberis,GCF_003408705.1,2162698,2162698,Mycobacterium uberis,strain=Jura,PRJNA224116,SAMN08894308,Contig,3122721.0,54.0,x__Bacteria;x__Bacillati;p__Actinomycetota;c__Actinomycetes;o__Mycobacteriales;f__Mycobacteriaceae;g__Mycobacterium;s__Mycobacterium uberis,rsync -t -v rsync://ftp.ncbi.nlm.nih.gov/genomes/all/GCF/003/408/705/GCF_003408705.1_ASM340870v1/GCF_003408705.1_ASM340870v1_genomic.fna.gz ./GCF_003408705.1_genomic.fna.gz
M.ulcerans,GCF_002355775.1,1809,1124626,Mycobacterium ulcerans subsp. shinshuense,strain=ATCC 33728,PRJNA224116,SAMD00056531,Complete Genome,6066298.0,2.0,x__Bacteria;x__Bacillati;p__Actinomycetota;c__Actinomycetes;o__Mycobacteriales;f__Mycobacteriaceae;g__Mycobacterium;x__Mycobacterium ulcerans group;s__Mycobacterium ulcerans;x__Mycobacterium ulcerans subsp. shinshuense,rsync -t -v rsync://ftp.ncbi.nlm.nih.gov/genomes/all/GCF/002/355/775/GCF_002355775.1_ASM235577v1/GCF_002355775.1_ASM235577v1_genomic.fna.gz ./GCF_002355775.1_genomic.fna.gz
M.vaccae,GCF_001655245.1,1810,1354275,Mycolicibacterium vaccae 95051,strain=95051,PRJNA224116,SAMN03702434,Complete Genome,6235754.0,1.0,x__Bacteria;x__Bacillati;p__Actinomycetota;c__Actinomycetes;o__Mycobacteriales;f__Mycobacteriaceae;g__Mycolicibacterium;s__Mycolicibacterium vaccae;x__Mycolicibacterium vaccae 95051,rsync -t -v rsync://ftp.ncbi.nlm.nih.gov/genomes/all/GCF/001/655/245/GCF_001655245.1_ASM165524v1/GCF_001655245.1_ASM165524v1_genomic.fna.gz ./GCF_001655245.1_genomic.fna.gz
M.vanbaalenii,GCF_000015305.1,110539,350058,Mycolicibacterium vanbaalenii PYR-1,strain=PYR-1,PRJNA224116,SAMN02598347,Complete Genome,6491865.0,1.0,x__Bacteria;x__Bacillati;p__Actinomycetota;c__Actinomycetes;o__Mycobacteriales;f__Mycobacteriaceae;g__Mycolicibacterium;s__Mycolicibacterium vanbaalenii;x__Mycolicibacterium vanbaalenii PYR-1,rsync -t -v rsync://ftp.ncbi.nlm.nih.gov/genomes/all/GCF/000/015/305/GCF_000015305.1_ASM1530v1/GCF_000015305.1_ASM1530v1_genomic.fna.gz ./GCF_000015305.1_genomic.fna.gz
M.vasticus,GCF_020181595.2,2875777,2875777,[Mycobacterium] vasticus,strain=MYC017,PRJNA224116,SAMN20959233,Contig,4862408.0,91.0,x__Bacteria;x__Bacillati;p__Actinomycetota;c__Actinomycetes;o__Mycobacteriales;f__Mycobacteriaceae;g__Mycolicibacter;s__[Mycobacterium] vasticus,rsync -t -v rsync://ftp.ncbi.nlm.nih.gov/genomes/all/GCF/020/181/595/GCF_020181595.2_ASM2018159v2/GCF_020181595.2_ASM2018159v2_genomic.fna.gz ./GCF_020181595.2_genomic.fna.gz
M.vicinigordonae,GCF_013466425.1,1719132,1719132,Mycobacterium vicinigordonae,strain=24,PRJNA224116,SAMN15540336,Complete Genome,6266765.0,1.0,x__Bacteria;x__Bacillati;p__Actinomycetota;c__Actinomycetes;o__Mycobacteriales;f__Mycobacteriaceae;g__Mycobacterium;s__Mycobacterium vicinigordonae,rsync -t -v rsync://ftp.ncbi.nlm.nih.gov/genomes/all/GCF/013/466/425/GCF_013466425.1_ASM1346642v1/GCF_013466425.1_ASM1346642v1_genomic.fna.gz ./GCF_013466425.1_genomic.fna.gz
M.vinylchloridicum,GCF_013404075.1,2736928,2736928,Mycolicibacterium vinylchloridicum,strain=CECT 8761,PRJNA224116,SAMN14942828,Contig,7196491.0,225.0,x__Bacteria;x__Bacillati;p__Actinomycetota;c__Actinomycetes;o__Mycobacteriales;f__Mycobacteriaceae;g__Mycolicibacterium;s__Mycolicibacterium vinylchloridicum,rsync -t -v rsync://ftp.ncbi.nlm.nih.gov/genomes/all/GCF/013/404/075/GCF_013404075.1_ASM1340407v1/GCF_013404075.1_ASM1340407v1_genomic.fna.gz ./GCF_013404075.1_genomic.fna.gz
M.virginiensis,GCF_022374935.2,1795032,1795032,Mycolicibacter virginiensis,strain=DSM 100883,PRJNA224116,SAMN20254270,Complete Genome,4980142.0,1.0,x__Bacteria;x__Bacillati;p__Actinomycetota;c__Actinomycetes;o__Mycobacteriales;f__Mycobacteriaceae;g__Mycolicibacter;s__Mycolicibacter virginiensis,rsync -t -v rsync://ftp.ncbi.nlm.nih.gov/genomes/all/GCF/022/374/935/GCF_022374935.2_ASM2237493v2/GCF_022374935.2_ASM2237493v2_genomic.fna.gz ./GCF_022374935.2_genomic.fna.gz
M.vulneris,GCF_002104765.1,547163,547163,Mycolicibacterium vulneris,strain=DSM 45247,PRJNA224116,SAMN06651660,Contig,6266718.0,133.0,x__Bacteria;x__Bacillati;p__Actinomycetota;c__Actinomycetes;o__Mycobacteriales;f__Mycobacteriaceae;g__Mycolicibacterium;s__Mycolicibacterium vulneris,rsync -t -v rsync://ftp.ncbi.nlm.nih.gov/genomes/all/GCF/002/104/765/GCF_002104765.1_ASM210476v1/GCF_002104765.1_ASM210476v1_genomic.fna.gz ./GCF_002104765.1_genomic.fna.gz
M.wendilense,GCF_963378085.1,3064284,3064284,[Mycobacterium] wendilense,strain=Mu0050,PRJNA224116,SAMEA114267541,Complete Genome,5224726.0,2.0,x__Bacteria;x__Bacillati;p__Actinomycetota;c__Actinomycetes;o__Mycobacteriales;f__Mycobacteriaceae;g__Mycolicibacter;s__[Mycobacterium] wendilense,rsync -t -v rsync://ftp.ncbi.nlm.nih.gov/genomes/all/GCF/963/378/085/GCF_963378085.1_MU0050_Flye_MinION/GCF_963378085.1_MU0050_Flye_MinION_genomic.fna.gz ./GCF_963378085.1_genomic.fna.gz
M.wolinskyi,GCF_002101965.1,59750,59750,Mycolicibacterium wolinskyi,strain=ATCC 700010,PRJNA224116,SAMN04216957,Contig,7516859.0,36.0,x__Bacteria;x__Bacillati;p__Actinomycetota;c__Actinomycetes;o__Mycobacteriales;f__Mycobacteriaceae;g__Mycolicibacterium;s__Mycolicibacterium wolinskyi,rsync -t -v rsync://ftp.ncbi.nlm.nih.gov/genomes/all/GCF/002/101/965/GCF_002101965.1_ASM210196v1/GCF_002101965.1_ASM210196v1_genomic.fna.gz ./GCF_002101965.1_genomic.fna.gz
M.wuenschmannii,GCF_030252325.1,3027808,3027808,Candidatus Mycobacterium wuenschmannii,na,PRJNA224116,SAMN33244890,Complete Genome,5102433.0,1.0,x__Bacteria;x__Bacillati;p__Actinomycetota;c__Actinomycetes;o__Mycobacteriales;f__Mycobacteriaceae;g__Mycobacterium;s__Candidatus Mycobacterium wuenschmannii,rsync -t -v rsync://ftp.ncbi.nlm.nih.gov/genomes/all/GCF/030/252/325/GCF_030252325.1_ASM3025232v1/GCF_030252325.1_ASM3025232v1_genomic.fna.gz ./GCF_030252325.1_genomic.fna.gz
M.xanthum,GCF_019710635.1,2796469,2796469,Mycolicibacterium xanthum,strain=Y57,PRJNA224116,SAMN17081024,Contig,5553058.0,152.0,x__Bacteria;x__Bacillati;p__Actinomycetota;c__Actinomycetes;o__Mycobacteriales;f__Mycobacteriaceae;g__Mycolicibacterium;s__Mycolicibacterium xanthum,rsync -t -v rsync://ftp.ncbi.nlm.nih.gov/genomes/all/GCF/019/710/635/GCF_019710635.1_ASM1971063v1/GCF_019710635.1_ASM1971063v1_genomic.fna.gz ./GCF_019710635.1_genomic.fna.gz
M.xenopi,GCF_900453395.1,1789,1789,Mycobacterium xenopi,strain=NCTC10042,PRJNA224116,SAMEA101170168,Contig,5251936.0,21.0,x__Bacteria;x__Bacillati;p__Actinomycetota;c__Actinomycetes;o__Mycobacteriales;f__Mycobacteriaceae;g__Mycobacterium;s__Mycobacterium xenopi,rsync -t -v rsync://ftp.ncbi.nlm.nih.gov/genomes/all/GCF/900/453/395/GCF_900453395.1_53750_B01/GCF_900453395.1_53750_B01_genomic.fna.gz ./GCF_900453395.1_genomic.fna.gz
M.yunnanensis,GCF_025823185.1,368477,368477,Mycobacterium yunnanensis,strain=DSM 44838,PRJNA224116,SAMN15568918,Scaffold,6452568.0,25.0,x__Bacteria;x__Bacillati;p__Actinomycetota;c__Actinomycetes;o__Mycobacteriales;f__Mycobacteriaceae;g__Mycobacterium;s__Mycobacterium yunnanensis,rsync -t -v rsync://ftp.ncbi.nlm.nih.gov/genomes/all/GCF/025/823/185/GCF_025823185.1_ASM2582318v1/GCF_025823185.1_ASM2582318v1_genomic.fna.gz ./GCF_025823185.1_genomic.fna.gz
M.zoologicum,GCF_020181635.2,2872311,2872311,[Mycobacterium] zoologicum,strain=MYC101,PRJNA224116,SAMN20959235,Contig,4834772.0,87.0,x__Bacteria;x__Bacillati;p__Actinomycetota;c__Actinomycetes;o__Mycobacteriales;f__Mycobacteriaceae;g__Mycolicibacter;s__[Mycobacterium] zoologicum,rsync -t -v rsync://ftp.ncbi.nlm.nih.gov/genomes/all/GCF/020/181/635/GCF_020181635.2_ASM2018163v2/GCF_020181635.2_ASM2018163v2_genomic.fna.gz ./GCF_020181635.2_genomic.fna.gz
M.intracellulare_yongonense,GCF_000418535.1,1767,1138871,Mycobacterium intracellulare subsp. yongonense,strain=05-1390 (KCTC_19555),,,,,,,
M.intracellulare_chimaera,GCF_002219285.1,1767,222805,Mycobacterium intracellulare subsp. chimaera,strain=DSM_44623,,,,,,,
