assembly_accession,rname,length,totallength,ani_group,reference
GCF_000069185.1,NC_010397.1,5067172,5067172,129,M.abscessus
GCF_018455725.1,NZ_JAHCLR010000001.1,308324,4545982,20,M.acidiphilus
GCF_018455725.1,NZ_JAHCLR010000002.1,2251,4545982,20,M.acidiphilus
GCF_018455725.1,NZ_JAHCLR010000003.1,287074,4545982,20,M.acidiphilus
GCF_018455725.1,NZ_JAHCLR010000004.1,185943,4545982,20,M.acidiphilus
GCF_018455725.1,NZ_JAHCLR010000005.1,181169,4545982,20,M.acidiphilus
GCF_018455725.1,NZ_JAHCLR010000006.1,166187,4545982,20,M.acidiphilus
GCF_018455725.1,NZ_JAHCLR010000007.1,149675,4545982,20,M.acidiphilus
GCF_018455725.1,NZ_JAHCLR010000008.1,139754,4545982,20,M.acidiphilus
GCF_018455725.1,NZ_JAHCLR010000009.1,38385,4545982,20,M.acidiphilus
GCF_018455725.1,NZ_JAHCLR010000010.1,100695,4545982,20,M.acidiphilus
GCF_018455725.1,NZ_JAHCLR010000011.1,6601,4545982,20,M.acidiphilus
GCF_018455725.1,NZ_JAHCLR010000012.1,127054,4545982,20,M.acidiphilus
GCF_018455725.1,NZ_JAHCLR010000013.1,125444,4545982,20,M.acidiphilus
GCF_018455725.1,NZ_JAHCLR010000014.1,122867,4545982,20,M.acidiphilus
GCF_018455725.1,NZ_JAHCLR010000015.1,119704,4545982,20,M.acidiphilus
GCF_018455725.1,NZ_JAHCLR010000016.1,68882,4545982,20,M.acidiphilus
GCF_018455725.1,NZ_JAHCLR010000017.1,47849,4545982,20,M.acidiphilus
GCF_018455725.1,NZ_JAHCLR010000018.1,52616,4545982,20,M.acidiphilus
GCF_018455725.1,NZ_JAHCLR010000019.1,53501,4545982,20,M.acidiphilus
GCF_018455725.1,NZ_JAHCLR010000020.1,99674,4545982,20,M.acidiphilus
GCF_018455725.1,NZ_JAHCLR010000021.1,99032,4545982,20,M.acidiphilus
GCF_018455725.1,NZ_JAHCLR010000022.1,90773,4545982,20,M.acidiphilus
GCF_018455725.1,NZ_JAHCLR010000023.1,82243,4545982,20,M.acidiphilus
GCF_018455725.1,NZ_JAHCLR010000024.1,6783,4545982,20,M.acidiphilus
GCF_018455725.1,NZ_JAHCLR010000025.1,87867,4545982,20,M.acidiphilus
GCF_018455725.1,NZ_JAHCLR010000026.1,336,4545982,20,M.acidiphilus
GCF_018455725.1,NZ_JAHCLR010000027.1,84915,4545982,20,M.acidiphilus
GCF_018455725.1,NZ_JAHCLR010000028.1,83525,4545982,20,M.acidiphilus
GCF_018455725.1,NZ_JAHCLR010000029.1,20640,4545982,20,M.acidiphilus
GCF_018455725.1,NZ_JAHCLR010000030.1,61460,4545982,20,M.acidiphilus
GCF_018455725.1,NZ_JAHCLR010000031.1,33433,4545982,20,M.acidiphilus
GCF_018455725.1,NZ_JAHCLR010000032.1,41352,4545982,20,M.acidiphilus
GCF_018455725.1,NZ_JAHCLR010000033.1,72966,4545982,20,M.acidiphilus
GCF_018455725.1,NZ_JAHCLR010000034.1,69859,4545982,20,M.acidiphilus
GCF_018455725.1,NZ_JAHCLR010000035.1,27305,4545982,20,M.acidiphilus
GCF_018455725.1,NZ_JAHCLR010000036.1,42044,4545982,20,M.acidiphilus
GCF_018455725.1,NZ_JAHCLR010000037.1,63424,4545982,20,M.acidiphilus
GCF_018455725.1,NZ_JAHCLR010000038.1,61643,4545982,20,M.acidiphilus
GCF_018455725.1,NZ_JAHCLR010000039.1,61505,4545982,20,M.acidiphilus
GCF_018455725.1,NZ_JAHCLR010000040.1,60488,4545982,20,M.acidiphilus
GCF_018455725.1,NZ_JAHCLR010000041.1,1019,4545982,20,M.acidiphilus
GCF_018455725.1,NZ_JAHCLR010000042.1,57603,4545982,20,M.acidiphilus
GCF_018455725.1,NZ_JAHCLR010000043.1,55426,4545982,20,M.acidiphilus
GCF_018455725.1,NZ_JAHCLR010000044.1,21129,4545982,20,M.acidiphilus
GCF_018455725.1,NZ_JAHCLR010000045.1,32023,4545982,20,M.acidiphilus
GCF_018455725.1,NZ_JAHCLR010000046.1,23418,4545982,20,M.acidiphilus
GCF_018455725.1,NZ_JAHCLR010000047.1,16751,4545982,20,M.acidiphilus
GCF_018455725.1,NZ_JAHCLR010000048.1,9406,4545982,20,M.acidiphilus
GCF_018455725.1,NZ_JAHCLR010000049.1,30355,4545982,20,M.acidiphilus
GCF_018455725.1,NZ_JAHCLR010000050.1,38397,4545982,20,M.acidiphilus
GCF_018455725.1,NZ_JAHCLR010000051.1,37619,4545982,20,M.acidiphilus
GCF_018455725.1,NZ_JAHCLR010000052.1,3647,4545982,20,M.acidiphilus
GCF_018455725.1,NZ_JAHCLR010000053.1,22907,4545982,20,M.acidiphilus
GCF_018455725.1,NZ_JAHCLR010000054.1,417,4545982,20,M.acidiphilus
GCF_018455725.1,NZ_JAHCLR010000055.1,7607,4545982,20,M.acidiphilus
GCF_018455725.1,NZ_JAHCLR010000056.1,30561,4545982,20,M.acidiphilus
GCF_018455725.1,NZ_JAHCLR010000057.1,30018,4545982,20,M.acidiphilus
GCF_018455725.1,NZ_JAHCLR010000058.1,26307,4545982,20,M.acidiphilus
GCF_018455725.1,NZ_JAHCLR010000059.1,24987,4545982,20,M.acidiphilus
GCF_018455725.1,NZ_JAHCLR010000060.1,23810,4545982,20,M.acidiphilus
GCF_018455725.1,NZ_JAHCLR010000061.1,22907,4545982,20,M.acidiphilus
GCF_018455725.1,NZ_JAHCLR010000062.1,4901,4545982,20,M.acidiphilus
GCF_018455725.1,NZ_JAHCLR010000063.1,17077,4545982,20,M.acidiphilus
GCF_018455725.1,NZ_JAHCLR010000064.1,21951,4545982,20,M.acidiphilus
GCF_018455725.1,NZ_JAHCLR010000065.1,20868,4545982,20,M.acidiphilus
GCF_018455725.1,NZ_JAHCLR010000066.1,19287,4545982,20,M.acidiphilus
GCF_018455725.1,NZ_JAHCLR010000067.1,19161,4545982,20,M.acidiphilus
GCF_018455725.1,NZ_JAHCLR010000068.1,18786,4545982,20,M.acidiphilus
GCF_018455725.1,NZ_JAHCLR010000069.1,18165,4545982,20,M.acidiphilus
GCF_018455725.1,NZ_JAHCLR010000070.1,17963,4545982,20,M.acidiphilus
GCF_018455725.1,NZ_JAHCLR010000071.1,17601,4545982,20,M.acidiphilus
GCF_018455725.1,NZ_JAHCLR010000072.1,17384,4545982,20,M.acidiphilus
GCF_018455725.1,NZ_JAHCLR010000073.1,16868,4545982,20,M.acidiphilus
GCF_018455725.1,NZ_JAHCLR010000074.1,4891,4545982,20,M.acidiphilus
GCF_018455725.1,NZ_JAHCLR010000075.1,10292,4545982,20,M.acidiphilus
GCF_018455725.1,NZ_JAHCLR010000076.1,592,4545982,20,M.acidiphilus
GCF_018455725.1,NZ_JAHCLR010000077.1,14498,4545982,20,M.acidiphilus
GCF_018455725.1,NZ_JAHCLR010000078.1,14716,4545982,20,M.acidiphilus
GCF_018455725.1,NZ_JAHCLR010000079.1,14146,4545982,20,M.acidiphilus
GCF_018455725.1,NZ_JAHCLR010000080.1,12306,4545982,20,M.acidiphilus
GCF_018455725.1,NZ_JAHCLR010000081.1,12012,4545982,20,M.acidiphilus
GCF_018455725.1,NZ_JAHCLR010000082.1,11392,4545982,20,M.acidiphilus
GCF_018455725.1,NZ_JAHCLR010000083.1,10696,4545982,20,M.acidiphilus
GCF_018455725.1,NZ_JAHCLR010000084.1,10680,4545982,20,M.acidiphilus
GCF_018455725.1,NZ_JAHCLR010000085.1,9799,4545982,20,M.acidiphilus
GCF_018455725.1,NZ_JAHCLR010000086.1,835,4545982,20,M.acidiphilus
GCF_018455725.1,NZ_JAHCLR010000087.1,10526,4545982,20,M.acidiphilus
GCF_018455725.1,NZ_JAHCLR010000088.1,10048,4545982,20,M.acidiphilus
GCF_018455725.1,NZ_JAHCLR010000089.1,9978,4545982,20,M.acidiphilus
GCF_018455725.1,NZ_JAHCLR010000090.1,9539,4545982,20,M.acidiphilus
GCF_018455725.1,NZ_JAHCLR010000091.1,8634,4545982,20,M.acidiphilus
GCF_018455725.1,NZ_JAHCLR010000092.1,8102,4545982,20,M.acidiphilus
GCF_018455725.1,NZ_JAHCLR010000093.1,7371,4545982,20,M.acidiphilus
GCF_018455725.1,NZ_JAHCLR010000094.1,6868,4545982,20,M.acidiphilus
GCF_018455725.1,NZ_JAHCLR010000095.1,3905,4545982,20,M.acidiphilus
GCF_018455725.1,NZ_JAHCLR010000096.1,2425,4545982,20,M.acidiphilus
GCF_018455725.1,NZ_JAHCLR010000097.1,5314,4545982,20,M.acidiphilus
GCF_018455725.1,NZ_JAHCLR010000098.1,5053,4545982,20,M.acidiphilus
GCF_018455725.1,NZ_JAHCLR010000099.1,4710,4545982,20,M.acidiphilus
GCF_018455725.1,NZ_JAHCLR010000100.1,4142,4545982,20,M.acidiphilus
GCF_018455725.1,NZ_JAHCLR010000101.1,1428,4545982,20,M.acidiphilus
GCF_018455725.1,NZ_JAHCLR010000102.1,2445,4545982,20,M.acidiphilus
GCF_018455725.1,NZ_JAHCLR010000103.1,3154,4545982,20,M.acidiphilus
GCF_018455725.1,NZ_JAHCLR010000104.1,3105,4545982,20,M.acidiphilus
GCF_018455725.1,NZ_JAHCLR010000105.1,3062,4545982,20,M.acidiphilus
GCF_018455725.1,NZ_JAHCLR010000106.1,1329,4545982,20,M.acidiphilus
GCF_018455725.1,NZ_JAHCLR010000107.1,1230,4545982,20,M.acidiphilus
GCF_018455725.1,NZ_JAHCLR010000108.1,435,4545982,20,M.acidiphilus
GCF_018455725.1,NZ_JAHCLR010000109.1,2042,4545982,20,M.acidiphilus
GCF_018455725.1,NZ_JAHCLR010000110.1,2441,4545982,20,M.acidiphilus
GCF_018455725.1,NZ_JAHCLR010000111.1,2298,4545982,20,M.acidiphilus
GCF_018455725.1,NZ_JAHCLR010000112.1,2143,4545982,20,M.acidiphilus
GCF_018455725.1,NZ_JAHCLR010000113.1,1958,4545982,20,M.acidiphilus
GCF_018455725.1,NZ_JAHCLR010000114.1,1884,4545982,20,M.acidiphilus
GCF_018455725.1,NZ_JAHCLR010000115.1,1794,4545982,20,M.acidiphilus
GCF_018455725.1,NZ_JAHCLR010000116.1,1553,4545982,20,M.acidiphilus
GCF_018455725.1,NZ_JAHCLR010000117.1,1476,4545982,20,M.acidiphilus
GCF_018455725.1,NZ_JAHCLR010000118.1,1455,4545982,20,M.acidiphilus
GCF_018455725.1,NZ_JAHCLR010000119.1,1283,4545982,20,M.acidiphilus
GCF_018455725.1,NZ_JAHCLR010000120.1,1225,4545982,20,M.acidiphilus
GCF_018455725.1,NZ_JAHCLR010000121.1,1209,4545982,20,M.acidiphilus
GCF_018455725.1,NZ_JAHCLR010000122.1,1064,4545982,20,M.acidiphilus
GCF_018455725.1,NZ_JAHCLR010000123.1,990,4545982,20,M.acidiphilus
GCF_018455725.1,NZ_JAHCLR010000124.1,983,4545982,20,M.acidiphilus
GCF_018455725.1,NZ_JAHCLR010000125.1,982,4545982,20,M.acidiphilus
GCF_018455725.1,NZ_JAHCLR010000126.1,504,4545982,20,M.acidiphilus
GCF_018455725.1,NZ_JAHCLR010000127.1,451,4545982,20,M.acidiphilus
GCF_018455725.1,NZ_JAHCLR010000128.1,841,4545982,20,M.acidiphilus
GCF_018455725.1,NZ_JAHCLR010000129.1,834,4545982,20,M.acidiphilus
GCF_018455725.1,NZ_JAHCLR010000130.1,832,4545982,20,M.acidiphilus
GCF_018455725.1,NZ_JAHCLR010000131.1,825,4545982,20,M.acidiphilus
GCF_018455725.1,NZ_JAHCLR010000132.1,807,4545982,20,M.acidiphilus
GCF_018455725.1,NZ_JAHCLR010000133.1,658,4545982,20,M.acidiphilus
GCF_018455725.1,NZ_JAHCLR010000134.1,652,4545982,20,M.acidiphilus
GCF_018455725.1,NZ_JAHCLR010000135.1,614,4545982,20,M.acidiphilus
GCF_018455725.1,NZ_JAHCLR010000136.1,610,4545982,20,M.acidiphilus
GCF_018455725.1,NZ_JAHCLR010000137.1,599,4545982,20,M.acidiphilus
GCF_018455725.1,NZ_JAHCLR010000138.1,597,4545982,20,M.acidiphilus
GCF_018455725.1,NZ_JAHCLR010000139.1,588,4545982,20,M.acidiphilus
GCF_018455725.1,NZ_JAHCLR010000140.1,563,4545982,20,M.acidiphilus
GCF_018455725.1,NZ_JAHCLR010000141.1,532,4545982,20,M.acidiphilus
GCF_018455725.1,NZ_JAHCLR010000142.1,492,4545982,20,M.acidiphilus
GCF_018455725.1,NZ_JAHCLR010000143.1,491,4545982,20,M.acidiphilus
GCF_018455725.1,NZ_JAHCLR010000144.1,489,4545982,20,M.acidiphilus
GCF_018455725.1,NZ_JAHCLR010000145.1,479,4545982,20,M.acidiphilus
GCF_018455725.1,NZ_JAHCLR010000146.1,444,4545982,20,M.acidiphilus
GCF_018455725.1,NZ_JAHCLR010000147.1,402,4545982,20,M.acidiphilus
GCF_018455725.1,NZ_JAHCLR010000148.1,401,4545982,20,M.acidiphilus
GCF_018455725.1,NZ_JAHCLR010000149.1,399,4545982,20,M.acidiphilus
GCF_018455725.1,NZ_JAHCLR010000150.1,395,4545982,20,M.acidiphilus
GCF_018455725.1,NZ_JAHCLR010000151.1,389,4545982,20,M.acidiphilus
GCF_018455725.1,NZ_JAHCLR010000152.1,386,4545982,20,M.acidiphilus
GCF_018455725.1,NZ_JAHCLR010000153.1,373,4545982,20,M.acidiphilus
GCF_018455725.1,NZ_JAHCLR010000154.1,369,4545982,20,M.acidiphilus
GCF_018455725.1,NZ_JAHCLR010000155.1,345,4545982,20,M.acidiphilus
GCF_018455725.1,NZ_JAHCLR010000156.1,337,4545982,20,M.acidiphilus
GCF_018455725.1,NZ_JAHCLR010000157.1,325,4545982,20,M.acidiphilus
GCF_018455725.1,NZ_JAHCLR010000158.1,324,4545982,20,M.acidiphilus
GCF_018455725.1,NZ_JAHCLR010000159.1,324,4545982,20,M.acidiphilus
GCF_018455725.1,NZ_JAHCLR010000160.1,305,4545982,20,M.acidiphilus
GCF_001644575.1,NZ_CP015596.1,5801417,5801417,88,M.adipatum
GCF_010722915.1,NZ_BLKS01000001.1,6077648,7297392,155,M.agri
GCF_010722915.1,NZ_BLKS01000002.1,167162,7297392,155,M.agri
GCF_010722915.1,NZ_BLKS01000003.1,459047,7297392,155,M.agri
GCF_010722915.1,NZ_BLKS01000004.1,593535,7297392,155,M.agri
GCF_900176255.2,NZ_FXEG02000001.1,464650,6120821,53,M.ahvazicum
GCF_900176255.2,NZ_FXEG02000002.1,2246071,6120821,53,M.ahvazicum
GCF_900176255.2,NZ_FXEG02000003.1,1699181,6120821,53,M.ahvazicum
GCF_900176255.2,NZ_FXEG02000004.1,91513,6120821,53,M.ahvazicum
GCF_900176255.2,NZ_FXEG02000005.1,1251837,6120821,53,M.ahvazicum
GCF_900176255.2,NZ_FXEG02000006.1,362123,6120821,53,M.ahvazicum
GCF_900176255.2,NZ_FXEG02000007.1,1539,6120821,53,M.ahvazicum
GCF_900176255.2,NZ_FXEG02000008.1,1255,6120821,53,M.ahvazicum
GCF_900176255.2,NZ_FXEG02000009.1,2652,6120821,53,M.ahvazicum
GCF_010726245.1,NZ_AP022561.1,5925482,5925482,81,M.aichiense
GCF_010723515.1,NZ_BLKY01000001.1,4721446,4756495,4,M.algericus
GCF_010723515.1,NZ_BLKY01000002.1,35049,4756495,4,M.algericus
GCF_022760805.1,NZ_JAIVFL010000001.1,4049316,4050246,95,M.alkanivorans
GCF_022760805.1,NZ_JAIVFL010000002.1,466,4050246,95,M.alkanivorans
GCF_022760805.1,NZ_JAIVFL010000003.1,464,4050246,95,M.alkanivorans
GCF_002086635.1,NZ_MVHD01000001.1,287483,5692845,119,M.alsense
GCF_002086635.1,NZ_MVHD01000002.1,268020,5692845,119,M.alsense
GCF_002086635.1,NZ_MVHD01000003.1,248977,5692845,119,M.alsense
GCF_002086635.1,NZ_MVHD01000004.1,202000,5692845,119,M.alsense
GCF_002086635.1,NZ_MVHD01000005.1,192296,5692845,119,M.alsense
GCF_002086635.1,NZ_MVHD01000006.1,167198,5692845,119,M.alsense
GCF_002086635.1,NZ_MVHD01000007.1,142499,5692845,119,M.alsense
GCF_002086635.1,NZ_MVHD01000008.1,140057,5692845,119,M.alsense
GCF_002086635.1,NZ_MVHD01000009.1,131103,5692845,119,M.alsense
GCF_002086635.1,NZ_MVHD01000010.1,123002,5692845,119,M.alsense
GCF_002086635.1,NZ_MVHD01000011.1,122441,5692845,119,M.alsense
GCF_002086635.1,NZ_MVHD01000012.1,118494,5692845,119,M.alsense
GCF_002086635.1,NZ_MVHD01000013.1,118090,5692845,119,M.alsense
GCF_002086635.1,NZ_MVHD01000014.1,111794,5692845,119,M.alsense
GCF_002086635.1,NZ_MVHD01000015.1,99356,5692845,119,M.alsense
GCF_002086635.1,NZ_MVHD01000016.1,94409,5692845,119,M.alsense
GCF_002086635.1,NZ_MVHD01000017.1,93236,5692845,119,M.alsense
GCF_002086635.1,NZ_MVHD01000018.1,84270,5692845,119,M.alsense
GCF_002086635.1,NZ_MVHD01000019.1,79328,5692845,119,M.alsense
GCF_002086635.1,NZ_MVHD01000020.1,76856,5692845,119,M.alsense
GCF_002086635.1,NZ_MVHD01000021.1,74120,5692845,119,M.alsense
GCF_002086635.1,NZ_MVHD01000022.1,72265,5692845,119,M.alsense
GCF_002086635.1,NZ_MVHD01000023.1,72125,5692845,119,M.alsense
GCF_002086635.1,NZ_MVHD01000024.1,71437,5692845,119,M.alsense
GCF_002086635.1,NZ_MVHD01000025.1,69162,5692845,119,M.alsense
GCF_002086635.1,NZ_MVHD01000026.1,68893,5692845,119,M.alsense
GCF_002086635.1,NZ_MVHD01000027.1,68097,5692845,119,M.alsense
GCF_002086635.1,NZ_MVHD01000028.1,66460,5692845,119,M.alsense
GCF_002086635.1,NZ_MVHD01000029.1,64674,5692845,119,M.alsense
GCF_002086635.1,NZ_MVHD01000030.1,63066,5692845,119,M.alsense
GCF_002086635.1,NZ_MVHD01000031.1,61580,5692845,119,M.alsense
GCF_002086635.1,NZ_MVHD01000032.1,59788,5692845,119,M.alsense
GCF_002086635.1,NZ_MVHD01000033.1,58762,5692845,119,M.alsense
GCF_002086635.1,NZ_MVHD01000034.1,58047,5692845,119,M.alsense
GCF_002086635.1,NZ_MVHD01000035.1,57335,5692845,119,M.alsense
GCF_002086635.1,NZ_MVHD01000036.1,56108,5692845,119,M.alsense
GCF_002086635.1,NZ_MVHD01000037.1,55887,5692845,119,M.alsense
GCF_002086635.1,NZ_MVHD01000038.1,54332,5692845,119,M.alsense
GCF_002086635.1,NZ_MVHD01000039.1,54261,5692845,119,M.alsense
GCF_002086635.1,NZ_MVHD01000040.1,54037,5692845,119,M.alsense
GCF_002086635.1,NZ_MVHD01000041.1,53738,5692845,119,M.alsense
GCF_002086635.1,NZ_MVHD01000042.1,52428,5692845,119,M.alsense
GCF_002086635.1,NZ_MVHD01000043.1,51471,5692845,119,M.alsense
GCF_002086635.1,NZ_MVHD01000044.1,50675,5692845,119,M.alsense
GCF_002086635.1,NZ_MVHD01000045.1,48483,5692845,119,M.alsense
GCF_002086635.1,NZ_MVHD01000046.1,47808,5692845,119,M.alsense
GCF_002086635.1,NZ_MVHD01000047.1,46937,5692845,119,M.alsense
GCF_002086635.1,NZ_MVHD01000048.1,44206,5692845,119,M.alsense
GCF_002086635.1,NZ_MVHD01000049.1,44078,5692845,119,M.alsense
GCF_002086635.1,NZ_MVHD01000050.1,43957,5692845,119,M.alsense
GCF_002086635.1,NZ_MVHD01000051.1,42081,5692845,119,M.alsense
GCF_002086635.1,NZ_MVHD01000052.1,35795,5692845,119,M.alsense
GCF_002086635.1,NZ_MVHD01000053.1,35467,5692845,119,M.alsense
GCF_002086635.1,NZ_MVHD01000054.1,35092,5692845,119,M.alsense
GCF_002086635.1,NZ_MVHD01000055.1,34428,5692845,119,M.alsense
GCF_002086635.1,NZ_MVHD01000056.1,34304,5692845,119,M.alsense
GCF_002086635.1,NZ_MVHD01000057.1,33580,5692845,119,M.alsense
GCF_002086635.1,NZ_MVHD01000058.1,32698,5692845,119,M.alsense
GCF_002086635.1,NZ_MVHD01000059.1,31716,5692845,119,M.alsense
GCF_002086635.1,NZ_MVHD01000060.1,31698,5692845,119,M.alsense
GCF_002086635.1,NZ_MVHD01000061.1,31565,5692845,119,M.alsense
GCF_002086635.1,NZ_MVHD01000062.1,31184,5692845,119,M.alsense
GCF_002086635.1,NZ_MVHD01000063.1,30056,5692845,119,M.alsense
GCF_002086635.1,NZ_MVHD01000064.1,29165,5692845,119,M.alsense
GCF_002086635.1,NZ_MVHD01000065.1,26017,5692845,119,M.alsense
GCF_002086635.1,NZ_MVHD01000066.1,25026,5692845,119,M.alsense
GCF_002086635.1,NZ_MVHD01000067.1,23278,5692845,119,M.alsense
GCF_002086635.1,NZ_MVHD01000068.1,21737,5692845,119,M.alsense
GCF_002086635.1,NZ_MVHD01000069.1,21251,5692845,119,M.alsense
GCF_002086635.1,NZ_MVHD01000070.1,20419,5692845,119,M.alsense
GCF_002086635.1,NZ_MVHD01000071.1,18178,5692845,119,M.alsense
GCF_002086635.1,NZ_MVHD01000072.1,17790,5692845,119,M.alsense
GCF_002086635.1,NZ_MVHD01000073.1,17536,5692845,119,M.alsense
GCF_002086635.1,NZ_MVHD01000074.1,17470,5692845,119,M.alsense
GCF_002086635.1,NZ_MVHD01000075.1,16976,5692845,119,M.alsense
GCF_002086635.1,NZ_MVHD01000076.1,16936,5692845,119,M.alsense
GCF_002086635.1,NZ_MVHD01000077.1,16603,5692845,119,M.alsense
GCF_002086635.1,NZ_MVHD01000078.1,15480,5692845,119,M.alsense
GCF_002086635.1,NZ_MVHD01000079.1,14821,5692845,119,M.alsense
GCF_002086635.1,NZ_MVHD01000080.1,14384,5692845,119,M.alsense
GCF_002086635.1,NZ_MVHD01000081.1,13097,5692845,119,M.alsense
GCF_002086635.1,NZ_MVHD01000082.1,12525,5692845,119,M.alsense
GCF_002086635.1,NZ_MVHD01000083.1,12512,5692845,119,M.alsense
GCF_002086635.1,NZ_MVHD01000084.1,11393,5692845,119,M.alsense
GCF_002086635.1,NZ_MVHD01000085.1,11072,5692845,119,M.alsense
GCF_002086635.1,NZ_MVHD01000086.1,10490,5692845,119,M.alsense
GCF_002086635.1,NZ_MVHD01000087.1,10350,5692845,119,M.alsense
GCF_002086635.1,NZ_MVHD01000088.1,10172,5692845,119,M.alsense
GCF_002086635.1,NZ_MVHD01000089.1,9646,5692845,119,M.alsense
GCF_002086635.1,NZ_MVHD01000090.1,9521,5692845,119,M.alsense
GCF_002086635.1,NZ_MVHD01000091.1,8181,5692845,119,M.alsense
GCF_002086635.1,NZ_MVHD01000092.1,8133,5692845,119,M.alsense
GCF_002086635.1,NZ_MVHD01000093.1,7574,5692845,119,M.alsense
GCF_002086635.1,NZ_MVHD01000094.1,7498,5692845,119,M.alsense
GCF_002086635.1,NZ_MVHD01000095.1,6982,5692845,119,M.alsense
GCF_002086635.1,NZ_MVHD01000096.1,6959,5692845,119,M.alsense
GCF_002086635.1,NZ_MVHD01000097.1,6671,5692845,119,M.alsense
GCF_002086635.1,NZ_MVHD01000098.1,6452,5692845,119,M.alsense
GCF_002086635.1,NZ_MVHD01000099.1,6408,5692845,119,M.alsense
GCF_002086635.1,NZ_MVHD01000100.1,6076,5692845,119,M.alsense
GCF_002086635.1,NZ_MVHD01000101.1,5793,5692845,119,M.alsense
GCF_002086635.1,NZ_MVHD01000102.1,5463,5692845,119,M.alsense
GCF_002086635.1,NZ_MVHD01000103.1,5172,5692845,119,M.alsense
GCF_002086635.1,NZ_MVHD01000104.1,4748,5692845,119,M.alsense
GCF_002086635.1,NZ_MVHD01000105.1,4334,5692845,119,M.alsense
GCF_002086635.1,NZ_MVHD01000106.1,4208,5692845,119,M.alsense
GCF_002086635.1,NZ_MVHD01000107.1,4043,5692845,119,M.alsense
GCF_002086635.1,NZ_MVHD01000108.1,3813,5692845,119,M.alsense
GCF_002086635.1,NZ_MVHD01000109.1,3565,5692845,119,M.alsense
GCF_002086635.1,NZ_MVHD01000110.1,3391,5692845,119,M.alsense
GCF_002086635.1,NZ_MVHD01000111.1,3080,5692845,119,M.alsense
GCF_002086635.1,NZ_MVHD01000112.1,3001,5692845,119,M.alsense
GCF_002086635.1,NZ_MVHD01000113.1,2899,5692845,119,M.alsense
GCF_002086635.1,NZ_MVHD01000114.1,2423,5692845,119,M.alsense
GCF_002086635.1,NZ_MVHD01000115.1,2337,5692845,119,M.alsense
GCF_002086635.1,NZ_MVHD01000116.1,1939,5692845,119,M.alsense
GCF_002086635.1,NZ_MVHD01000117.1,1749,5692845,119,M.alsense
GCF_002086635.1,NZ_MVHD01000118.1,1640,5692845,119,M.alsense
GCF_002086635.1,NZ_MVHD01000119.1,1595,5692845,119,M.alsense
GCF_002086635.1,NZ_MVHD01000120.1,1578,5692845,119,M.alsense
GCF_002086635.1,NZ_MVHD01000121.1,1445,5692845,119,M.alsense
GCF_002086635.1,NZ_MVHD01000122.1,1413,5692845,119,M.alsense
GCF_002086635.1,NZ_MVHD01000123.1,1378,5692845,119,M.alsense
GCF_002086635.1,NZ_MVHD01000124.1,1191,5692845,119,M.alsense
GCF_002086635.1,NZ_MVHD01000125.1,1283,5692845,119,M.alsense
GCF_002086635.1,NZ_MVHD01000126.1,1218,5692845,119,M.alsense
GCF_002086635.1,NZ_MVHD01000127.1,1214,5692845,119,M.alsense
GCF_002086635.1,NZ_MVHD01000128.1,1150,5692845,119,M.alsense
GCF_002086635.1,NZ_MVHD01000129.1,1134,5692845,119,M.alsense
GCF_002086635.1,NZ_MVHD01000130.1,1091,5692845,119,M.alsense
GCF_002086635.1,NZ_MVHD01000131.1,1025,5692845,119,M.alsense
GCF_002086635.1,NZ_MVHD01000132.1,987,5692845,119,M.alsense
GCF_002086635.1,NZ_MVHD01000133.1,879,5692845,119,M.alsense
GCF_002086635.1,NZ_MVHD01000134.1,870,5692845,119,M.alsense
GCF_002086635.1,NZ_MVHD01000135.1,724,5692845,119,M.alsense
GCF_002086635.1,NZ_MVHD01000136.1,718,5692845,119,M.alsense
GCF_002086635.1,NZ_MVHD01000137.1,698,5692845,119,M.alsense
GCF_002086635.1,NZ_MVHD01000138.1,642,5692845,119,M.alsense
GCF_002086635.1,NZ_MVHD01000139.1,642,5692845,119,M.alsense
GCF_002086635.1,NZ_MVHD01000140.1,615,5692845,119,M.alsense
GCF_002086635.1,NZ_MVHD01000141.1,594,5692845,119,M.alsense
GCF_002086635.1,NZ_MVHD01000142.1,556,5692845,119,M.alsense
GCF_002086635.1,NZ_MVHD01000143.1,456,5692845,119,M.alsense
GCF_002086635.1,NZ_MVHD01000144.1,394,5692845,119,M.alsense
GCF_002086635.1,NZ_MVHD01000145.1,380,5692845,119,M.alsense
GCF_002086635.1,NZ_MVHD01000146.1,374,5692845,119,M.alsense
GCF_002086635.1,NZ_MVHD01000147.1,369,5692845,119,M.alsense
GCF_002086635.1,NZ_MVHD01000148.1,359,5692845,119,M.alsense
GCF_002086635.1,NZ_MVHD01000149.1,347,5692845,119,M.alsense
GCF_002086635.1,NZ_MVHD01000150.1,344,5692845,119,M.alsense
GCF_002086635.1,NZ_MVHD01000151.1,334,5692845,119,M.alsense
GCF_002086635.1,NZ_MVHD01000152.1,334,5692845,119,M.alsense
GCF_002086635.1,NZ_MVHD01000153.1,302,5692845,119,M.alsense
GCF_002086635.1,NZ_MVHD01000154.1,290,5692845,119,M.alsense
GCF_002086635.1,NZ_MVHD01000155.1,263,5692845,119,M.alsense
GCF_002086635.1,NZ_MVHD01000156.1,257,5692845,119,M.alsense
GCF_002086635.1,NZ_MVHD01000157.1,235,5692845,119,M.alsense
GCF_010727325.1,NZ_AP022565.1,5712683,5712683,151,M.alvei
GCF_025822405.1,NZ_JACKTS010000001.1,1597,6673995,199,M.angelicum
GCF_025822405.1,NZ_JACKTS010000002.1,2192,6673995,199,M.angelicum
GCF_025822405.1,NZ_JACKTS010000003.1,2801,6673995,199,M.angelicum
GCF_025822405.1,NZ_JACKTS010000004.1,419,6673995,199,M.angelicum
GCF_025822405.1,NZ_JACKTS010000005.1,5609,6673995,199,M.angelicum
GCF_025822405.1,NZ_JACKTS010000006.1,9573,6673995,199,M.angelicum
GCF_025822405.1,NZ_JACKTS010000007.1,5001,6673995,199,M.angelicum
GCF_025822405.1,NZ_JACKTS010000008.1,270,6673995,199,M.angelicum
GCF_025822405.1,NZ_JACKTS010000009.1,1686,6673995,199,M.angelicum
GCF_025822405.1,NZ_JACKTS010000010.1,555,6673995,199,M.angelicum
GCF_025822405.1,NZ_JACKTS010000011.1,13376,6673995,199,M.angelicum
GCF_025822405.1,NZ_JACKTS010000012.1,9177,6673995,199,M.angelicum
GCF_025822405.1,NZ_JACKTS010000013.1,3243,6673995,199,M.angelicum
GCF_025822405.1,NZ_JACKTS010000014.1,437209,6673995,199,M.angelicum
GCF_025822405.1,NZ_JACKTS010000015.1,5258,6673995,199,M.angelicum
GCF_025822405.1,NZ_JACKTS010000016.1,327352,6673995,199,M.angelicum
GCF_025822405.1,NZ_JACKTS010000017.1,387,6673995,199,M.angelicum
GCF_025822405.1,NZ_JACKTS010000018.1,254382,6673995,199,M.angelicum
GCF_025822405.1,NZ_JACKTS010000019.1,847,6673995,199,M.angelicum
GCF_025822405.1,NZ_JACKTS010000020.1,841,6673995,199,M.angelicum
GCF_025822405.1,NZ_JACKTS010000021.1,261443,6673995,199,M.angelicum
GCF_025822405.1,NZ_JACKTS010000022.1,6297,6673995,199,M.angelicum
GCF_025822405.1,NZ_JACKTS010000023.1,695576,6673995,199,M.angelicum
GCF_025822405.1,NZ_JACKTS010000024.1,77078,6673995,199,M.angelicum
GCF_025822405.1,NZ_JACKTS010000025.1,8737,6673995,199,M.angelicum
GCF_025822405.1,NZ_JACKTS010000026.1,1654,6673995,199,M.angelicum
GCF_025822405.1,NZ_JACKTS010000027.1,82258,6673995,199,M.angelicum
GCF_025822405.1,NZ_JACKTS010000028.1,2572,6673995,199,M.angelicum
GCF_025822405.1,NZ_JACKTS010000029.1,819,6673995,199,M.angelicum
GCF_025822405.1,NZ_JACKTS010000030.1,417,6673995,199,M.angelicum
GCF_025822405.1,NZ_JACKTS010000031.1,1303734,6673995,199,M.angelicum
GCF_025822405.1,NZ_JACKTS010000032.1,1875,6673995,199,M.angelicum
GCF_025822405.1,NZ_JACKTS010000033.1,337,6673995,199,M.angelicum
GCF_025822405.1,NZ_JACKTS010000034.1,367193,6673995,199,M.angelicum
GCF_025822405.1,NZ_JACKTS010000035.1,366,6673995,199,M.angelicum
GCF_025822405.1,NZ_JACKTS010000036.1,112178,6673995,199,M.angelicum
GCF_025822405.1,NZ_JACKTS010000037.1,523259,6673995,199,M.angelicum
GCF_025822405.1,NZ_JACKTS010000038.1,113987,6673995,199,M.angelicum
GCF_025822405.1,NZ_JACKTS010000039.1,423,6673995,199,M.angelicum
GCF_025822405.1,NZ_JACKTS010000040.1,710998,6673995,199,M.angelicum
GCF_025822405.1,NZ_JACKTS010000041.1,741,6673995,199,M.angelicum
GCF_025822405.1,NZ_JACKTS010000042.1,14960,6673995,199,M.angelicum
GCF_025822405.1,NZ_JACKTS010000043.1,270,6673995,199,M.angelicum
GCF_025822405.1,NZ_JACKTS010000044.1,5225,6673995,199,M.angelicum
GCF_025822405.1,NZ_JACKTS010000045.1,324,6673995,199,M.angelicum
GCF_025822405.1,NZ_JACKTS010000046.1,97670,6673995,199,M.angelicum
GCF_025822405.1,NZ_JACKTS010000047.1,100851,6673995,199,M.angelicum
GCF_025822405.1,NZ_JACKTS010000048.1,148372,6673995,199,M.angelicum
GCF_025822405.1,NZ_JACKTS010000049.1,252614,6673995,199,M.angelicum
GCF_025822405.1,NZ_JACKTS010000050.1,377,6673995,199,M.angelicum
GCF_025822405.1,NZ_JACKTS010000051.1,23858,6673995,199,M.angelicum
GCF_025822405.1,NZ_JACKTS010000052.1,593,6673995,199,M.angelicum
GCF_025822405.1,NZ_JACKTS010000053.1,23537,6673995,199,M.angelicum
GCF_025822405.1,NZ_JACKTS010000054.1,105991,6673995,199,M.angelicum
GCF_025822405.1,NZ_JACKTS010000055.1,513,6673995,199,M.angelicum
GCF_025822405.1,NZ_JACKTS010000056.1,56237,6673995,199,M.angelicum
GCF_025822405.1,NZ_JACKTS010000057.1,407,6673995,199,M.angelicum
GCF_025822405.1,NZ_JACKTS010000058.1,165558,6673995,199,M.angelicum
GCF_025822405.1,NZ_JACKTS010000059.1,16042,6673995,199,M.angelicum
GCF_025822405.1,NZ_JACKTS010000060.1,177937,6673995,199,M.angelicum
GCF_025822405.1,NZ_JACKTS010000061.1,69146,6673995,199,M.angelicum
GCF_025822405.1,NZ_JACKTS010000062.1,56722,6673995,199,M.angelicum
GCF_025822405.1,NZ_JACKTS010000063.1,1062,6673995,199,M.angelicum
GCF_025822405.1,NZ_JACKTS010000064.1,645,6673995,199,M.angelicum
GCF_025822405.1,NZ_JACKTS010000065.1,1367,6673995,199,M.angelicum
GCF_010731855.1,NZ_AP022620.1,5696751,5696751,165,M.anyangense
GCF_032883035.1,NZ_JAMQTH010000001.1,893888,7633300,111,M.appelbergii
GCF_032883035.1,NZ_JAMQTH010000002.1,623234,7633300,111,M.appelbergii
GCF_032883035.1,NZ_JAMQTH010000003.1,588404,7633300,111,M.appelbergii
GCF_032883035.1,NZ_JAMQTH010000004.1,469618,7633300,111,M.appelbergii
GCF_032883035.1,NZ_JAMQTH010000005.1,449757,7633300,111,M.appelbergii
GCF_032883035.1,NZ_JAMQTH010000006.1,447346,7633300,111,M.appelbergii
GCF_032883035.1,NZ_JAMQTH010000007.1,446390,7633300,111,M.appelbergii
GCF_032883035.1,NZ_JAMQTH010000008.1,390993,7633300,111,M.appelbergii
GCF_032883035.1,NZ_JAMQTH010000009.1,333110,7633300,111,M.appelbergii
GCF_032883035.1,NZ_JAMQTH010000010.1,281642,7633300,111,M.appelbergii
GCF_032883035.1,NZ_JAMQTH010000011.1,279473,7633300,111,M.appelbergii
GCF_032883035.1,NZ_JAMQTH010000012.1,277557,7633300,111,M.appelbergii
GCF_032883035.1,NZ_JAMQTH010000013.1,252453,7633300,111,M.appelbergii
GCF_032883035.1,NZ_JAMQTH010000014.1,239706,7633300,111,M.appelbergii
GCF_032883035.1,NZ_JAMQTH010000015.1,235179,7633300,111,M.appelbergii
GCF_032883035.1,NZ_JAMQTH010000016.1,210049,7633300,111,M.appelbergii
GCF_032883035.1,NZ_JAMQTH010000017.1,178532,7633300,111,M.appelbergii
GCF_032883035.1,NZ_JAMQTH010000018.1,178336,7633300,111,M.appelbergii
GCF_032883035.1,NZ_JAMQTH010000019.1,170927,7633300,111,M.appelbergii
GCF_032883035.1,NZ_JAMQTH010000020.1,147283,7633300,111,M.appelbergii
GCF_032883035.1,NZ_JAMQTH010000021.1,110467,7633300,111,M.appelbergii
GCF_032883035.1,NZ_JAMQTH010000022.1,105447,7633300,111,M.appelbergii
GCF_032883035.1,NZ_JAMQTH010000023.1,91325,7633300,111,M.appelbergii
GCF_032883035.1,NZ_JAMQTH010000024.1,86295,7633300,111,M.appelbergii
GCF_032883035.1,NZ_JAMQTH010000025.1,48657,7633300,111,M.appelbergii
GCF_032883035.1,NZ_JAMQTH010000026.1,37564,7633300,111,M.appelbergii
GCF_032883035.1,NZ_JAMQTH010000027.1,20151,7633300,111,M.appelbergii
GCF_032883035.1,NZ_JAMQTH010000028.1,18925,7633300,111,M.appelbergii
GCF_032883035.1,NZ_JAMQTH010000029.1,10870,7633300,111,M.appelbergii
GCF_032883035.1,NZ_JAMQTH010000030.1,9722,7633300,111,M.appelbergii
GCF_002086485.1,NZ_MVHF01000001.1,432945,7927592,51,M.aquaticum
GCF_002086485.1,NZ_MVHF01000002.1,403797,7927592,51,M.aquaticum
GCF_002086485.1,NZ_MVHF01000003.1,354582,7927592,51,M.aquaticum
GCF_002086485.1,NZ_MVHF01000004.1,308610,7927592,51,M.aquaticum
GCF_002086485.1,NZ_MVHF01000005.1,288791,7927592,51,M.aquaticum
GCF_002086485.1,NZ_MVHF01000006.1,231651,7927592,51,M.aquaticum
GCF_002086485.1,NZ_MVHF01000007.1,231554,7927592,51,M.aquaticum
GCF_002086485.1,NZ_MVHF01000008.1,219431,7927592,51,M.aquaticum
GCF_002086485.1,NZ_MVHF01000009.1,217794,7927592,51,M.aquaticum
GCF_002086485.1,NZ_MVHF01000010.1,197981,7927592,51,M.aquaticum
GCF_002086485.1,NZ_MVHF01000011.1,164656,7927592,51,M.aquaticum
GCF_002086485.1,NZ_MVHF01000012.1,148563,7927592,51,M.aquaticum
GCF_002086485.1,NZ_MVHF01000013.1,145078,7927592,51,M.aquaticum
GCF_002086485.1,NZ_MVHF01000014.1,143126,7927592,51,M.aquaticum
GCF_002086485.1,NZ_MVHF01000015.1,140360,7927592,51,M.aquaticum
GCF_002086485.1,NZ_MVHF01000016.1,140095,7927592,51,M.aquaticum
GCF_002086485.1,NZ_MVHF01000017.1,139886,7927592,51,M.aquaticum
GCF_002086485.1,NZ_MVHF01000018.1,135946,7927592,51,M.aquaticum
GCF_002086485.1,NZ_MVHF01000019.1,126789,7927592,51,M.aquaticum
GCF_002086485.1,NZ_MVHF01000020.1,119864,7927592,51,M.aquaticum
GCF_002086485.1,NZ_MVHF01000021.1,119024,7927592,51,M.aquaticum
GCF_002086485.1,NZ_MVHF01000022.1,116683,7927592,51,M.aquaticum
GCF_002086485.1,NZ_MVHF01000023.1,108342,7927592,51,M.aquaticum
GCF_002086485.1,NZ_MVHF01000024.1,107124,7927592,51,M.aquaticum
GCF_002086485.1,NZ_MVHF01000025.1,105933,7927592,51,M.aquaticum
GCF_002086485.1,NZ_MVHF01000026.1,104865,7927592,51,M.aquaticum
GCF_002086485.1,NZ_MVHF01000027.1,104162,7927592,51,M.aquaticum
GCF_002086485.1,NZ_MVHF01000028.1,103457,7927592,51,M.aquaticum
GCF_002086485.1,NZ_MVHF01000029.1,102725,7927592,51,M.aquaticum
GCF_002086485.1,NZ_MVHF01000030.1,99824,7927592,51,M.aquaticum
GCF_002086485.1,NZ_MVHF01000031.1,92953,7927592,51,M.aquaticum
GCF_002086485.1,NZ_MVHF01000032.1,89523,7927592,51,M.aquaticum
GCF_002086485.1,NZ_MVHF01000033.1,79763,7927592,51,M.aquaticum
GCF_002086485.1,NZ_MVHF01000034.1,78654,7927592,51,M.aquaticum
GCF_002086485.1,NZ_MVHF01000035.1,76713,7927592,51,M.aquaticum
GCF_002086485.1,NZ_MVHF01000036.1,70936,7927592,51,M.aquaticum
GCF_002086485.1,NZ_MVHF01000037.1,70298,7927592,51,M.aquaticum
GCF_002086485.1,NZ_MVHF01000038.1,69915,7927592,51,M.aquaticum
GCF_002086485.1,NZ_MVHF01000039.1,69544,7927592,51,M.aquaticum
GCF_002086485.1,NZ_MVHF01000040.1,67964,7927592,51,M.aquaticum
GCF_002086485.1,NZ_MVHF01000041.1,67960,7927592,51,M.aquaticum
GCF_002086485.1,NZ_MVHF01000042.1,66876,7927592,51,M.aquaticum
GCF_002086485.1,NZ_MVHF01000043.1,65229,7927592,51,M.aquaticum
GCF_002086485.1,NZ_MVHF01000044.1,64652,7927592,51,M.aquaticum
GCF_002086485.1,NZ_MVHF01000045.1,63382,7927592,51,M.aquaticum
GCF_002086485.1,NZ_MVHF01000046.1,63354,7927592,51,M.aquaticum
GCF_002086485.1,NZ_MVHF01000047.1,62818,7927592,51,M.aquaticum
GCF_002086485.1,NZ_MVHF01000048.1,62615,7927592,51,M.aquaticum
GCF_002086485.1,NZ_MVHF01000049.1,62566,7927592,51,M.aquaticum
GCF_002086485.1,NZ_MVHF01000050.1,62388,7927592,51,M.aquaticum
GCF_002086485.1,NZ_MVHF01000051.1,62379,7927592,51,M.aquaticum
GCF_002086485.1,NZ_MVHF01000052.1,56537,7927592,51,M.aquaticum
GCF_002086485.1,NZ_MVHF01000053.1,55625,7927592,51,M.aquaticum
GCF_002086485.1,NZ_MVHF01000054.1,54323,7927592,51,M.aquaticum
GCF_002086485.1,NZ_MVHF01000055.1,54226,7927592,51,M.aquaticum
GCF_002086485.1,NZ_MVHF01000056.1,52387,7927592,51,M.aquaticum
GCF_002086485.1,NZ_MVHF01000057.1,47091,7927592,51,M.aquaticum
GCF_002086485.1,NZ_MVHF01000058.1,44506,7927592,51,M.aquaticum
GCF_002086485.1,NZ_MVHF01000059.1,44312,7927592,51,M.aquaticum
GCF_002086485.1,NZ_MVHF01000060.1,40853,7927592,51,M.aquaticum
GCF_002086485.1,NZ_MVHF01000061.1,40711,7927592,51,M.aquaticum
GCF_002086485.1,NZ_MVHF01000062.1,40476,7927592,51,M.aquaticum
GCF_002086485.1,NZ_MVHF01000063.1,38726,7927592,51,M.aquaticum
GCF_002086485.1,NZ_MVHF01000064.1,37999,7927592,51,M.aquaticum
GCF_002086485.1,NZ_MVHF01000065.1,36588,7927592,51,M.aquaticum
GCF_002086485.1,NZ_MVHF01000066.1,34817,7927592,51,M.aquaticum
GCF_002086485.1,NZ_MVHF01000067.1,34756,7927592,51,M.aquaticum
GCF_002086485.1,NZ_MVHF01000068.1,33558,7927592,51,M.aquaticum
GCF_002086485.1,NZ_MVHF01000069.1,33219,7927592,51,M.aquaticum
GCF_002086485.1,NZ_MVHF01000070.1,32195,7927592,51,M.aquaticum
GCF_002086485.1,NZ_MVHF01000071.1,27318,7927592,51,M.aquaticum
GCF_002086485.1,NZ_MVHF01000072.1,26879,7927592,51,M.aquaticum
GCF_002086485.1,NZ_MVHF01000073.1,24913,7927592,51,M.aquaticum
GCF_002086485.1,NZ_MVHF01000074.1,24470,7927592,51,M.aquaticum
GCF_002086485.1,NZ_MVHF01000075.1,23349,7927592,51,M.aquaticum
GCF_002086485.1,NZ_MVHF01000076.1,20077,7927592,51,M.aquaticum
GCF_002086485.1,NZ_MVHF01000077.1,17980,7927592,51,M.aquaticum
GCF_002086485.1,NZ_MVHF01000078.1,16050,7927592,51,M.aquaticum
GCF_002086485.1,NZ_MVHF01000079.1,13682,7927592,51,M.aquaticum
GCF_002086485.1,NZ_MVHF01000080.1,13256,7927592,51,M.aquaticum
GCF_002086485.1,NZ_MVHF01000081.1,11422,7927592,51,M.aquaticum
GCF_002086485.1,NZ_MVHF01000082.1,10792,7927592,51,M.aquaticum
GCF_002086485.1,NZ_MVHF01000083.1,10120,7927592,51,M.aquaticum
GCF_002086485.1,NZ_MVHF01000084.1,8199,7927592,51,M.aquaticum
GCF_002086485.1,NZ_MVHF01000085.1,6056,7927592,51,M.aquaticum
GCF_002086485.1,NZ_MVHF01000086.1,3627,7927592,51,M.aquaticum
GCF_002086485.1,NZ_MVHF01000087.1,1860,7927592,51,M.aquaticum
GCF_002086485.1,NZ_MVHF01000088.1,1663,7927592,51,M.aquaticum
GCF_002086485.1,NZ_MVHF01000089.1,1512,7927592,51,M.aquaticum
GCF_002086485.1,NZ_MVHF01000090.1,1437,7927592,51,M.aquaticum
GCF_002086485.1,NZ_MVHF01000091.1,1400,7927592,51,M.aquaticum
GCF_002086485.1,NZ_MVHF01000092.1,1212,7927592,51,M.aquaticum
GCF_002086485.1,NZ_MVHF01000093.1,1194,7927592,51,M.aquaticum
GCF_002086485.1,NZ_MVHF01000094.1,1012,7927592,51,M.aquaticum
GCF_002086485.1,NZ_MVHF01000095.1,996,7927592,51,M.aquaticum
GCF_002086485.1,NZ_MVHF01000096.1,929,7927592,51,M.aquaticum
GCF_002086485.1,NZ_MVHF01000097.1,885,7927592,51,M.aquaticum
GCF_002086485.1,NZ_MVHF01000098.1,875,7927592,51,M.aquaticum
GCF_002086485.1,NZ_MVHF01000099.1,842,7927592,51,M.aquaticum
GCF_002086485.1,NZ_MVHF01000100.1,833,7927592,51,M.aquaticum
GCF_002086485.1,NZ_MVHF01000101.1,815,7927592,51,M.aquaticum
GCF_002086485.1,NZ_MVHF01000102.1,797,7927592,51,M.aquaticum
GCF_002086485.1,NZ_MVHF01000103.1,701,7927592,51,M.aquaticum
GCF_002086485.1,NZ_MVHF01000104.1,597,7927592,51,M.aquaticum
GCF_002086485.1,NZ_MVHF01000105.1,584,7927592,51,M.aquaticum
GCF_002086485.1,NZ_MVHF01000106.1,470,7927592,51,M.aquaticum
GCF_002086485.1,NZ_MVHF01000107.1,412,7927592,51,M.aquaticum
GCF_002086485.1,NZ_MVHF01000108.1,392,7927592,51,M.aquaticum
GCF_002086485.1,NZ_MVHF01000109.1,332,7927592,51,M.aquaticum
GCF_002086485.1,NZ_MVHF01000110.1,326,7927592,51,M.aquaticum
GCF_002086485.1,NZ_MVHF01000111.1,301,7927592,51,M.aquaticum
GCF_010731815.2,NZ_AP022593.1,6017160,6017160,221,M.arabiense
GCF_024320865.1,NZ_JANDBD010000001.1,748067,6822461,175,M.arenosum
GCF_024320865.1,NZ_JANDBD010000002.1,712652,6822461,175,M.arenosum
GCF_024320865.1,NZ_JANDBD010000003.1,651550,6822461,175,M.arenosum
GCF_024320865.1,NZ_JANDBD010000004.1,634244,6822461,175,M.arenosum
GCF_024320865.1,NZ_JANDBD010000005.1,421947,6822461,175,M.arenosum
GCF_024320865.1,NZ_JANDBD010000006.1,406159,6822461,175,M.arenosum
GCF_024320865.1,NZ_JANDBD010000007.1,390176,6822461,175,M.arenosum
GCF_024320865.1,NZ_JANDBD010000008.1,365729,6822461,175,M.arenosum
GCF_024320865.1,NZ_JANDBD010000009.1,351474,6822461,175,M.arenosum
GCF_024320865.1,NZ_JANDBD010000010.1,293972,6822461,175,M.arenosum
GCF_024320865.1,NZ_JANDBD010000011.1,275842,6822461,175,M.arenosum
GCF_024320865.1,NZ_JANDBD010000012.1,244791,6822461,175,M.arenosum
GCF_024320865.1,NZ_JANDBD010000013.1,230028,6822461,175,M.arenosum
GCF_024320865.1,NZ_JANDBD010000014.1,193409,6822461,175,M.arenosum
GCF_024320865.1,NZ_JANDBD010000015.1,170727,6822461,175,M.arenosum
GCF_024320865.1,NZ_JANDBD010000016.1,140992,6822461,175,M.arenosum
GCF_024320865.1,NZ_JANDBD010000017.1,130774,6822461,175,M.arenosum
GCF_024320865.1,NZ_JANDBD010000018.1,130269,6822461,175,M.arenosum
GCF_024320865.1,NZ_JANDBD010000019.1,101891,6822461,175,M.arenosum
GCF_024320865.1,NZ_JANDBD010000020.1,64683,6822461,175,M.arenosum
GCF_024320865.1,NZ_JANDBD010000021.1,53468,6822461,175,M.arenosum
GCF_024320865.1,NZ_JANDBD010000022.1,39451,6822461,175,M.arenosum
GCF_024320865.1,NZ_JANDBD010000023.1,17501,6822461,175,M.arenosum
GCF_024320865.1,NZ_JANDBD010000024.1,11741,6822461,175,M.arenosum
GCF_024320865.1,NZ_JANDBD010000025.1,11051,6822461,175,M.arenosum
GCF_024320865.1,NZ_JANDBD010000026.1,10616,6822461,175,M.arenosum
GCF_024320865.1,NZ_JANDBD010000027.1,4522,6822461,175,M.arenosum
GCF_024320865.1,NZ_JANDBD010000028.1,3615,6822461,175,M.arenosum
GCF_024320865.1,NZ_JANDBD010000029.1,2572,6822461,175,M.arenosum
GCF_024320865.1,NZ_JANDBD010000030.1,1809,6822461,175,M.arenosum
GCF_024320865.1,NZ_JANDBD010000031.1,1587,6822461,175,M.arenosum
GCF_024320865.1,NZ_JANDBD010000032.1,1391,6822461,175,M.arenosum
GCF_024320865.1,NZ_JANDBD010000033.1,1337,6822461,175,M.arenosum
GCF_024320865.1,NZ_JANDBD010000034.1,1329,6822461,175,M.arenosum
GCF_024320865.1,NZ_JANDBD010000035.1,1095,6822461,175,M.arenosum
GCF_000559085.1,NZ_JALN02000001.1,5494915,6297623,83,M.aromaticivorans
GCF_000559085.1,NZ_JALN02000002.1,444037,6297623,83,M.aromaticivorans
GCF_000559085.1,NZ_JALN02000003.1,241028,6297623,83,M.aromaticivorans
GCF_000559085.1,NZ_JALN02000004.1,45160,6297623,83,M.aromaticivorans
GCF_000559085.1,NZ_JALN02000005.1,39493,6297623,83,M.aromaticivorans
GCF_000559085.1,NZ_JALN02000006.1,32990,6297623,83,M.aromaticivorans
GCF_002086125.1,NZ_MVHG01000001.1,222723,5980206,191,M.arosiense
GCF_002086125.1,NZ_MVHG01000002.1,209343,5980206,191,M.arosiense
GCF_002086125.1,NZ_MVHG01000003.1,193164,5980206,191,M.arosiense
GCF_002086125.1,NZ_MVHG01000004.1,188194,5980206,191,M.arosiense
GCF_002086125.1,NZ_MVHG01000005.1,156480,5980206,191,M.arosiense
GCF_002086125.1,NZ_MVHG01000006.1,137083,5980206,191,M.arosiense
GCF_002086125.1,NZ_MVHG01000007.1,122662,5980206,191,M.arosiense
GCF_002086125.1,NZ_MVHG01000008.1,114023,5980206,191,M.arosiense
GCF_002086125.1,NZ_MVHG01000009.1,102602,5980206,191,M.arosiense
GCF_002086125.1,NZ_MVHG01000010.1,101950,5980206,191,M.arosiense
GCF_002086125.1,NZ_MVHG01000011.1,101890,5980206,191,M.arosiense
GCF_002086125.1,NZ_MVHG01000012.1,101400,5980206,191,M.arosiense
GCF_002086125.1,NZ_MVHG01000013.1,101268,5980206,191,M.arosiense
GCF_002086125.1,NZ_MVHG01000014.1,100536,5980206,191,M.arosiense
GCF_002086125.1,NZ_MVHG01000015.1,94917,5980206,191,M.arosiense
GCF_002086125.1,NZ_MVHG01000016.1,93894,5980206,191,M.arosiense
GCF_002086125.1,NZ_MVHG01000017.1,89243,5980206,191,M.arosiense
GCF_002086125.1,NZ_MVHG01000018.1,80031,5980206,191,M.arosiense
GCF_002086125.1,NZ_MVHG01000019.1,71095,5980206,191,M.arosiense
GCF_002086125.1,NZ_MVHG01000020.1,65815,5980206,191,M.arosiense
GCF_002086125.1,NZ_MVHG01000021.1,65735,5980206,191,M.arosiense
GCF_002086125.1,NZ_MVHG01000022.1,64287,5980206,191,M.arosiense
GCF_002086125.1,NZ_MVHG01000023.1,62914,5980206,191,M.arosiense
GCF_002086125.1,NZ_MVHG01000024.1,58559,5980206,191,M.arosiense
GCF_002086125.1,NZ_MVHG01000025.1,58323,5980206,191,M.arosiense
GCF_002086125.1,NZ_MVHG01000026.1,55709,5980206,191,M.arosiense
GCF_002086125.1,NZ_MVHG01000027.1,55002,5980206,191,M.arosiense
GCF_002086125.1,NZ_MVHG01000028.1,54824,5980206,191,M.arosiense
GCF_002086125.1,NZ_MVHG01000029.1,52954,5980206,191,M.arosiense
GCF_002086125.1,NZ_MVHG01000030.1,52657,5980206,191,M.arosiense
GCF_002086125.1,NZ_MVHG01000031.1,48053,5980206,191,M.arosiense
GCF_002086125.1,NZ_MVHG01000032.1,47168,5980206,191,M.arosiense
GCF_002086125.1,NZ_MVHG01000033.1,46959,5980206,191,M.arosiense
GCF_002086125.1,NZ_MVHG01000034.1,45422,5980206,191,M.arosiense
GCF_002086125.1,NZ_MVHG01000035.1,45303,5980206,191,M.arosiense
GCF_002086125.1,NZ_MVHG01000036.1,43939,5980206,191,M.arosiense
GCF_002086125.1,NZ_MVHG01000037.1,43835,5980206,191,M.arosiense
GCF_002086125.1,NZ_MVHG01000038.1,43437,5980206,191,M.arosiense
GCF_002086125.1,NZ_MVHG01000039.1,42440,5980206,191,M.arosiense
GCF_002086125.1,NZ_MVHG01000040.1,41910,5980206,191,M.arosiense
GCF_002086125.1,NZ_MVHG01000041.1,40862,5980206,191,M.arosiense
GCF_002086125.1,NZ_MVHG01000042.1,40459,5980206,191,M.arosiense
GCF_002086125.1,NZ_MVHG01000043.1,40150,5980206,191,M.arosiense
GCF_002086125.1,NZ_MVHG01000044.1,38548,5980206,191,M.arosiense
GCF_002086125.1,NZ_MVHG01000045.1,38200,5980206,191,M.arosiense
GCF_002086125.1,NZ_MVHG01000046.1,38071,5980206,191,M.arosiense
GCF_002086125.1,NZ_MVHG01000047.1,37824,5980206,191,M.arosiense
GCF_002086125.1,NZ_MVHG01000048.1,37697,5980206,191,M.arosiense
GCF_002086125.1,NZ_MVHG01000049.1,37255,5980206,191,M.arosiense
GCF_002086125.1,NZ_MVHG01000050.1,36177,5980206,191,M.arosiense
GCF_002086125.1,NZ_MVHG01000051.1,35802,5980206,191,M.arosiense
GCF_002086125.1,NZ_MVHG01000052.1,35302,5980206,191,M.arosiense
GCF_002086125.1,NZ_MVHG01000053.1,34269,5980206,191,M.arosiense
GCF_002086125.1,NZ_MVHG01000054.1,33684,5980206,191,M.arosiense
GCF_002086125.1,NZ_MVHG01000055.1,33607,5980206,191,M.arosiense
GCF_002086125.1,NZ_MVHG01000056.1,33335,5980206,191,M.arosiense
GCF_002086125.1,NZ_MVHG01000057.1,33214,5980206,191,M.arosiense
GCF_002086125.1,NZ_MVHG01000058.1,33207,5980206,191,M.arosiense
GCF_002086125.1,NZ_MVHG01000059.1,32545,5980206,191,M.arosiense
GCF_002086125.1,NZ_MVHG01000060.1,32396,5980206,191,M.arosiense
GCF_002086125.1,NZ_MVHG01000061.1,31821,5980206,191,M.arosiense
GCF_002086125.1,NZ_MVHG01000062.1,31275,5980206,191,M.arosiense
GCF_002086125.1,NZ_MVHG01000063.1,30490,5980206,191,M.arosiense
GCF_002086125.1,NZ_MVHG01000064.1,30180,5980206,191,M.arosiense
GCF_002086125.1,NZ_MVHG01000065.1,30146,5980206,191,M.arosiense
GCF_002086125.1,NZ_MVHG01000066.1,30010,5980206,191,M.arosiense
GCF_002086125.1,NZ_MVHG01000067.1,28533,5980206,191,M.arosiense
GCF_002086125.1,NZ_MVHG01000068.1,28273,5980206,191,M.arosiense
GCF_002086125.1,NZ_MVHG01000069.1,28021,5980206,191,M.arosiense
GCF_002086125.1,NZ_MVHG01000070.1,28017,5980206,191,M.arosiense
GCF_002086125.1,NZ_MVHG01000071.1,27993,5980206,191,M.arosiense
GCF_002086125.1,NZ_MVHG01000072.1,27443,5980206,191,M.arosiense
GCF_002086125.1,NZ_MVHG01000073.1,27430,5980206,191,M.arosiense
GCF_002086125.1,NZ_MVHG01000074.1,27122,5980206,191,M.arosiense
GCF_002086125.1,NZ_MVHG01000075.1,26355,5980206,191,M.arosiense
GCF_002086125.1,NZ_MVHG01000076.1,25973,5980206,191,M.arosiense
GCF_002086125.1,NZ_MVHG01000077.1,25597,5980206,191,M.arosiense
GCF_002086125.1,NZ_MVHG01000078.1,25258,5980206,191,M.arosiense
GCF_002086125.1,NZ_MVHG01000079.1,23838,5980206,191,M.arosiense
GCF_002086125.1,NZ_MVHG01000080.1,23793,5980206,191,M.arosiense
GCF_002086125.1,NZ_MVHG01000081.1,23372,5980206,191,M.arosiense
GCF_002086125.1,NZ_MVHG01000082.1,23133,5980206,191,M.arosiense
GCF_002086125.1,NZ_MVHG01000083.1,22989,5980206,191,M.arosiense
GCF_002086125.1,NZ_MVHG01000084.1,22781,5980206,191,M.arosiense
GCF_002086125.1,NZ_MVHG01000085.1,22728,5980206,191,M.arosiense
GCF_002086125.1,NZ_MVHG01000086.1,22702,5980206,191,M.arosiense
GCF_002086125.1,NZ_MVHG01000087.1,22540,5980206,191,M.arosiense
GCF_002086125.1,NZ_MVHG01000088.1,22462,5980206,191,M.arosiense
GCF_002086125.1,NZ_MVHG01000089.1,22102,5980206,191,M.arosiense
GCF_002086125.1,NZ_MVHG01000090.1,21887,5980206,191,M.arosiense
GCF_002086125.1,NZ_MVHG01000091.1,21478,5980206,191,M.arosiense
GCF_002086125.1,NZ_MVHG01000092.1,21377,5980206,191,M.arosiense
GCF_002086125.1,NZ_MVHG01000093.1,21216,5980206,191,M.arosiense
GCF_002086125.1,NZ_MVHG01000094.1,20636,5980206,191,M.arosiense
GCF_002086125.1,NZ_MVHG01000095.1,19880,5980206,191,M.arosiense
GCF_002086125.1,NZ_MVHG01000096.1,19828,5980206,191,M.arosiense
GCF_002086125.1,NZ_MVHG01000097.1,19665,5980206,191,M.arosiense
GCF_002086125.1,NZ_MVHG01000098.1,19593,5980206,191,M.arosiense
GCF_002086125.1,NZ_MVHG01000099.1,19540,5980206,191,M.arosiense
GCF_002086125.1,NZ_MVHG01000100.1,18813,5980206,191,M.arosiense
GCF_002086125.1,NZ_MVHG01000101.1,18146,5980206,191,M.arosiense
GCF_002086125.1,NZ_MVHG01000102.1,17465,5980206,191,M.arosiense
GCF_002086125.1,NZ_MVHG01000103.1,17419,5980206,191,M.arosiense
GCF_002086125.1,NZ_MVHG01000104.1,17005,5980206,191,M.arosiense
GCF_002086125.1,NZ_MVHG01000105.1,16683,5980206,191,M.arosiense
GCF_002086125.1,NZ_MVHG01000106.1,16298,5980206,191,M.arosiense
GCF_002086125.1,NZ_MVHG01000107.1,16171,5980206,191,M.arosiense
GCF_002086125.1,NZ_MVHG01000108.1,15864,5980206,191,M.arosiense
GCF_002086125.1,NZ_MVHG01000109.1,15835,5980206,191,M.arosiense
GCF_002086125.1,NZ_MVHG01000110.1,15688,5980206,191,M.arosiense
GCF_002086125.1,NZ_MVHG01000111.1,15051,5980206,191,M.arosiense
GCF_002086125.1,NZ_MVHG01000112.1,14645,5980206,191,M.arosiense
GCF_002086125.1,NZ_MVHG01000113.1,14621,5980206,191,M.arosiense
GCF_002086125.1,NZ_MVHG01000114.1,14615,5980206,191,M.arosiense
GCF_002086125.1,NZ_MVHG01000115.1,14289,5980206,191,M.arosiense
GCF_002086125.1,NZ_MVHG01000116.1,13663,5980206,191,M.arosiense
GCF_002086125.1,NZ_MVHG01000117.1,13514,5980206,191,M.arosiense
GCF_002086125.1,NZ_MVHG01000118.1,13042,5980206,191,M.arosiense
GCF_002086125.1,NZ_MVHG01000119.1,13038,5980206,191,M.arosiense
GCF_002086125.1,NZ_MVHG01000120.1,12948,5980206,191,M.arosiense
GCF_002086125.1,NZ_MVHG01000121.1,12039,5980206,191,M.arosiense
GCF_002086125.1,NZ_MVHG01000122.1,11994,5980206,191,M.arosiense
GCF_002086125.1,NZ_MVHG01000123.1,11368,5980206,191,M.arosiense
GCF_002086125.1,NZ_MVHG01000124.1,11244,5980206,191,M.arosiense
GCF_002086125.1,NZ_MVHG01000125.1,10788,5980206,191,M.arosiense
GCF_002086125.1,NZ_MVHG01000126.1,10695,5980206,191,M.arosiense
GCF_002086125.1,NZ_MVHG01000127.1,10121,5980206,191,M.arosiense
GCF_002086125.1,NZ_MVHG01000128.1,10076,5980206,191,M.arosiense
GCF_002086125.1,NZ_MVHG01000129.1,9452,5980206,191,M.arosiense
GCF_002086125.1,NZ_MVHG01000130.1,9328,5980206,191,M.arosiense
GCF_002086125.1,NZ_MVHG01000131.1,9312,5980206,191,M.arosiense
GCF_002086125.1,NZ_MVHG01000132.1,9219,5980206,191,M.arosiense
GCF_002086125.1,NZ_MVHG01000133.1,9186,5980206,191,M.arosiense
GCF_002086125.1,NZ_MVHG01000134.1,9043,5980206,191,M.arosiense
GCF_002086125.1,NZ_MVHG01000135.1,8581,5980206,191,M.arosiense
GCF_002086125.1,NZ_MVHG01000136.1,8338,5980206,191,M.arosiense
GCF_002086125.1,NZ_MVHG01000137.1,7954,5980206,191,M.arosiense
GCF_002086125.1,NZ_MVHG01000138.1,7737,5980206,191,M.arosiense
GCF_002086125.1,NZ_MVHG01000139.1,7716,5980206,191,M.arosiense
GCF_002086125.1,NZ_MVHG01000140.1,7712,5980206,191,M.arosiense
GCF_002086125.1,NZ_MVHG01000141.1,6900,5980206,191,M.arosiense
GCF_002086125.1,NZ_MVHG01000142.1,6691,5980206,191,M.arosiense
GCF_002086125.1,NZ_MVHG01000143.1,6597,5980206,191,M.arosiense
GCF_002086125.1,NZ_MVHG01000144.1,6134,5980206,191,M.arosiense
GCF_002086125.1,NZ_MVHG01000145.1,5975,5980206,191,M.arosiense
GCF_002086125.1,NZ_MVHG01000146.1,5698,5980206,191,M.arosiense
GCF_002086125.1,NZ_MVHG01000147.1,5559,5980206,191,M.arosiense
GCF_002086125.1,NZ_MVHG01000148.1,5441,5980206,191,M.arosiense
GCF_002086125.1,NZ_MVHG01000149.1,5388,5980206,191,M.arosiense
GCF_002086125.1,NZ_MVHG01000150.1,5179,5980206,191,M.arosiense
GCF_002086125.1,NZ_MVHG01000151.1,5072,5980206,191,M.arosiense
GCF_002086125.1,NZ_MVHG01000152.1,5009,5980206,191,M.arosiense
GCF_002086125.1,NZ_MVHG01000153.1,4918,5980206,191,M.arosiense
GCF_002086125.1,NZ_MVHG01000154.1,4901,5980206,191,M.arosiense
GCF_002086125.1,NZ_MVHG01000155.1,4730,5980206,191,M.arosiense
GCF_002086125.1,NZ_MVHG01000156.1,4112,5980206,191,M.arosiense
GCF_002086125.1,NZ_MVHG01000157.1,4109,5980206,191,M.arosiense
GCF_002086125.1,NZ_MVHG01000158.1,3989,5980206,191,M.arosiense
GCF_002086125.1,NZ_MVHG01000159.1,3939,5980206,191,M.arosiense
GCF_002086125.1,NZ_MVHG01000160.1,3855,5980206,191,M.arosiense
GCF_002086125.1,NZ_MVHG01000161.1,3569,5980206,191,M.arosiense
GCF_002086125.1,NZ_MVHG01000162.1,3508,5980206,191,M.arosiense
GCF_002086125.1,NZ_MVHG01000163.1,3495,5980206,191,M.arosiense
GCF_002086125.1,NZ_MVHG01000164.1,3474,5980206,191,M.arosiense
GCF_002086125.1,NZ_MVHG01000165.1,3452,5980206,191,M.arosiense
GCF_002086125.1,NZ_MVHG01000166.1,3433,5980206,191,M.arosiense
GCF_002086125.1,NZ_MVHG01000167.1,3274,5980206,191,M.arosiense
GCF_002086125.1,NZ_MVHG01000168.1,3089,5980206,191,M.arosiense
GCF_002086125.1,NZ_MVHG01000169.1,2929,5980206,191,M.arosiense
GCF_002086125.1,NZ_MVHG01000170.1,2926,5980206,191,M.arosiense
GCF_002086125.1,NZ_MVHG01000171.1,2862,5980206,191,M.arosiense
GCF_002086125.1,NZ_MVHG01000172.1,2840,5980206,191,M.arosiense
GCF_002086125.1,NZ_MVHG01000173.1,2835,5980206,191,M.arosiense
GCF_002086125.1,NZ_MVHG01000174.1,2715,5980206,191,M.arosiense
GCF_002086125.1,NZ_MVHG01000175.1,2645,5980206,191,M.arosiense
GCF_002086125.1,NZ_MVHG01000176.1,2616,5980206,191,M.arosiense
GCF_002086125.1,NZ_MVHG01000177.1,2500,5980206,191,M.arosiense
GCF_002086125.1,NZ_MVHG01000178.1,2500,5980206,191,M.arosiense
GCF_002086125.1,NZ_MVHG01000179.1,2483,5980206,191,M.arosiense
GCF_002086125.1,NZ_MVHG01000180.1,2466,5980206,191,M.arosiense
GCF_002086125.1,NZ_MVHG01000181.1,2406,5980206,191,M.arosiense
GCF_002086125.1,NZ_MVHG01000182.1,2334,5980206,191,M.arosiense
GCF_002086125.1,NZ_MVHG01000183.1,2265,5980206,191,M.arosiense
GCF_002086125.1,NZ_MVHG01000184.1,2259,5980206,191,M.arosiense
GCF_002086125.1,NZ_MVHG01000185.1,2134,5980206,191,M.arosiense
GCF_002086125.1,NZ_MVHG01000186.1,2022,5980206,191,M.arosiense
GCF_002086125.1,NZ_MVHG01000187.1,2014,5980206,191,M.arosiense
GCF_002086125.1,NZ_MVHG01000188.1,1939,5980206,191,M.arosiense
GCF_002086125.1,NZ_MVHG01000189.1,1798,5980206,191,M.arosiense
GCF_002086125.1,NZ_MVHG01000190.1,1733,5980206,191,M.arosiense
GCF_002086125.1,NZ_MVHG01000191.1,1670,5980206,191,M.arosiense
GCF_002086125.1,NZ_MVHG01000192.1,1626,5980206,191,M.arosiense
GCF_002086125.1,NZ_MVHG01000193.1,1519,5980206,191,M.arosiense
GCF_002086125.1,NZ_MVHG01000194.1,1501,5980206,191,M.arosiense
GCF_002086125.1,NZ_MVHG01000195.1,1464,5980206,191,M.arosiense
GCF_002086125.1,NZ_MVHG01000196.1,1448,5980206,191,M.arosiense
GCF_002086125.1,NZ_MVHG01000197.1,1447,5980206,191,M.arosiense
GCF_002086125.1,NZ_MVHG01000198.1,1414,5980206,191,M.arosiense
GCF_002086125.1,NZ_MVHG01000199.1,1409,5980206,191,M.arosiense
GCF_002086125.1,NZ_MVHG01000200.1,1394,5980206,191,M.arosiense
GCF_002086125.1,NZ_MVHG01000201.1,1355,5980206,191,M.arosiense
GCF_002086125.1,NZ_MVHG01000202.1,1185,5980206,191,M.arosiense
GCF_002086125.1,NZ_MVHG01000203.1,1216,5980206,191,M.arosiense
GCF_002086125.1,NZ_MVHG01000204.1,1211,5980206,191,M.arosiense
GCF_002086125.1,NZ_MVHG01000205.1,1139,5980206,191,M.arosiense
GCF_002086125.1,NZ_MVHG01000206.1,1132,5980206,191,M.arosiense
GCF_002086125.1,NZ_MVHG01000207.1,1089,5980206,191,M.arosiense
GCF_002086125.1,NZ_MVHG01000208.1,1088,5980206,191,M.arosiense
GCF_002086125.1,NZ_MVHG01000209.1,1079,5980206,191,M.arosiense
GCF_002086125.1,NZ_MVHG01000210.1,1078,5980206,191,M.arosiense
GCF_002086125.1,NZ_MVHG01000211.1,977,5980206,191,M.arosiense
GCF_002086125.1,NZ_MVHG01000212.1,971,5980206,191,M.arosiense
GCF_002086125.1,NZ_MVHG01000213.1,965,5980206,191,M.arosiense
GCF_002086125.1,NZ_MVHG01000214.1,949,5980206,191,M.arosiense
GCF_002086125.1,NZ_MVHG01000215.1,920,5980206,191,M.arosiense
GCF_002086125.1,NZ_MVHG01000216.1,919,5980206,191,M.arosiense
GCF_002086125.1,NZ_MVHG01000217.1,908,5980206,191,M.arosiense
GCF_002086125.1,NZ_MVHG01000218.1,897,5980206,191,M.arosiense
GCF_002086125.1,NZ_MVHG01000219.1,880,5980206,191,M.arosiense
GCF_002086125.1,NZ_MVHG01000220.1,801,5980206,191,M.arosiense
GCF_002086125.1,NZ_MVHG01000221.1,776,5980206,191,M.arosiense
GCF_002086125.1,NZ_MVHG01000222.1,742,5980206,191,M.arosiense
GCF_002086125.1,NZ_MVHG01000223.1,732,5980206,191,M.arosiense
GCF_002086125.1,NZ_MVHG01000224.1,705,5980206,191,M.arosiense
GCF_002086125.1,NZ_MVHG01000225.1,689,5980206,191,M.arosiense
GCF_002086125.1,NZ_MVHG01000226.1,679,5980206,191,M.arosiense
GCF_002086125.1,NZ_MVHG01000227.1,668,5980206,191,M.arosiense
GCF_002086125.1,NZ_MVHG01000228.1,636,5980206,191,M.arosiense
GCF_002086125.1,NZ_MVHG01000229.1,632,5980206,191,M.arosiense
GCF_002086125.1,NZ_MVHG01000230.1,630,5980206,191,M.arosiense
GCF_002086125.1,NZ_MVHG01000231.1,620,5980206,191,M.arosiense
GCF_002086125.1,NZ_MVHG01000232.1,616,5980206,191,M.arosiense
GCF_002086125.1,NZ_MVHG01000233.1,595,5980206,191,M.arosiense
GCF_002086125.1,NZ_MVHG01000234.1,593,5980206,191,M.arosiense
GCF_002086125.1,NZ_MVHG01000235.1,576,5980206,191,M.arosiense
GCF_002086125.1,NZ_MVHG01000236.1,573,5980206,191,M.arosiense
GCF_002086125.1,NZ_MVHG01000237.1,560,5980206,191,M.arosiense
GCF_002086125.1,NZ_MVHG01000238.1,556,5980206,191,M.arosiense
GCF_002086125.1,NZ_MVHG01000239.1,550,5980206,191,M.arosiense
GCF_002086125.1,NZ_MVHG01000240.1,549,5980206,191,M.arosiense
GCF_002086125.1,NZ_MVHG01000241.1,543,5980206,191,M.arosiense
GCF_002086125.1,NZ_MVHG01000242.1,508,5980206,191,M.arosiense
GCF_002086125.1,NZ_MVHG01000243.1,483,5980206,191,M.arosiense
GCF_002086125.1,NZ_MVHG01000244.1,459,5980206,191,M.arosiense
GCF_002086125.1,NZ_MVHG01000245.1,453,5980206,191,M.arosiense
GCF_002086125.1,NZ_MVHG01000246.1,449,5980206,191,M.arosiense
GCF_002086125.1,NZ_MVHG01000247.1,433,5980206,191,M.arosiense
GCF_002086125.1,NZ_MVHG01000248.1,429,5980206,191,M.arosiense
GCF_002086125.1,NZ_MVHG01000249.1,424,5980206,191,M.arosiense
GCF_002086125.1,NZ_MVHG01000250.1,424,5980206,191,M.arosiense
GCF_002086125.1,NZ_MVHG01000251.1,416,5980206,191,M.arosiense
GCF_002086125.1,NZ_MVHG01000252.1,416,5980206,191,M.arosiense
GCF_002086125.1,NZ_MVHG01000253.1,413,5980206,191,M.arosiense
GCF_002086125.1,NZ_MVHG01000254.1,411,5980206,191,M.arosiense
GCF_002086125.1,NZ_MVHG01000255.1,410,5980206,191,M.arosiense
GCF_002086125.1,NZ_MVHG01000256.1,402,5980206,191,M.arosiense
GCF_002086125.1,NZ_MVHG01000257.1,399,5980206,191,M.arosiense
GCF_002086125.1,NZ_MVHG01000258.1,398,5980206,191,M.arosiense
GCF_002086125.1,NZ_MVHG01000259.1,397,5980206,191,M.arosiense
GCF_002086125.1,NZ_MVHG01000260.1,394,5980206,191,M.arosiense
GCF_002086125.1,NZ_MVHG01000261.1,393,5980206,191,M.arosiense
GCF_002086125.1,NZ_MVHG01000262.1,386,5980206,191,M.arosiense
GCF_002086125.1,NZ_MVHG01000263.1,385,5980206,191,M.arosiense
GCF_002086125.1,NZ_MVHG01000264.1,380,5980206,191,M.arosiense
GCF_002086125.1,NZ_MVHG01000265.1,377,5980206,191,M.arosiense
GCF_002086125.1,NZ_MVHG01000266.1,376,5980206,191,M.arosiense
GCF_002086125.1,NZ_MVHG01000267.1,361,5980206,191,M.arosiense
GCF_002086125.1,NZ_MVHG01000268.1,361,5980206,191,M.arosiense
GCF_002086125.1,NZ_MVHG01000269.1,358,5980206,191,M.arosiense
GCF_002086125.1,NZ_MVHG01000270.1,354,5980206,191,M.arosiense
GCF_002086125.1,NZ_MVHG01000271.1,350,5980206,191,M.arosiense
GCF_002086125.1,NZ_MVHG01000272.1,348,5980206,191,M.arosiense
GCF_002086125.1,NZ_MVHG01000273.1,348,5980206,191,M.arosiense
GCF_002086125.1,NZ_MVHG01000274.1,343,5980206,191,M.arosiense
GCF_002086125.1,NZ_MVHG01000275.1,342,5980206,191,M.arosiense
GCF_002086125.1,NZ_MVHG01000276.1,337,5980206,191,M.arosiense
GCF_002086125.1,NZ_MVHG01000277.1,335,5980206,191,M.arosiense
GCF_002086125.1,NZ_MVHG01000278.1,334,5980206,191,M.arosiense
GCF_002086125.1,NZ_MVHG01000279.1,334,5980206,191,M.arosiense
GCF_002086125.1,NZ_MVHG01000280.1,334,5980206,191,M.arosiense
GCF_002086125.1,NZ_MVHG01000281.1,331,5980206,191,M.arosiense
GCF_002086125.1,NZ_MVHG01000282.1,330,5980206,191,M.arosiense
GCF_002086125.1,NZ_MVHG01000283.1,328,5980206,191,M.arosiense
GCF_002086125.1,NZ_MVHG01000284.1,327,5980206,191,M.arosiense
GCF_002086125.1,NZ_MVHG01000285.1,324,5980206,191,M.arosiense
GCF_002086125.1,NZ_MVHG01000286.1,323,5980206,191,M.arosiense
GCF_002086125.1,NZ_MVHG01000287.1,322,5980206,191,M.arosiense
GCF_002086125.1,NZ_MVHG01000288.1,321,5980206,191,M.arosiense
GCF_002086125.1,NZ_MVHG01000289.1,319,5980206,191,M.arosiense
GCF_002086125.1,NZ_MVHG01000290.1,318,5980206,191,M.arosiense
GCF_002086125.1,NZ_MVHG01000291.1,313,5980206,191,M.arosiense
GCF_002086125.1,NZ_MVHG01000292.1,311,5980206,191,M.arosiense
GCF_002086125.1,NZ_MVHG01000293.1,308,5980206,191,M.arosiense
GCF_002086125.1,NZ_MVHG01000294.1,306,5980206,191,M.arosiense
GCF_002086125.1,NZ_MVHG01000295.1,306,5980206,191,M.arosiense
GCF_002086125.1,NZ_MVHG01000296.1,305,5980206,191,M.arosiense
GCF_002086125.1,NZ_MVHG01000297.1,304,5980206,191,M.arosiense
GCF_002086125.1,NZ_MVHG01000298.1,301,5980206,191,M.arosiense
GCF_002086125.1,NZ_MVHG01000299.1,298,5980206,191,M.arosiense
GCF_002086125.1,NZ_MVHG01000300.1,293,5980206,191,M.arosiense
GCF_002086125.1,NZ_MVHG01000301.1,292,5980206,191,M.arosiense
GCF_002086125.1,NZ_MVHG01000302.1,291,5980206,191,M.arosiense
GCF_002086125.1,NZ_MVHG01000303.1,291,5980206,191,M.arosiense
GCF_002086125.1,NZ_MVHG01000304.1,291,5980206,191,M.arosiense
GCF_002086125.1,NZ_MVHG01000305.1,290,5980206,191,M.arosiense
GCF_002086125.1,NZ_MVHG01000306.1,289,5980206,191,M.arosiense
GCF_002086125.1,NZ_MVHG01000307.1,288,5980206,191,M.arosiense
GCF_002086125.1,NZ_MVHG01000308.1,288,5980206,191,M.arosiense
GCF_002086125.1,NZ_MVHG01000309.1,287,5980206,191,M.arosiense
GCF_002086125.1,NZ_MVHG01000310.1,286,5980206,191,M.arosiense
GCF_002086125.1,NZ_MVHG01000311.1,286,5980206,191,M.arosiense
GCF_002086125.1,NZ_MVHG01000312.1,285,5980206,191,M.arosiense
GCF_002086125.1,NZ_MVHG01000313.1,285,5980206,191,M.arosiense
GCF_002086125.1,NZ_MVHG01000314.1,282,5980206,191,M.arosiense
GCF_002086125.1,NZ_MVHG01000315.1,281,5980206,191,M.arosiense
GCF_002086125.1,NZ_MVHG01000316.1,281,5980206,191,M.arosiense
GCF_002086125.1,NZ_MVHG01000317.1,278,5980206,191,M.arosiense
GCF_002086125.1,NZ_MVHG01000318.1,278,5980206,191,M.arosiense
GCF_002086125.1,NZ_MVHG01000319.1,277,5980206,191,M.arosiense
GCF_002086125.1,NZ_MVHG01000320.1,273,5980206,191,M.arosiense
GCF_002086125.1,NZ_MVHG01000321.1,272,5980206,191,M.arosiense
GCF_002086125.1,NZ_MVHG01000322.1,271,5980206,191,M.arosiense
GCF_002086125.1,NZ_MVHG01000323.1,271,5980206,191,M.arosiense
GCF_002086125.1,NZ_MVHG01000324.1,271,5980206,191,M.arosiense
GCF_002086125.1,NZ_MVHG01000325.1,269,5980206,191,M.arosiense
GCF_002086125.1,NZ_MVHG01000326.1,267,5980206,191,M.arosiense
GCF_002086125.1,NZ_MVHG01000327.1,266,5980206,191,M.arosiense
GCF_002086125.1,NZ_MVHG01000328.1,264,5980206,191,M.arosiense
GCF_002086125.1,NZ_MVHG01000329.1,262,5980206,191,M.arosiense
GCF_002086125.1,NZ_MVHG01000330.1,262,5980206,191,M.arosiense
GCF_002086125.1,NZ_MVHG01000331.1,262,5980206,191,M.arosiense
GCF_002086125.1,NZ_MVHG01000332.1,259,5980206,191,M.arosiense
GCF_002086125.1,NZ_MVHG01000333.1,259,5980206,191,M.arosiense
GCF_002086125.1,NZ_MVHG01000334.1,259,5980206,191,M.arosiense
GCF_002086125.1,NZ_MVHG01000335.1,258,5980206,191,M.arosiense
GCF_002086125.1,NZ_MVHG01000336.1,258,5980206,191,M.arosiense
GCF_002086125.1,NZ_MVHG01000337.1,258,5980206,191,M.arosiense
GCF_002086125.1,NZ_MVHG01000338.1,255,5980206,191,M.arosiense
GCF_002086125.1,NZ_MVHG01000339.1,254,5980206,191,M.arosiense
GCF_002086125.1,NZ_MVHG01000340.1,252,5980206,191,M.arosiense
GCF_002086125.1,NZ_MVHG01000341.1,251,5980206,191,M.arosiense
GCF_002086125.1,NZ_MVHG01000342.1,251,5980206,191,M.arosiense
GCF_002086125.1,NZ_MVHG01000343.1,250,5980206,191,M.arosiense
GCF_002086125.1,NZ_MVHG01000344.1,249,5980206,191,M.arosiense
GCF_002086125.1,NZ_MVHG01000345.1,249,5980206,191,M.arosiense
GCF_002086125.1,NZ_MVHG01000346.1,247,5980206,191,M.arosiense
GCF_002086125.1,NZ_MVHG01000347.1,247,5980206,191,M.arosiense
GCF_002086125.1,NZ_MVHG01000348.1,246,5980206,191,M.arosiense
GCF_002086125.1,NZ_MVHG01000349.1,246,5980206,191,M.arosiense
GCF_002086125.1,NZ_MVHG01000350.1,246,5980206,191,M.arosiense
GCF_002086125.1,NZ_MVHG01000351.1,245,5980206,191,M.arosiense
GCF_002086125.1,NZ_MVHG01000352.1,245,5980206,191,M.arosiense
GCF_002086125.1,NZ_MVHG01000353.1,245,5980206,191,M.arosiense
GCF_002086125.1,NZ_MVHG01000354.1,245,5980206,191,M.arosiense
GCF_002086125.1,NZ_MVHG01000355.1,245,5980206,191,M.arosiense
GCF_002086125.1,NZ_MVHG01000356.1,244,5980206,191,M.arosiense
GCF_002086125.1,NZ_MVHG01000357.1,244,5980206,191,M.arosiense
GCF_002086125.1,NZ_MVHG01000358.1,244,5980206,191,M.arosiense
GCF_002086125.1,NZ_MVHG01000359.1,244,5980206,191,M.arosiense
GCF_002086125.1,NZ_MVHG01000360.1,244,5980206,191,M.arosiense
GCF_002086125.1,NZ_MVHG01000361.1,244,5980206,191,M.arosiense
GCF_002086125.1,NZ_MVHG01000362.1,243,5980206,191,M.arosiense
GCF_002086125.1,NZ_MVHG01000363.1,243,5980206,191,M.arosiense
GCF_002086125.1,NZ_MVHG01000364.1,243,5980206,191,M.arosiense
GCF_002086125.1,NZ_MVHG01000365.1,243,5980206,191,M.arosiense
GCF_002086125.1,NZ_MVHG01000366.1,242,5980206,191,M.arosiense
GCF_002086125.1,NZ_MVHG01000367.1,242,5980206,191,M.arosiense
GCF_002086125.1,NZ_MVHG01000368.1,242,5980206,191,M.arosiense
GCF_002086125.1,NZ_MVHG01000369.1,242,5980206,191,M.arosiense
GCF_002086125.1,NZ_MVHG01000370.1,242,5980206,191,M.arosiense
GCF_002086125.1,NZ_MVHG01000371.1,242,5980206,191,M.arosiense
GCF_002086125.1,NZ_MVHG01000372.1,242,5980206,191,M.arosiense
GCF_002086125.1,NZ_MVHG01000373.1,242,5980206,191,M.arosiense
GCF_002086125.1,NZ_MVHG01000374.1,241,5980206,191,M.arosiense
GCF_002086125.1,NZ_MVHG01000375.1,241,5980206,191,M.arosiense
GCF_002086125.1,NZ_MVHG01000376.1,241,5980206,191,M.arosiense
GCF_002086125.1,NZ_MVHG01000377.1,241,5980206,191,M.arosiense
GCF_002086125.1,NZ_MVHG01000378.1,241,5980206,191,M.arosiense
GCF_002086125.1,NZ_MVHG01000379.1,240,5980206,191,M.arosiense
GCF_002086125.1,NZ_MVHG01000380.1,240,5980206,191,M.arosiense
GCF_002086125.1,NZ_MVHG01000381.1,240,5980206,191,M.arosiense
GCF_002086125.1,NZ_MVHG01000382.1,240,5980206,191,M.arosiense
GCF_002086125.1,NZ_MVHG01000383.1,240,5980206,191,M.arosiense
GCF_002086125.1,NZ_MVHG01000384.1,240,5980206,191,M.arosiense
GCF_002086125.1,NZ_MVHG01000385.1,240,5980206,191,M.arosiense
GCF_002086125.1,NZ_MVHG01000386.1,239,5980206,191,M.arosiense
GCF_002086125.1,NZ_MVHG01000387.1,239,5980206,191,M.arosiense
GCF_002086125.1,NZ_MVHG01000388.1,239,5980206,191,M.arosiense
GCF_002086125.1,NZ_MVHG01000389.1,239,5980206,191,M.arosiense
GCF_002086125.1,NZ_MVHG01000390.1,238,5980206,191,M.arosiense
GCF_002086125.1,NZ_MVHG01000391.1,238,5980206,191,M.arosiense
GCF_002086125.1,NZ_MVHG01000392.1,238,5980206,191,M.arosiense
GCF_002086125.1,NZ_MVHG01000393.1,238,5980206,191,M.arosiense
GCF_002086125.1,NZ_MVHG01000394.1,237,5980206,191,M.arosiense
GCF_002086125.1,NZ_MVHG01000395.1,237,5980206,191,M.arosiense
GCF_002086125.1,NZ_MVHG01000396.1,237,5980206,191,M.arosiense
GCF_002086125.1,NZ_MVHG01000397.1,237,5980206,191,M.arosiense
GCF_002086125.1,NZ_MVHG01000398.1,237,5980206,191,M.arosiense
GCF_002086125.1,NZ_MVHG01000399.1,236,5980206,191,M.arosiense
GCF_002086125.1,NZ_MVHG01000400.1,236,5980206,191,M.arosiense
GCF_002086125.1,NZ_MVHG01000401.1,236,5980206,191,M.arosiense
GCF_002086125.1,NZ_MVHG01000402.1,236,5980206,191,M.arosiense
GCF_002086125.1,NZ_MVHG01000403.1,236,5980206,191,M.arosiense
GCF_002086125.1,NZ_MVHG01000404.1,236,5980206,191,M.arosiense
GCF_002086125.1,NZ_MVHG01000405.1,236,5980206,191,M.arosiense
GCF_002086125.1,NZ_MVHG01000406.1,235,5980206,191,M.arosiense
GCF_002086125.1,NZ_MVHG01000407.1,235,5980206,191,M.arosiense
GCF_002086125.1,NZ_MVHG01000408.1,235,5980206,191,M.arosiense
GCF_002086125.1,NZ_MVHG01000409.1,235,5980206,191,M.arosiense
GCF_002086125.1,NZ_MVHG01000410.1,235,5980206,191,M.arosiense
GCF_002086125.1,NZ_MVHG01000411.1,235,5980206,191,M.arosiense
GCF_002086125.1,NZ_MVHG01000412.1,235,5980206,191,M.arosiense
GCF_002086125.1,NZ_MVHG01000413.1,234,5980206,191,M.arosiense
GCF_002086125.1,NZ_MVHG01000414.1,234,5980206,191,M.arosiense
GCF_002086125.1,NZ_MVHG01000415.1,234,5980206,191,M.arosiense
GCF_002086125.1,NZ_MVHG01000416.1,234,5980206,191,M.arosiense
GCF_002086125.1,NZ_MVHG01000417.1,234,5980206,191,M.arosiense
GCF_002086125.1,NZ_MVHG01000418.1,234,5980206,191,M.arosiense
GCF_002086125.1,NZ_MVHG01000419.1,234,5980206,191,M.arosiense
GCF_002086125.1,NZ_MVHG01000420.1,233,5980206,191,M.arosiense
GCF_002086125.1,NZ_MVHG01000421.1,233,5980206,191,M.arosiense
GCF_002086125.1,NZ_MVHG01000422.1,233,5980206,191,M.arosiense
GCF_002086125.1,NZ_MVHG01000423.1,233,5980206,191,M.arosiense
GCF_002086125.1,NZ_MVHG01000424.1,233,5980206,191,M.arosiense
GCF_002086125.1,NZ_MVHG01000425.1,233,5980206,191,M.arosiense
GCF_002086125.1,NZ_MVHG01000426.1,233,5980206,191,M.arosiense
GCF_002086125.1,NZ_MVHG01000427.1,233,5980206,191,M.arosiense
GCF_002086125.1,NZ_MVHG01000428.1,233,5980206,191,M.arosiense
GCF_002086125.1,NZ_MVHG01000429.1,233,5980206,191,M.arosiense
GCF_002086125.1,NZ_MVHG01000430.1,233,5980206,191,M.arosiense
GCF_002086125.1,NZ_MVHG01000431.1,233,5980206,191,M.arosiense
GCF_002086125.1,NZ_MVHG01000432.1,232,5980206,191,M.arosiense
GCF_002086125.1,NZ_MVHG01000433.1,232,5980206,191,M.arosiense
GCF_002086125.1,NZ_MVHG01000434.1,232,5980206,191,M.arosiense
GCF_002086125.1,NZ_MVHG01000435.1,232,5980206,191,M.arosiense
GCF_002086125.1,NZ_MVHG01000436.1,232,5980206,191,M.arosiense
GCF_002086125.1,NZ_MVHG01000437.1,232,5980206,191,M.arosiense
GCF_002086125.1,NZ_MVHG01000438.1,231,5980206,191,M.arosiense
GCF_002086125.1,NZ_MVHG01000439.1,231,5980206,191,M.arosiense
GCF_002086125.1,NZ_MVHG01000440.1,231,5980206,191,M.arosiense
GCF_002086125.1,NZ_MVHG01000441.1,231,5980206,191,M.arosiense
GCF_002086125.1,NZ_MVHG01000442.1,231,5980206,191,M.arosiense
GCF_002086125.1,NZ_MVHG01000443.1,231,5980206,191,M.arosiense
GCF_002086125.1,NZ_MVHG01000444.1,230,5980206,191,M.arosiense
GCF_002086125.1,NZ_MVHG01000445.1,230,5980206,191,M.arosiense
GCF_002086125.1,NZ_MVHG01000446.1,230,5980206,191,M.arosiense
GCF_002086125.1,NZ_MVHG01000447.1,230,5980206,191,M.arosiense
GCF_002086125.1,NZ_MVHG01000448.1,230,5980206,191,M.arosiense
GCF_002086125.1,NZ_MVHG01000449.1,230,5980206,191,M.arosiense
GCF_002086125.1,NZ_MVHG01000450.1,230,5980206,191,M.arosiense
GCF_002086125.1,NZ_MVHG01000451.1,230,5980206,191,M.arosiense
GCF_002086125.1,NZ_MVHG01000452.1,230,5980206,191,M.arosiense
GCF_002086125.1,NZ_MVHG01000453.1,229,5980206,191,M.arosiense
GCF_002086125.1,NZ_MVHG01000454.1,229,5980206,191,M.arosiense
GCF_002086125.1,NZ_MVHG01000455.1,229,5980206,191,M.arosiense
GCF_002086125.1,NZ_MVHG01000456.1,229,5980206,191,M.arosiense
GCF_002086125.1,NZ_MVHG01000457.1,229,5980206,191,M.arosiense
GCF_002086125.1,NZ_MVHG01000458.1,229,5980206,191,M.arosiense
GCF_002086125.1,NZ_MVHG01000459.1,229,5980206,191,M.arosiense
GCF_002086125.1,NZ_MVHG01000460.1,229,5980206,191,M.arosiense
GCF_002086125.1,NZ_MVHG01000461.1,229,5980206,191,M.arosiense
GCF_002086125.1,NZ_MVHG01000462.1,229,5980206,191,M.arosiense
GCF_002086125.1,NZ_MVHG01000463.1,229,5980206,191,M.arosiense
GCF_002086125.1,NZ_MVHG01000464.1,229,5980206,191,M.arosiense
GCF_002086125.1,NZ_MVHG01000465.1,210,5980206,191,M.arosiense
GCF_030519285.1,NZ_JAUMSQ010000001.1,151607,6212204,10,M.arseniciresistens
GCF_030519285.1,NZ_JAUMSQ010000002.1,6316,6212204,10,M.arseniciresistens
GCF_030519285.1,NZ_JAUMSQ010000003.1,60579,6212204,10,M.arseniciresistens
GCF_030519285.1,NZ_JAUMSQ010000004.1,55679,6212204,10,M.arseniciresistens
GCF_030519285.1,NZ_JAUMSQ010000005.1,91131,6212204,10,M.arseniciresistens
GCF_030519285.1,NZ_JAUMSQ010000006.1,18444,6212204,10,M.arseniciresistens
GCF_030519285.1,NZ_JAUMSQ010000007.1,108490,6212204,10,M.arseniciresistens
GCF_030519285.1,NZ_JAUMSQ010000008.1,55226,6212204,10,M.arseniciresistens
GCF_030519285.1,NZ_JAUMSQ010000009.1,9378,6212204,10,M.arseniciresistens
GCF_030519285.1,NZ_JAUMSQ010000010.1,29979,6212204,10,M.arseniciresistens
GCF_030519285.1,NZ_JAUMSQ010000011.1,71978,6212204,10,M.arseniciresistens
GCF_030519285.1,NZ_JAUMSQ010000012.1,14047,6212204,10,M.arseniciresistens
GCF_030519285.1,NZ_JAUMSQ010000013.1,80629,6212204,10,M.arseniciresistens
GCF_030519285.1,NZ_JAUMSQ010000014.1,46968,6212204,10,M.arseniciresistens
GCF_030519285.1,NZ_JAUMSQ010000015.1,19143,6212204,10,M.arseniciresistens
GCF_030519285.1,NZ_JAUMSQ010000016.1,13560,6212204,10,M.arseniciresistens
GCF_030519285.1,NZ_JAUMSQ010000017.1,62318,6212204,10,M.arseniciresistens
GCF_030519285.1,NZ_JAUMSQ010000018.1,16391,6212204,10,M.arseniciresistens
GCF_030519285.1,NZ_JAUMSQ010000019.1,24516,6212204,10,M.arseniciresistens
GCF_030519285.1,NZ_JAUMSQ010000020.1,53575,6212204,10,M.arseniciresistens
GCF_030519285.1,NZ_JAUMSQ010000021.1,63864,6212204,10,M.arseniciresistens
GCF_030519285.1,NZ_JAUMSQ010000022.1,8678,6212204,10,M.arseniciresistens
GCF_030519285.1,NZ_JAUMSQ010000023.1,42478,6212204,10,M.arseniciresistens
GCF_030519285.1,NZ_JAUMSQ010000024.1,28996,6212204,10,M.arseniciresistens
GCF_030519285.1,NZ_JAUMSQ010000025.1,69535,6212204,10,M.arseniciresistens
GCF_030519285.1,NZ_JAUMSQ010000026.1,63610,6212204,10,M.arseniciresistens
GCF_030519285.1,NZ_JAUMSQ010000027.1,63066,6212204,10,M.arseniciresistens
GCF_030519285.1,NZ_JAUMSQ010000028.1,59883,6212204,10,M.arseniciresistens
GCF_030519285.1,NZ_JAUMSQ010000029.1,50512,6212204,10,M.arseniciresistens
GCF_030519285.1,NZ_JAUMSQ010000030.1,6419,6212204,10,M.arseniciresistens
GCF_030519285.1,NZ_JAUMSQ010000031.1,43406,6212204,10,M.arseniciresistens
GCF_030519285.1,NZ_JAUMSQ010000032.1,730,6212204,10,M.arseniciresistens
GCF_030519285.1,NZ_JAUMSQ010000033.1,9150,6212204,10,M.arseniciresistens
GCF_030519285.1,NZ_JAUMSQ010000034.1,51925,6212204,10,M.arseniciresistens
GCF_030519285.1,NZ_JAUMSQ010000035.1,50183,6212204,10,M.arseniciresistens
GCF_030519285.1,NZ_JAUMSQ010000036.1,49069,6212204,10,M.arseniciresistens
GCF_030519285.1,NZ_JAUMSQ010000037.1,6104,6212204,10,M.arseniciresistens
GCF_030519285.1,NZ_JAUMSQ010000038.1,40255,6212204,10,M.arseniciresistens
GCF_030519285.1,NZ_JAUMSQ010000039.1,45786,6212204,10,M.arseniciresistens
GCF_030519285.1,NZ_JAUMSQ010000040.1,45232,6212204,10,M.arseniciresistens
GCF_030519285.1,NZ_JAUMSQ010000041.1,486,6212204,10,M.arseniciresistens
GCF_030519285.1,NZ_JAUMSQ010000042.1,44484,6212204,10,M.arseniciresistens
GCF_030519285.1,NZ_JAUMSQ010000043.1,430,6212204,10,M.arseniciresistens
GCF_030519285.1,NZ_JAUMSQ010000044.1,40337,6212204,10,M.arseniciresistens
GCF_030519285.1,NZ_JAUMSQ010000045.1,4521,6212204,10,M.arseniciresistens
GCF_030519285.1,NZ_JAUMSQ010000046.1,44404,6212204,10,M.arseniciresistens
GCF_030519285.1,NZ_JAUMSQ010000047.1,6084,6212204,10,M.arseniciresistens
GCF_030519285.1,NZ_JAUMSQ010000048.1,36249,6212204,10,M.arseniciresistens
GCF_030519285.1,NZ_JAUMSQ010000049.1,5257,6212204,10,M.arseniciresistens
GCF_030519285.1,NZ_JAUMSQ010000050.1,35667,6212204,10,M.arseniciresistens
GCF_030519285.1,NZ_JAUMSQ010000051.1,40312,6212204,10,M.arseniciresistens
GCF_030519285.1,NZ_JAUMSQ010000052.1,39717,6212204,10,M.arseniciresistens
GCF_030519285.1,NZ_JAUMSQ010000053.1,38832,6212204,10,M.arseniciresistens
GCF_030519285.1,NZ_JAUMSQ010000054.1,21499,6212204,10,M.arseniciresistens
GCF_030519285.1,NZ_JAUMSQ010000055.1,16954,6212204,10,M.arseniciresistens
GCF_030519285.1,NZ_JAUMSQ010000056.1,23593,6212204,10,M.arseniciresistens
GCF_030519285.1,NZ_JAUMSQ010000057.1,14298,6212204,10,M.arseniciresistens
GCF_030519285.1,NZ_JAUMSQ010000058.1,37826,6212204,10,M.arseniciresistens
GCF_030519285.1,NZ_JAUMSQ010000059.1,11538,6212204,10,M.arseniciresistens
GCF_030519285.1,NZ_JAUMSQ010000060.1,26247,6212204,10,M.arseniciresistens
GCF_030519285.1,NZ_JAUMSQ010000061.1,632,6212204,10,M.arseniciresistens
GCF_030519285.1,NZ_JAUMSQ010000062.1,36973,6212204,10,M.arseniciresistens
GCF_030519285.1,NZ_JAUMSQ010000063.1,21445,6212204,10,M.arseniciresistens
GCF_030519285.1,NZ_JAUMSQ010000064.1,14344,6212204,10,M.arseniciresistens
GCF_030519285.1,NZ_JAUMSQ010000065.1,35019,6212204,10,M.arseniciresistens
GCF_030519285.1,NZ_JAUMSQ010000066.1,34999,6212204,10,M.arseniciresistens
GCF_030519285.1,NZ_JAUMSQ010000067.1,15803,6212204,10,M.arseniciresistens
GCF_030519285.1,NZ_JAUMSQ010000068.1,18213,6212204,10,M.arseniciresistens
GCF_030519285.1,NZ_JAUMSQ010000069.1,313,6212204,10,M.arseniciresistens
GCF_030519285.1,NZ_JAUMSQ010000070.1,32630,6212204,10,M.arseniciresistens
GCF_030519285.1,NZ_JAUMSQ010000071.1,15756,6212204,10,M.arseniciresistens
GCF_030519285.1,NZ_JAUMSQ010000072.1,16992,6212204,10,M.arseniciresistens
GCF_030519285.1,NZ_JAUMSQ010000073.1,16332,6212204,10,M.arseniciresistens
GCF_030519285.1,NZ_JAUMSQ010000074.1,15996,6212204,10,M.arseniciresistens
GCF_030519285.1,NZ_JAUMSQ010000075.1,32221,6212204,10,M.arseniciresistens
GCF_030519285.1,NZ_JAUMSQ010000076.1,31786,6212204,10,M.arseniciresistens
GCF_030519285.1,NZ_JAUMSQ010000077.1,21989,6212204,10,M.arseniciresistens
GCF_030519285.1,NZ_JAUMSQ010000078.1,9713,6212204,10,M.arseniciresistens
GCF_030519285.1,NZ_JAUMSQ010000079.1,4429,6212204,10,M.arseniciresistens
GCF_030519285.1,NZ_JAUMSQ010000080.1,27198,6212204,10,M.arseniciresistens
GCF_030519285.1,NZ_JAUMSQ010000081.1,17655,6212204,10,M.arseniciresistens
GCF_030519285.1,NZ_JAUMSQ010000082.1,13903,6212204,10,M.arseniciresistens
GCF_030519285.1,NZ_JAUMSQ010000083.1,201,6212204,10,M.arseniciresistens
GCF_030519285.1,NZ_JAUMSQ010000084.1,31026,6212204,10,M.arseniciresistens
GCF_030519285.1,NZ_JAUMSQ010000085.1,30744,6212204,10,M.arseniciresistens
GCF_030519285.1,NZ_JAUMSQ010000086.1,9708,6212204,10,M.arseniciresistens
GCF_030519285.1,NZ_JAUMSQ010000087.1,20953,6212204,10,M.arseniciresistens
GCF_030519285.1,NZ_JAUMSQ010000088.1,8268,6212204,10,M.arseniciresistens
GCF_030519285.1,NZ_JAUMSQ010000089.1,22126,6212204,10,M.arseniciresistens
GCF_030519285.1,NZ_JAUMSQ010000090.1,29706,6212204,10,M.arseniciresistens
GCF_030519285.1,NZ_JAUMSQ010000091.1,2071,6212204,10,M.arseniciresistens
GCF_030519285.1,NZ_JAUMSQ010000092.1,3907,6212204,10,M.arseniciresistens
GCF_030519285.1,NZ_JAUMSQ010000093.1,23686,6212204,10,M.arseniciresistens
GCF_030519285.1,NZ_JAUMSQ010000094.1,15010,6212204,10,M.arseniciresistens
GCF_030519285.1,NZ_JAUMSQ010000095.1,14130,6212204,10,M.arseniciresistens
GCF_030519285.1,NZ_JAUMSQ010000096.1,8860,6212204,10,M.arseniciresistens
GCF_030519285.1,NZ_JAUMSQ010000097.1,20130,6212204,10,M.arseniciresistens
GCF_030519285.1,NZ_JAUMSQ010000098.1,28776,6212204,10,M.arseniciresistens
GCF_030519285.1,NZ_JAUMSQ010000099.1,20131,6212204,10,M.arseniciresistens
GCF_030519285.1,NZ_JAUMSQ010000100.1,8449,6212204,10,M.arseniciresistens
GCF_030519285.1,NZ_JAUMSQ010000101.1,28469,6212204,10,M.arseniciresistens
GCF_030519285.1,NZ_JAUMSQ010000102.1,3277,6212204,10,M.arseniciresistens
GCF_030519285.1,NZ_JAUMSQ010000103.1,25161,6212204,10,M.arseniciresistens
GCF_030519285.1,NZ_JAUMSQ010000104.1,19646,6212204,10,M.arseniciresistens
GCF_030519285.1,NZ_JAUMSQ010000105.1,8174,6212204,10,M.arseniciresistens
GCF_030519285.1,NZ_JAUMSQ010000106.1,27805,6212204,10,M.arseniciresistens
GCF_030519285.1,NZ_JAUMSQ010000107.1,5950,6212204,10,M.arseniciresistens
GCF_030519285.1,NZ_JAUMSQ010000108.1,21400,6212204,10,M.arseniciresistens
GCF_030519285.1,NZ_JAUMSQ010000109.1,14074,6212204,10,M.arseniciresistens
GCF_030519285.1,NZ_JAUMSQ010000110.1,13214,6212204,10,M.arseniciresistens
GCF_030519285.1,NZ_JAUMSQ010000111.1,25765,6212204,10,M.arseniciresistens
GCF_030519285.1,NZ_JAUMSQ010000112.1,1239,6212204,10,M.arseniciresistens
GCF_030519285.1,NZ_JAUMSQ010000113.1,26897,6212204,10,M.arseniciresistens
GCF_030519285.1,NZ_JAUMSQ010000114.1,26431,6212204,10,M.arseniciresistens
GCF_030519285.1,NZ_JAUMSQ010000115.1,13052,6212204,10,M.arseniciresistens
GCF_030519285.1,NZ_JAUMSQ010000116.1,12433,6212204,10,M.arseniciresistens
GCF_030519285.1,NZ_JAUMSQ010000117.1,20836,6212204,10,M.arseniciresistens
GCF_030519285.1,NZ_JAUMSQ010000118.1,4475,6212204,10,M.arseniciresistens
GCF_030519285.1,NZ_JAUMSQ010000119.1,19637,6212204,10,M.arseniciresistens
GCF_030519285.1,NZ_JAUMSQ010000120.1,5328,6212204,10,M.arseniciresistens
GCF_030519285.1,NZ_JAUMSQ010000121.1,24633,6212204,10,M.arseniciresistens
GCF_030519285.1,NZ_JAUMSQ010000122.1,242,6212204,10,M.arseniciresistens
GCF_030519285.1,NZ_JAUMSQ010000123.1,24280,6212204,10,M.arseniciresistens
GCF_030519285.1,NZ_JAUMSQ010000124.1,522,6212204,10,M.arseniciresistens
GCF_030519285.1,NZ_JAUMSQ010000125.1,23914,6212204,10,M.arseniciresistens
GCF_030519285.1,NZ_JAUMSQ010000126.1,15628,6212204,10,M.arseniciresistens
GCF_030519285.1,NZ_JAUMSQ010000127.1,8571,6212204,10,M.arseniciresistens
GCF_030519285.1,NZ_JAUMSQ010000128.1,23973,6212204,10,M.arseniciresistens
GCF_030519285.1,NZ_JAUMSQ010000129.1,4256,6212204,10,M.arseniciresistens
GCF_030519285.1,NZ_JAUMSQ010000130.1,19606,6212204,10,M.arseniciresistens
GCF_030519285.1,NZ_JAUMSQ010000131.1,9026,6212204,10,M.arseniciresistens
GCF_030519285.1,NZ_JAUMSQ010000132.1,14811,6212204,10,M.arseniciresistens
GCF_030519285.1,NZ_JAUMSQ010000133.1,23813,6212204,10,M.arseniciresistens
GCF_030519285.1,NZ_JAUMSQ010000134.1,22224,6212204,10,M.arseniciresistens
GCF_030519285.1,NZ_JAUMSQ010000135.1,1365,6212204,10,M.arseniciresistens
GCF_030519285.1,NZ_JAUMSQ010000136.1,15042,6212204,10,M.arseniciresistens
GCF_030519285.1,NZ_JAUMSQ010000137.1,8479,6212204,10,M.arseniciresistens
GCF_030519285.1,NZ_JAUMSQ010000138.1,243,6212204,10,M.arseniciresistens
GCF_030519285.1,NZ_JAUMSQ010000139.1,23115,6212204,10,M.arseniciresistens
GCF_030519285.1,NZ_JAUMSQ010000140.1,1678,6212204,10,M.arseniciresistens
GCF_030519285.1,NZ_JAUMSQ010000141.1,21541,6212204,10,M.arseniciresistens
GCF_030519285.1,NZ_JAUMSQ010000142.1,19422,6212204,10,M.arseniciresistens
GCF_030519285.1,NZ_JAUMSQ010000143.1,3455,6212204,10,M.arseniciresistens
GCF_030519285.1,NZ_JAUMSQ010000144.1,17389,6212204,10,M.arseniciresistens
GCF_030519285.1,NZ_JAUMSQ010000145.1,5430,6212204,10,M.arseniciresistens
GCF_030519285.1,NZ_JAUMSQ010000146.1,22711,6212204,10,M.arseniciresistens
GCF_030519285.1,NZ_JAUMSQ010000147.1,22690,6212204,10,M.arseniciresistens
GCF_030519285.1,NZ_JAUMSQ010000148.1,7579,6212204,10,M.arseniciresistens
GCF_030519285.1,NZ_JAUMSQ010000149.1,14856,6212204,10,M.arseniciresistens
GCF_030519285.1,NZ_JAUMSQ010000150.1,10017,6212204,10,M.arseniciresistens
GCF_030519285.1,NZ_JAUMSQ010000151.1,12181,6212204,10,M.arseniciresistens
GCF_030519285.1,NZ_JAUMSQ010000152.1,21885,6212204,10,M.arseniciresistens
GCF_030519285.1,NZ_JAUMSQ010000153.1,17929,6212204,10,M.arseniciresistens
GCF_030519285.1,NZ_JAUMSQ010000154.1,3862,6212204,10,M.arseniciresistens
GCF_030519285.1,NZ_JAUMSQ010000155.1,4391,6212204,10,M.arseniciresistens
GCF_030519285.1,NZ_JAUMSQ010000156.1,17290,6212204,10,M.arseniciresistens
GCF_030519285.1,NZ_JAUMSQ010000157.1,21655,6212204,10,M.arseniciresistens
GCF_030519285.1,NZ_JAUMSQ010000158.1,8981,6212204,10,M.arseniciresistens
GCF_030519285.1,NZ_JAUMSQ010000159.1,12545,6212204,10,M.arseniciresistens
GCF_030519285.1,NZ_JAUMSQ010000160.1,21365,6212204,10,M.arseniciresistens
GCF_030519285.1,NZ_JAUMSQ010000161.1,697,6212204,10,M.arseniciresistens
GCF_030519285.1,NZ_JAUMSQ010000162.1,20474,6212204,10,M.arseniciresistens
GCF_030519285.1,NZ_JAUMSQ010000163.1,20740,6212204,10,M.arseniciresistens
GCF_030519285.1,NZ_JAUMSQ010000164.1,9854,6212204,10,M.arseniciresistens
GCF_030519285.1,NZ_JAUMSQ010000165.1,10666,6212204,10,M.arseniciresistens
GCF_030519285.1,NZ_JAUMSQ010000166.1,20477,6212204,10,M.arseniciresistens
GCF_030519285.1,NZ_JAUMSQ010000167.1,555,6212204,10,M.arseniciresistens
GCF_030519285.1,NZ_JAUMSQ010000168.1,19740,6212204,10,M.arseniciresistens
GCF_030519285.1,NZ_JAUMSQ010000169.1,6528,6212204,10,M.arseniciresistens
GCF_030519285.1,NZ_JAUMSQ010000170.1,13469,6212204,10,M.arseniciresistens
GCF_030519285.1,NZ_JAUMSQ010000171.1,5084,6212204,10,M.arseniciresistens
GCF_030519285.1,NZ_JAUMSQ010000172.1,14672,6212204,10,M.arseniciresistens
GCF_030519285.1,NZ_JAUMSQ010000173.1,917,6212204,10,M.arseniciresistens
GCF_030519285.1,NZ_JAUMSQ010000174.1,18781,6212204,10,M.arseniciresistens
GCF_030519285.1,NZ_JAUMSQ010000175.1,2935,6212204,10,M.arseniciresistens
GCF_030519285.1,NZ_JAUMSQ010000176.1,16671,6212204,10,M.arseniciresistens
GCF_030519285.1,NZ_JAUMSQ010000177.1,8588,6212204,10,M.arseniciresistens
GCF_030519285.1,NZ_JAUMSQ010000178.1,10814,6212204,10,M.arseniciresistens
GCF_030519285.1,NZ_JAUMSQ010000179.1,19231,6212204,10,M.arseniciresistens
GCF_030519285.1,NZ_JAUMSQ010000180.1,6904,6212204,10,M.arseniciresistens
GCF_030519285.1,NZ_JAUMSQ010000181.1,12307,6212204,10,M.arseniciresistens
GCF_030519285.1,NZ_JAUMSQ010000182.1,19206,6212204,10,M.arseniciresistens
GCF_030519285.1,NZ_JAUMSQ010000183.1,18998,6212204,10,M.arseniciresistens
GCF_030519285.1,NZ_JAUMSQ010000184.1,18398,6212204,10,M.arseniciresistens
GCF_030519285.1,NZ_JAUMSQ010000185.1,18392,6212204,10,M.arseniciresistens
GCF_030519285.1,NZ_JAUMSQ010000186.1,17291,6212204,10,M.arseniciresistens
GCF_030519285.1,NZ_JAUMSQ010000187.1,1046,6212204,10,M.arseniciresistens
GCF_030519285.1,NZ_JAUMSQ010000188.1,18168,6212204,10,M.arseniciresistens
GCF_030519285.1,NZ_JAUMSQ010000189.1,18052,6212204,10,M.arseniciresistens
GCF_030519285.1,NZ_JAUMSQ010000190.1,3374,6212204,10,M.arseniciresistens
GCF_030519285.1,NZ_JAUMSQ010000191.1,14471,6212204,10,M.arseniciresistens
GCF_030519285.1,NZ_JAUMSQ010000192.1,17672,6212204,10,M.arseniciresistens
GCF_030519285.1,NZ_JAUMSQ010000193.1,8039,6212204,10,M.arseniciresistens
GCF_030519285.1,NZ_JAUMSQ010000194.1,9418,6212204,10,M.arseniciresistens
GCF_030519285.1,NZ_JAUMSQ010000195.1,966,6212204,10,M.arseniciresistens
GCF_030519285.1,NZ_JAUMSQ010000196.1,16191,6212204,10,M.arseniciresistens
GCF_030519285.1,NZ_JAUMSQ010000197.1,3575,6212204,10,M.arseniciresistens
GCF_030519285.1,NZ_JAUMSQ010000198.1,13429,6212204,10,M.arseniciresistens
GCF_030519285.1,NZ_JAUMSQ010000199.1,11978,6212204,10,M.arseniciresistens
GCF_030519285.1,NZ_JAUMSQ010000200.1,4987,6212204,10,M.arseniciresistens
GCF_030519285.1,NZ_JAUMSQ010000201.1,16917,6212204,10,M.arseniciresistens
GCF_030519285.1,NZ_JAUMSQ010000202.1,16448,6212204,10,M.arseniciresistens
GCF_030519285.1,NZ_JAUMSQ010000203.1,458,6212204,10,M.arseniciresistens
GCF_030519285.1,NZ_JAUMSQ010000204.1,16826,6212204,10,M.arseniciresistens
GCF_030519285.1,NZ_JAUMSQ010000205.1,326,6212204,10,M.arseniciresistens
GCF_030519285.1,NZ_JAUMSQ010000206.1,16436,6212204,10,M.arseniciresistens
GCF_030519285.1,NZ_JAUMSQ010000207.1,2734,6212204,10,M.arseniciresistens
GCF_030519285.1,NZ_JAUMSQ010000208.1,13802,6212204,10,M.arseniciresistens
GCF_030519285.1,NZ_JAUMSQ010000209.1,11037,6212204,10,M.arseniciresistens
GCF_030519285.1,NZ_JAUMSQ010000210.1,5435,6212204,10,M.arseniciresistens
GCF_030519285.1,NZ_JAUMSQ010000211.1,4228,6212204,10,M.arseniciresistens
GCF_030519285.1,NZ_JAUMSQ010000212.1,12167,6212204,10,M.arseniciresistens
GCF_030519285.1,NZ_JAUMSQ010000213.1,2879,6212204,10,M.arseniciresistens
GCF_030519285.1,NZ_JAUMSQ010000214.1,13444,6212204,10,M.arseniciresistens
GCF_030519285.1,NZ_JAUMSQ010000215.1,15889,6212204,10,M.arseniciresistens
GCF_030519285.1,NZ_JAUMSQ010000216.1,10375,6212204,10,M.arseniciresistens
GCF_030519285.1,NZ_JAUMSQ010000217.1,5494,6212204,10,M.arseniciresistens
GCF_030519285.1,NZ_JAUMSQ010000218.1,15813,6212204,10,M.arseniciresistens
GCF_030519285.1,NZ_JAUMSQ010000219.1,15760,6212204,10,M.arseniciresistens
GCF_030519285.1,NZ_JAUMSQ010000220.1,4830,6212204,10,M.arseniciresistens
GCF_030519285.1,NZ_JAUMSQ010000221.1,10886,6212204,10,M.arseniciresistens
GCF_030519285.1,NZ_JAUMSQ010000222.1,15659,6212204,10,M.arseniciresistens
GCF_030519285.1,NZ_JAUMSQ010000223.1,237,6212204,10,M.arseniciresistens
GCF_030519285.1,NZ_JAUMSQ010000224.1,15332,6212204,10,M.arseniciresistens
GCF_030519285.1,NZ_JAUMSQ010000225.1,1315,6212204,10,M.arseniciresistens
GCF_030519285.1,NZ_JAUMSQ010000226.1,14244,6212204,10,M.arseniciresistens
GCF_030519285.1,NZ_JAUMSQ010000227.1,15512,6212204,10,M.arseniciresistens
GCF_030519285.1,NZ_JAUMSQ010000228.1,5185,6212204,10,M.arseniciresistens
GCF_030519285.1,NZ_JAUMSQ010000229.1,10171,6212204,10,M.arseniciresistens
GCF_030519285.1,NZ_JAUMSQ010000230.1,3141,6212204,10,M.arseniciresistens
GCF_030519285.1,NZ_JAUMSQ010000231.1,12140,6212204,10,M.arseniciresistens
GCF_030519285.1,NZ_JAUMSQ010000232.1,15238,6212204,10,M.arseniciresistens
GCF_030519285.1,NZ_JAUMSQ010000233.1,15111,6212204,10,M.arseniciresistens
GCF_030519285.1,NZ_JAUMSQ010000234.1,11911,6212204,10,M.arseniciresistens
GCF_030519285.1,NZ_JAUMSQ010000235.1,3185,6212204,10,M.arseniciresistens
GCF_030519285.1,NZ_JAUMSQ010000236.1,15066,6212204,10,M.arseniciresistens
GCF_030519285.1,NZ_JAUMSQ010000237.1,1459,6212204,10,M.arseniciresistens
GCF_030519285.1,NZ_JAUMSQ010000238.1,13577,6212204,10,M.arseniciresistens
GCF_030519285.1,NZ_JAUMSQ010000239.1,14982,6212204,10,M.arseniciresistens
GCF_030519285.1,NZ_JAUMSQ010000240.1,4971,6212204,10,M.arseniciresistens
GCF_030519285.1,NZ_JAUMSQ010000241.1,9858,6212204,10,M.arseniciresistens
GCF_030519285.1,NZ_JAUMSQ010000242.1,14437,6212204,10,M.arseniciresistens
GCF_030519285.1,NZ_JAUMSQ010000243.1,14326,6212204,10,M.arseniciresistens
GCF_030519285.1,NZ_JAUMSQ010000244.1,1059,6212204,10,M.arseniciresistens
GCF_030519285.1,NZ_JAUMSQ010000245.1,13240,6212204,10,M.arseniciresistens
GCF_030519285.1,NZ_JAUMSQ010000246.1,7354,6212204,10,M.arseniciresistens
GCF_030519285.1,NZ_JAUMSQ010000247.1,6858,6212204,10,M.arseniciresistens
GCF_030519285.1,NZ_JAUMSQ010000248.1,14208,6212204,10,M.arseniciresistens
GCF_030519285.1,NZ_JAUMSQ010000249.1,13863,6212204,10,M.arseniciresistens
GCF_030519285.1,NZ_JAUMSQ010000250.1,6625,6212204,10,M.arseniciresistens
GCF_030519285.1,NZ_JAUMSQ010000251.1,7140,6212204,10,M.arseniciresistens
GCF_030519285.1,NZ_JAUMSQ010000252.1,9090,6212204,10,M.arseniciresistens
GCF_030519285.1,NZ_JAUMSQ010000253.1,4368,6212204,10,M.arseniciresistens
GCF_030519285.1,NZ_JAUMSQ010000254.1,13322,6212204,10,M.arseniciresistens
GCF_030519285.1,NZ_JAUMSQ010000255.1,9970,6212204,10,M.arseniciresistens
GCF_030519285.1,NZ_JAUMSQ010000256.1,3283,6212204,10,M.arseniciresistens
GCF_030519285.1,NZ_JAUMSQ010000257.1,6235,6212204,10,M.arseniciresistens
GCF_030519285.1,NZ_JAUMSQ010000258.1,6790,6212204,10,M.arseniciresistens
GCF_030519285.1,NZ_JAUMSQ010000259.1,10630,6212204,10,M.arseniciresistens
GCF_030519285.1,NZ_JAUMSQ010000260.1,2375,6212204,10,M.arseniciresistens
GCF_030519285.1,NZ_JAUMSQ010000261.1,3121,6212204,10,M.arseniciresistens
GCF_030519285.1,NZ_JAUMSQ010000262.1,9723,6212204,10,M.arseniciresistens
GCF_030519285.1,NZ_JAUMSQ010000263.1,12817,6212204,10,M.arseniciresistens
GCF_030519285.1,NZ_JAUMSQ010000264.1,7142,6212204,10,M.arseniciresistens
GCF_030519285.1,NZ_JAUMSQ010000265.1,5452,6212204,10,M.arseniciresistens
GCF_030519285.1,NZ_JAUMSQ010000266.1,2779,6212204,10,M.arseniciresistens
GCF_030519285.1,NZ_JAUMSQ010000267.1,9604,6212204,10,M.arseniciresistens
GCF_030519285.1,NZ_JAUMSQ010000268.1,323,6212204,10,M.arseniciresistens
GCF_030519285.1,NZ_JAUMSQ010000269.1,11877,6212204,10,M.arseniciresistens
GCF_030519285.1,NZ_JAUMSQ010000270.1,12182,6212204,10,M.arseniciresistens
GCF_030519285.1,NZ_JAUMSQ010000271.1,12074,6212204,10,M.arseniciresistens
GCF_030519285.1,NZ_JAUMSQ010000272.1,12032,6212204,10,M.arseniciresistens
GCF_030519285.1,NZ_JAUMSQ010000273.1,11681,6212204,10,M.arseniciresistens
GCF_030519285.1,NZ_JAUMSQ010000274.1,302,6212204,10,M.arseniciresistens
GCF_030519285.1,NZ_JAUMSQ010000275.1,11759,6212204,10,M.arseniciresistens
GCF_030519285.1,NZ_JAUMSQ010000276.1,4704,6212204,10,M.arseniciresistens
GCF_030519285.1,NZ_JAUMSQ010000277.1,7025,6212204,10,M.arseniciresistens
GCF_030519285.1,NZ_JAUMSQ010000278.1,11510,6212204,10,M.arseniciresistens
GCF_030519285.1,NZ_JAUMSQ010000279.1,11501,6212204,10,M.arseniciresistens
GCF_030519285.1,NZ_JAUMSQ010000280.1,11391,6212204,10,M.arseniciresistens
GCF_030519285.1,NZ_JAUMSQ010000281.1,7516,6212204,10,M.arseniciresistens
GCF_030519285.1,NZ_JAUMSQ010000282.1,3862,6212204,10,M.arseniciresistens
GCF_030519285.1,NZ_JAUMSQ010000283.1,11378,6212204,10,M.arseniciresistens
GCF_030519285.1,NZ_JAUMSQ010000284.1,11302,6212204,10,M.arseniciresistens
GCF_030519285.1,NZ_JAUMSQ010000285.1,11225,6212204,10,M.arseniciresistens
GCF_030519285.1,NZ_JAUMSQ010000286.1,11117,6212204,10,M.arseniciresistens
GCF_030519285.1,NZ_JAUMSQ010000287.1,11103,6212204,10,M.arseniciresistens
GCF_030519285.1,NZ_JAUMSQ010000288.1,1341,6212204,10,M.arseniciresistens
GCF_030519285.1,NZ_JAUMSQ010000289.1,9614,6212204,10,M.arseniciresistens
GCF_030519285.1,NZ_JAUMSQ010000290.1,8200,6212204,10,M.arseniciresistens
GCF_030519285.1,NZ_JAUMSQ010000291.1,2692,6212204,10,M.arseniciresistens
GCF_030519285.1,NZ_JAUMSQ010000292.1,872,6212204,10,M.arseniciresistens
GCF_030519285.1,NZ_JAUMSQ010000293.1,10063,6212204,10,M.arseniciresistens
GCF_030519285.1,NZ_JAUMSQ010000294.1,9410,6212204,10,M.arseniciresistens
GCF_030519285.1,NZ_JAUMSQ010000295.1,1441,6212204,10,M.arseniciresistens
GCF_030519285.1,NZ_JAUMSQ010000296.1,3936,6212204,10,M.arseniciresistens
GCF_030519285.1,NZ_JAUMSQ010000297.1,6777,6212204,10,M.arseniciresistens
GCF_030519285.1,NZ_JAUMSQ010000298.1,10674,6212204,10,M.arseniciresistens
GCF_030519285.1,NZ_JAUMSQ010000299.1,10666,6212204,10,M.arseniciresistens
GCF_030519285.1,NZ_JAUMSQ010000300.1,10576,6212204,10,M.arseniciresistens
GCF_030519285.1,NZ_JAUMSQ010000301.1,10537,6212204,10,M.arseniciresistens
GCF_030519285.1,NZ_JAUMSQ010000302.1,10388,6212204,10,M.arseniciresistens
GCF_030519285.1,NZ_JAUMSQ010000303.1,8105,6212204,10,M.arseniciresistens
GCF_030519285.1,NZ_JAUMSQ010000304.1,2276,6212204,10,M.arseniciresistens
GCF_030519285.1,NZ_JAUMSQ010000305.1,10357,6212204,10,M.arseniciresistens
GCF_030519285.1,NZ_JAUMSQ010000306.1,10130,6212204,10,M.arseniciresistens
GCF_030519285.1,NZ_JAUMSQ010000307.1,10102,6212204,10,M.arseniciresistens
GCF_030519285.1,NZ_JAUMSQ010000308.1,10034,6212204,10,M.arseniciresistens
GCF_030519285.1,NZ_JAUMSQ010000309.1,10018,6212204,10,M.arseniciresistens
GCF_030519285.1,NZ_JAUMSQ010000310.1,8751,6212204,10,M.arseniciresistens
GCF_030519285.1,NZ_JAUMSQ010000311.1,1184,6212204,10,M.arseniciresistens
GCF_030519285.1,NZ_JAUMSQ010000312.1,5872,6212204,10,M.arseniciresistens
GCF_030519285.1,NZ_JAUMSQ010000313.1,3991,6212204,10,M.arseniciresistens
GCF_030519285.1,NZ_JAUMSQ010000314.1,9798,6212204,10,M.arseniciresistens
GCF_030519285.1,NZ_JAUMSQ010000315.1,9717,6212204,10,M.arseniciresistens
GCF_030519285.1,NZ_JAUMSQ010000316.1,9459,6212204,10,M.arseniciresistens
GCF_030519285.1,NZ_JAUMSQ010000317.1,734,6212204,10,M.arseniciresistens
GCF_030519285.1,NZ_JAUMSQ010000318.1,8618,6212204,10,M.arseniciresistens
GCF_030519285.1,NZ_JAUMSQ010000319.1,4858,6212204,10,M.arseniciresistens
GCF_030519285.1,NZ_JAUMSQ010000320.1,4481,6212204,10,M.arseniciresistens
GCF_030519285.1,NZ_JAUMSQ010000321.1,5044,6212204,10,M.arseniciresistens
GCF_030519285.1,NZ_JAUMSQ010000322.1,4101,6212204,10,M.arseniciresistens
GCF_030519285.1,NZ_JAUMSQ010000323.1,9124,6212204,10,M.arseniciresistens
GCF_030519285.1,NZ_JAUMSQ010000324.1,9043,6212204,10,M.arseniciresistens
GCF_030519285.1,NZ_JAUMSQ010000325.1,1898,6212204,10,M.arseniciresistens
GCF_030519285.1,NZ_JAUMSQ010000326.1,7107,6212204,10,M.arseniciresistens
GCF_030519285.1,NZ_JAUMSQ010000327.1,7807,6212204,10,M.arseniciresistens
GCF_030519285.1,NZ_JAUMSQ010000328.1,1111,6212204,10,M.arseniciresistens
GCF_030519285.1,NZ_JAUMSQ010000329.1,8912,6212204,10,M.arseniciresistens
GCF_030519285.1,NZ_JAUMSQ010000330.1,8799,6212204,10,M.arseniciresistens
GCF_030519285.1,NZ_JAUMSQ010000331.1,1337,6212204,10,M.arseniciresistens
GCF_030519285.1,NZ_JAUMSQ010000332.1,7238,6212204,10,M.arseniciresistens
GCF_030519285.1,NZ_JAUMSQ010000333.1,8589,6212204,10,M.arseniciresistens
GCF_030519285.1,NZ_JAUMSQ010000334.1,8587,6212204,10,M.arseniciresistens
GCF_030519285.1,NZ_JAUMSQ010000335.1,1161,6212204,10,M.arseniciresistens
GCF_030519285.1,NZ_JAUMSQ010000336.1,7389,6212204,10,M.arseniciresistens
GCF_030519285.1,NZ_JAUMSQ010000337.1,8379,6212204,10,M.arseniciresistens
GCF_030519285.1,NZ_JAUMSQ010000338.1,8117,6212204,10,M.arseniciresistens
GCF_030519285.1,NZ_JAUMSQ010000339.1,4079,6212204,10,M.arseniciresistens
GCF_030519285.1,NZ_JAUMSQ010000340.1,4028,6212204,10,M.arseniciresistens
GCF_030519285.1,NZ_JAUMSQ010000341.1,2585,6212204,10,M.arseniciresistens
GCF_030519285.1,NZ_JAUMSQ010000342.1,5519,6212204,10,M.arseniciresistens
GCF_030519285.1,NZ_JAUMSQ010000343.1,8085,6212204,10,M.arseniciresistens
GCF_030519285.1,NZ_JAUMSQ010000344.1,8064,6212204,10,M.arseniciresistens
GCF_030519285.1,NZ_JAUMSQ010000345.1,2110,6212204,10,M.arseniciresistens
GCF_030519285.1,NZ_JAUMSQ010000346.1,5869,6212204,10,M.arseniciresistens
GCF_030519285.1,NZ_JAUMSQ010000347.1,7533,6212204,10,M.arseniciresistens
GCF_030519285.1,NZ_JAUMSQ010000348.1,404,6212204,10,M.arseniciresistens
GCF_030519285.1,NZ_JAUMSQ010000349.1,7916,6212204,10,M.arseniciresistens
GCF_030519285.1,NZ_JAUMSQ010000350.1,5946,6212204,10,M.arseniciresistens
GCF_030519285.1,NZ_JAUMSQ010000351.1,1967,6212204,10,M.arseniciresistens
GCF_030519285.1,NZ_JAUMSQ010000352.1,378,6212204,10,M.arseniciresistens
GCF_030519285.1,NZ_JAUMSQ010000353.1,7474,6212204,10,M.arseniciresistens
GCF_030519285.1,NZ_JAUMSQ010000354.1,7740,6212204,10,M.arseniciresistens
GCF_030519285.1,NZ_JAUMSQ010000355.1,2540,6212204,10,M.arseniciresistens
GCF_030519285.1,NZ_JAUMSQ010000356.1,455,6212204,10,M.arseniciresistens
GCF_030519285.1,NZ_JAUMSQ010000357.1,2163,6212204,10,M.arseniciresistens
GCF_030519285.1,NZ_JAUMSQ010000358.1,2353,6212204,10,M.arseniciresistens
GCF_030519285.1,NZ_JAUMSQ010000359.1,1492,6212204,10,M.arseniciresistens
GCF_030519285.1,NZ_JAUMSQ010000360.1,6104,6212204,10,M.arseniciresistens
GCF_030519285.1,NZ_JAUMSQ010000361.1,7556,6212204,10,M.arseniciresistens
GCF_030519285.1,NZ_JAUMSQ010000362.1,7499,6212204,10,M.arseniciresistens
GCF_030519285.1,NZ_JAUMSQ010000363.1,444,6212204,10,M.arseniciresistens
GCF_030519285.1,NZ_JAUMSQ010000364.1,7052,6212204,10,M.arseniciresistens
GCF_030519285.1,NZ_JAUMSQ010000365.1,3854,6212204,10,M.arseniciresistens
GCF_030519285.1,NZ_JAUMSQ010000366.1,3595,6212204,10,M.arseniciresistens
GCF_030519285.1,NZ_JAUMSQ010000367.1,7386,6212204,10,M.arseniciresistens
GCF_030519285.1,NZ_JAUMSQ010000368.1,664,6212204,10,M.arseniciresistens
GCF_030519285.1,NZ_JAUMSQ010000369.1,6439,6212204,10,M.arseniciresistens
GCF_030519285.1,NZ_JAUMSQ010000370.1,7004,6212204,10,M.arseniciresistens
GCF_030519285.1,NZ_JAUMSQ010000371.1,6954,6212204,10,M.arseniciresistens
GCF_030519285.1,NZ_JAUMSQ010000372.1,6834,6212204,10,M.arseniciresistens
GCF_030519285.1,NZ_JAUMSQ010000373.1,6763,6212204,10,M.arseniciresistens
GCF_030519285.1,NZ_JAUMSQ010000374.1,688,6212204,10,M.arseniciresistens
GCF_030519285.1,NZ_JAUMSQ010000375.1,5988,6212204,10,M.arseniciresistens
GCF_030519285.1,NZ_JAUMSQ010000376.1,6664,6212204,10,M.arseniciresistens
GCF_030519285.1,NZ_JAUMSQ010000377.1,6637,6212204,10,M.arseniciresistens
GCF_030519285.1,NZ_JAUMSQ010000378.1,1239,6212204,10,M.arseniciresistens
GCF_030519285.1,NZ_JAUMSQ010000379.1,5260,6212204,10,M.arseniciresistens
GCF_030519285.1,NZ_JAUMSQ010000380.1,3290,6212204,10,M.arseniciresistens
GCF_030519285.1,NZ_JAUMSQ010000381.1,3313,6212204,10,M.arseniciresistens
GCF_030519285.1,NZ_JAUMSQ010000382.1,1224,6212204,10,M.arseniciresistens
GCF_030519285.1,NZ_JAUMSQ010000383.1,599,6212204,10,M.arseniciresistens
GCF_030519285.1,NZ_JAUMSQ010000384.1,4710,6212204,10,M.arseniciresistens
GCF_030519285.1,NZ_JAUMSQ010000385.1,6535,6212204,10,M.arseniciresistens
GCF_030519285.1,NZ_JAUMSQ010000386.1,6528,6212204,10,M.arseniciresistens
GCF_030519285.1,NZ_JAUMSQ010000387.1,6503,6212204,10,M.arseniciresistens
GCF_030519285.1,NZ_JAUMSQ010000388.1,6471,6212204,10,M.arseniciresistens
GCF_030519285.1,NZ_JAUMSQ010000389.1,6368,6212204,10,M.arseniciresistens
GCF_030519285.1,NZ_JAUMSQ010000390.1,6324,6212204,10,M.arseniciresistens
GCF_030519285.1,NZ_JAUMSQ010000391.1,6243,6212204,10,M.arseniciresistens
GCF_030519285.1,NZ_JAUMSQ010000392.1,1989,6212204,10,M.arseniciresistens
GCF_030519285.1,NZ_JAUMSQ010000393.1,4193,6212204,10,M.arseniciresistens
GCF_030519285.1,NZ_JAUMSQ010000394.1,6042,6212204,10,M.arseniciresistens
GCF_030519285.1,NZ_JAUMSQ010000395.1,2540,6212204,10,M.arseniciresistens
GCF_030519285.1,NZ_JAUMSQ010000396.1,3452,6212204,10,M.arseniciresistens
GCF_030519285.1,NZ_JAUMSQ010000397.1,5673,6212204,10,M.arseniciresistens
GCF_030519285.1,NZ_JAUMSQ010000398.1,5593,6212204,10,M.arseniciresistens
GCF_030519285.1,NZ_JAUMSQ010000399.1,2600,6212204,10,M.arseniciresistens
GCF_030519285.1,NZ_JAUMSQ010000400.1,2981,6212204,10,M.arseniciresistens
GCF_030519285.1,NZ_JAUMSQ010000401.1,5555,6212204,10,M.arseniciresistens
GCF_030519285.1,NZ_JAUMSQ010000402.1,1372,6212204,10,M.arseniciresistens
GCF_030519285.1,NZ_JAUMSQ010000403.1,4158,6212204,10,M.arseniciresistens
GCF_030519285.1,NZ_JAUMSQ010000404.1,5533,6212204,10,M.arseniciresistens
GCF_030519285.1,NZ_JAUMSQ010000405.1,2760,6212204,10,M.arseniciresistens
GCF_030519285.1,NZ_JAUMSQ010000406.1,2722,6212204,10,M.arseniciresistens
GCF_030519285.1,NZ_JAUMSQ010000407.1,1842,6212204,10,M.arseniciresistens
GCF_030519285.1,NZ_JAUMSQ010000408.1,3597,6212204,10,M.arseniciresistens
GCF_030519285.1,NZ_JAUMSQ010000409.1,5436,6212204,10,M.arseniciresistens
GCF_030519285.1,NZ_JAUMSQ010000410.1,5407,6212204,10,M.arseniciresistens
GCF_030519285.1,NZ_JAUMSQ010000411.1,5392,6212204,10,M.arseniciresistens
GCF_030519285.1,NZ_JAUMSQ010000412.1,429,6212204,10,M.arseniciresistens
GCF_030519285.1,NZ_JAUMSQ010000413.1,4894,6212204,10,M.arseniciresistens
GCF_030519285.1,NZ_JAUMSQ010000414.1,5274,6212204,10,M.arseniciresistens
GCF_030519285.1,NZ_JAUMSQ010000415.1,5242,6212204,10,M.arseniciresistens
GCF_030519285.1,NZ_JAUMSQ010000416.1,5221,6212204,10,M.arseniciresistens
GCF_030519285.1,NZ_JAUMSQ010000417.1,5203,6212204,10,M.arseniciresistens
GCF_030519285.1,NZ_JAUMSQ010000418.1,5178,6212204,10,M.arseniciresistens
GCF_030519285.1,NZ_JAUMSQ010000419.1,700,6212204,10,M.arseniciresistens
GCF_030519285.1,NZ_JAUMSQ010000420.1,4446,6212204,10,M.arseniciresistens
GCF_030519285.1,NZ_JAUMSQ010000421.1,355,6212204,10,M.arseniciresistens
GCF_030519285.1,NZ_JAUMSQ010000422.1,4665,6212204,10,M.arseniciresistens
GCF_030519285.1,NZ_JAUMSQ010000423.1,4864,6212204,10,M.arseniciresistens
GCF_030519285.1,NZ_JAUMSQ010000424.1,4759,6212204,10,M.arseniciresistens
GCF_030519285.1,NZ_JAUMSQ010000425.1,4657,6212204,10,M.arseniciresistens
GCF_030519285.1,NZ_JAUMSQ010000426.1,4643,6212204,10,M.arseniciresistens
GCF_030519285.1,NZ_JAUMSQ010000427.1,4451,6212204,10,M.arseniciresistens
GCF_030519285.1,NZ_JAUMSQ010000428.1,2104,6212204,10,M.arseniciresistens
GCF_030519285.1,NZ_JAUMSQ010000429.1,2298,6212204,10,M.arseniciresistens
GCF_030519285.1,NZ_JAUMSQ010000430.1,4392,6212204,10,M.arseniciresistens
GCF_030519285.1,NZ_JAUMSQ010000431.1,4357,6212204,10,M.arseniciresistens
GCF_030519285.1,NZ_JAUMSQ010000432.1,4347,6212204,10,M.arseniciresistens
GCF_030519285.1,NZ_JAUMSQ010000433.1,1443,6212204,10,M.arseniciresistens
GCF_030519285.1,NZ_JAUMSQ010000434.1,2880,6212204,10,M.arseniciresistens
GCF_030519285.1,NZ_JAUMSQ010000435.1,4322,6212204,10,M.arseniciresistens
GCF_030519285.1,NZ_JAUMSQ010000436.1,4213,6212204,10,M.arseniciresistens
GCF_030519285.1,NZ_JAUMSQ010000437.1,4117,6212204,10,M.arseniciresistens
GCF_030519285.1,NZ_JAUMSQ010000438.1,4099,6212204,10,M.arseniciresistens
GCF_030519285.1,NZ_JAUMSQ010000439.1,4087,6212204,10,M.arseniciresistens
GCF_030519285.1,NZ_JAUMSQ010000440.1,4080,6212204,10,M.arseniciresistens
GCF_030519285.1,NZ_JAUMSQ010000441.1,4070,6212204,10,M.arseniciresistens
GCF_030519285.1,NZ_JAUMSQ010000442.1,4051,6212204,10,M.arseniciresistens
GCF_030519285.1,NZ_JAUMSQ010000443.1,353,6212204,10,M.arseniciresistens
GCF_030519285.1,NZ_JAUMSQ010000444.1,3674,6212204,10,M.arseniciresistens
GCF_030519285.1,NZ_JAUMSQ010000445.1,3892,6212204,10,M.arseniciresistens
GCF_030519285.1,NZ_JAUMSQ010000446.1,3842,6212204,10,M.arseniciresistens
GCF_030519285.1,NZ_JAUMSQ010000447.1,3842,6212204,10,M.arseniciresistens
GCF_030519285.1,NZ_JAUMSQ010000448.1,1206,6212204,10,M.arseniciresistens
GCF_030519285.1,NZ_JAUMSQ010000449.1,2606,6212204,10,M.arseniciresistens
GCF_030519285.1,NZ_JAUMSQ010000450.1,3764,6212204,10,M.arseniciresistens
GCF_030519285.1,NZ_JAUMSQ010000451.1,3687,6212204,10,M.arseniciresistens
GCF_030519285.1,NZ_JAUMSQ010000452.1,1047,6212204,10,M.arseniciresistens
GCF_030519285.1,NZ_JAUMSQ010000453.1,2507,6212204,10,M.arseniciresistens
GCF_030519285.1,NZ_JAUMSQ010000454.1,3175,6212204,10,M.arseniciresistens
GCF_030519285.1,NZ_JAUMSQ010000455.1,355,6212204,10,M.arseniciresistens
GCF_030519285.1,NZ_JAUMSQ010000456.1,3496,6212204,10,M.arseniciresistens
GCF_030519285.1,NZ_JAUMSQ010000457.1,3432,6212204,10,M.arseniciresistens
GCF_030519285.1,NZ_JAUMSQ010000458.1,1179,6212204,10,M.arseniciresistens
GCF_030519285.1,NZ_JAUMSQ010000459.1,2231,6212204,10,M.arseniciresistens
GCF_030519285.1,NZ_JAUMSQ010000460.1,3400,6212204,10,M.arseniciresistens
GCF_030519285.1,NZ_JAUMSQ010000461.1,3324,6212204,10,M.arseniciresistens
GCF_030519285.1,NZ_JAUMSQ010000462.1,3320,6212204,10,M.arseniciresistens
GCF_030519285.1,NZ_JAUMSQ010000463.1,3279,6212204,10,M.arseniciresistens
GCF_030519285.1,NZ_JAUMSQ010000464.1,1418,6212204,10,M.arseniciresistens
GCF_030519285.1,NZ_JAUMSQ010000465.1,1835,6212204,10,M.arseniciresistens
GCF_030519285.1,NZ_JAUMSQ010000466.1,3218,6212204,10,M.arseniciresistens
GCF_030519285.1,NZ_JAUMSQ010000467.1,3182,6212204,10,M.arseniciresistens
GCF_030519285.1,NZ_JAUMSQ010000468.1,3128,6212204,10,M.arseniciresistens
GCF_030519285.1,NZ_JAUMSQ010000469.1,3081,6212204,10,M.arseniciresistens
GCF_030519285.1,NZ_JAUMSQ010000470.1,3053,6212204,10,M.arseniciresistens
GCF_030519285.1,NZ_JAUMSQ010000471.1,3036,6212204,10,M.arseniciresistens
GCF_030519285.1,NZ_JAUMSQ010000472.1,3034,6212204,10,M.arseniciresistens
GCF_030519285.1,NZ_JAUMSQ010000473.1,2978,6212204,10,M.arseniciresistens
GCF_030519285.1,NZ_JAUMSQ010000474.1,2975,6212204,10,M.arseniciresistens
GCF_030519285.1,NZ_JAUMSQ010000475.1,2968,6212204,10,M.arseniciresistens
GCF_030519285.1,NZ_JAUMSQ010000476.1,968,6212204,10,M.arseniciresistens
GCF_030519285.1,NZ_JAUMSQ010000477.1,1974,6212204,10,M.arseniciresistens
GCF_030519285.1,NZ_JAUMSQ010000478.1,2913,6212204,10,M.arseniciresistens
GCF_030519285.1,NZ_JAUMSQ010000479.1,2855,6212204,10,M.arseniciresistens
GCF_030519285.1,NZ_JAUMSQ010000480.1,2772,6212204,10,M.arseniciresistens
GCF_030519285.1,NZ_JAUMSQ010000481.1,2755,6212204,10,M.arseniciresistens
GCF_030519285.1,NZ_JAUMSQ010000482.1,2726,6212204,10,M.arseniciresistens
GCF_030519285.1,NZ_JAUMSQ010000483.1,1361,6212204,10,M.arseniciresistens
GCF_030519285.1,NZ_JAUMSQ010000484.1,1331,6212204,10,M.arseniciresistens
GCF_030519285.1,NZ_JAUMSQ010000485.1,2684,6212204,10,M.arseniciresistens
GCF_030519285.1,NZ_JAUMSQ010000486.1,2664,6212204,10,M.arseniciresistens
GCF_030519285.1,NZ_JAUMSQ010000487.1,2660,6212204,10,M.arseniciresistens
GCF_030519285.1,NZ_JAUMSQ010000488.1,2641,6212204,10,M.arseniciresistens
GCF_030519285.1,NZ_JAUMSQ010000489.1,2641,6212204,10,M.arseniciresistens
GCF_030519285.1,NZ_JAUMSQ010000490.1,2628,6212204,10,M.arseniciresistens
GCF_030519285.1,NZ_JAUMSQ010000491.1,2621,6212204,10,M.arseniciresistens
GCF_030519285.1,NZ_JAUMSQ010000492.1,305,6212204,10,M.arseniciresistens
GCF_030519285.1,NZ_JAUMSQ010000493.1,2223,6212204,10,M.arseniciresistens
GCF_030519285.1,NZ_JAUMSQ010000494.1,2426,6212204,10,M.arseniciresistens
GCF_030519285.1,NZ_JAUMSQ010000495.1,2369,6212204,10,M.arseniciresistens
GCF_030519285.1,NZ_JAUMSQ010000496.1,2342,6212204,10,M.arseniciresistens
GCF_030519285.1,NZ_JAUMSQ010000497.1,2285,6212204,10,M.arseniciresistens
GCF_030519285.1,NZ_JAUMSQ010000498.1,2243,6212204,10,M.arseniciresistens
GCF_030519285.1,NZ_JAUMSQ010000499.1,2240,6212204,10,M.arseniciresistens
GCF_030519285.1,NZ_JAUMSQ010000500.1,2220,6212204,10,M.arseniciresistens
GCF_030519285.1,NZ_JAUMSQ010000501.1,2195,6212204,10,M.arseniciresistens
GCF_030519285.1,NZ_JAUMSQ010000502.1,2188,6212204,10,M.arseniciresistens
GCF_030519285.1,NZ_JAUMSQ010000503.1,2058,6212204,10,M.arseniciresistens
GCF_030519285.1,NZ_JAUMSQ010000504.1,734,6212204,10,M.arseniciresistens
GCF_030519285.1,NZ_JAUMSQ010000505.1,1265,6212204,10,M.arseniciresistens
GCF_030519285.1,NZ_JAUMSQ010000506.1,1968,6212204,10,M.arseniciresistens
GCF_030519285.1,NZ_JAUMSQ010000507.1,552,6212204,10,M.arseniciresistens
GCF_030519285.1,NZ_JAUMSQ010000508.1,1393,6212204,10,M.arseniciresistens
GCF_030519285.1,NZ_JAUMSQ010000509.1,1865,6212204,10,M.arseniciresistens
GCF_030519285.1,NZ_JAUMSQ010000510.1,939,6212204,10,M.arseniciresistens
GCF_030519285.1,NZ_JAUMSQ010000511.1,898,6212204,10,M.arseniciresistens
GCF_030519285.1,NZ_JAUMSQ010000512.1,1790,6212204,10,M.arseniciresistens
GCF_030519285.1,NZ_JAUMSQ010000513.1,1786,6212204,10,M.arseniciresistens
GCF_030519285.1,NZ_JAUMSQ010000514.1,1775,6212204,10,M.arseniciresistens
GCF_030519285.1,NZ_JAUMSQ010000515.1,1730,6212204,10,M.arseniciresistens
GCF_030519285.1,NZ_JAUMSQ010000516.1,1720,6212204,10,M.arseniciresistens
GCF_030519285.1,NZ_JAUMSQ010000517.1,1695,6212204,10,M.arseniciresistens
GCF_030519285.1,NZ_JAUMSQ010000518.1,1678,6212204,10,M.arseniciresistens
GCF_030519285.1,NZ_JAUMSQ010000519.1,1654,6212204,10,M.arseniciresistens
GCF_030519285.1,NZ_JAUMSQ010000520.1,1631,6212204,10,M.arseniciresistens
GCF_030519285.1,NZ_JAUMSQ010000521.1,1631,6212204,10,M.arseniciresistens
GCF_030519285.1,NZ_JAUMSQ010000522.1,1576,6212204,10,M.arseniciresistens
GCF_030519285.1,NZ_JAUMSQ010000523.1,232,6212204,10,M.arseniciresistens
GCF_030519285.1,NZ_JAUMSQ010000524.1,1319,6212204,10,M.arseniciresistens
GCF_030519285.1,NZ_JAUMSQ010000525.1,714,6212204,10,M.arseniciresistens
GCF_030519285.1,NZ_JAUMSQ010000526.1,830,6212204,10,M.arseniciresistens
GCF_030519285.1,NZ_JAUMSQ010000527.1,1512,6212204,10,M.arseniciresistens
GCF_030519285.1,NZ_JAUMSQ010000528.1,1503,6212204,10,M.arseniciresistens
GCF_030519285.1,NZ_JAUMSQ010000529.1,1471,6212204,10,M.arseniciresistens
GCF_030519285.1,NZ_JAUMSQ010000530.1,1006,6212204,10,M.arseniciresistens
GCF_030519285.1,NZ_JAUMSQ010000531.1,432,6212204,10,M.arseniciresistens
GCF_030519285.1,NZ_JAUMSQ010000532.1,1386,6212204,10,M.arseniciresistens
GCF_030519285.1,NZ_JAUMSQ010000533.1,1383,6212204,10,M.arseniciresistens
GCF_030519285.1,NZ_JAUMSQ010000534.1,1322,6212204,10,M.arseniciresistens
GCF_030519285.1,NZ_JAUMSQ010000535.1,1285,6212204,10,M.arseniciresistens
GCF_030519285.1,NZ_JAUMSQ010000536.1,311,6212204,10,M.arseniciresistens
GCF_030519285.1,NZ_JAUMSQ010000537.1,896,6212204,10,M.arseniciresistens
GCF_030519285.1,NZ_JAUMSQ010000538.1,1171,6212204,10,M.arseniciresistens
GCF_030519285.1,NZ_JAUMSQ010000539.1,1159,6212204,10,M.arseniciresistens
GCF_030519285.1,NZ_JAUMSQ010000540.1,1159,6212204,10,M.arseniciresistens
GCF_030519285.1,NZ_JAUMSQ010000541.1,1139,6212204,10,M.arseniciresistens
GCF_030519285.1,NZ_JAUMSQ010000542.1,1132,6212204,10,M.arseniciresistens
GCF_030519285.1,NZ_JAUMSQ010000543.1,1126,6212204,10,M.arseniciresistens
GCF_030519285.1,NZ_JAUMSQ010000544.1,647,6212204,10,M.arseniciresistens
GCF_030519285.1,NZ_JAUMSQ010000545.1,450,6212204,10,M.arseniciresistens
GCF_030519285.1,NZ_JAUMSQ010000546.1,1096,6212204,10,M.arseniciresistens
GCF_030519285.1,NZ_JAUMSQ010000547.1,1085,6212204,10,M.arseniciresistens
GCF_030519285.1,NZ_JAUMSQ010000548.1,1054,6212204,10,M.arseniciresistens
GCF_030519285.1,NZ_JAUMSQ010000549.1,1051,6212204,10,M.arseniciresistens
GCF_030519285.1,NZ_JAUMSQ010000550.1,379,6212204,10,M.arseniciresistens
GCF_030519285.1,NZ_JAUMSQ010000551.1,634,6212204,10,M.arseniciresistens
GCF_030519285.1,NZ_JAUMSQ010000552.1,1001,6212204,10,M.arseniciresistens
GCF_030519285.1,NZ_JAUMSQ010000553.1,327,6212204,10,M.arseniciresistens
GCF_030519285.1,NZ_JAUMSQ010000554.1,646,6212204,10,M.arseniciresistens
GCF_030519285.1,NZ_JAUMSQ010000555.1,440,6212204,10,M.arseniciresistens
GCF_030519285.1,NZ_JAUMSQ010000556.1,512,6212204,10,M.arseniciresistens
GCF_030519285.1,NZ_JAUMSQ010000557.1,896,6212204,10,M.arseniciresistens
GCF_030519285.1,NZ_JAUMSQ010000558.1,889,6212204,10,M.arseniciresistens
GCF_030519285.1,NZ_JAUMSQ010000559.1,885,6212204,10,M.arseniciresistens
GCF_030519285.1,NZ_JAUMSQ010000560.1,871,6212204,10,M.arseniciresistens
GCF_030519285.1,NZ_JAUMSQ010000561.1,866,6212204,10,M.arseniciresistens
GCF_030519285.1,NZ_JAUMSQ010000562.1,860,6212204,10,M.arseniciresistens
GCF_030519285.1,NZ_JAUMSQ010000563.1,851,6212204,10,M.arseniciresistens
GCF_030519285.1,NZ_JAUMSQ010000564.1,828,6212204,10,M.arseniciresistens
GCF_030519285.1,NZ_JAUMSQ010000565.1,762,6212204,10,M.arseniciresistens
GCF_030519285.1,NZ_JAUMSQ010000566.1,742,6212204,10,M.arseniciresistens
GCF_030519285.1,NZ_JAUMSQ010000567.1,728,6212204,10,M.arseniciresistens
GCF_030519285.1,NZ_JAUMSQ010000568.1,713,6212204,10,M.arseniciresistens
GCF_030519285.1,NZ_JAUMSQ010000569.1,705,6212204,10,M.arseniciresistens
GCF_030519285.1,NZ_JAUMSQ010000570.1,703,6212204,10,M.arseniciresistens
GCF_030519285.1,NZ_JAUMSQ010000571.1,665,6212204,10,M.arseniciresistens
GCF_030519285.1,NZ_JAUMSQ010000572.1,661,6212204,10,M.arseniciresistens
GCF_030519285.1,NZ_JAUMSQ010000573.1,644,6212204,10,M.arseniciresistens
GCF_030519285.1,NZ_JAUMSQ010000574.1,642,6212204,10,M.arseniciresistens
GCF_030519285.1,NZ_JAUMSQ010000575.1,609,6212204,10,M.arseniciresistens
GCF_030519285.1,NZ_JAUMSQ010000576.1,605,6212204,10,M.arseniciresistens
GCF_030519285.1,NZ_JAUMSQ010000577.1,586,6212204,10,M.arseniciresistens
GCF_030519285.1,NZ_JAUMSQ010000578.1,572,6212204,10,M.arseniciresistens
GCF_030519285.1,NZ_JAUMSQ010000579.1,532,6212204,10,M.arseniciresistens
GCF_030519285.1,NZ_JAUMSQ010000580.1,528,6212204,10,M.arseniciresistens
GCF_030519285.1,NZ_JAUMSQ010000581.1,522,6212204,10,M.arseniciresistens
GCF_030519285.1,NZ_JAUMSQ010000582.1,521,6212204,10,M.arseniciresistens
GCF_030519285.1,NZ_JAUMSQ010000583.1,516,6212204,10,M.arseniciresistens
GCF_030519285.1,NZ_JAUMSQ010000584.1,505,6212204,10,M.arseniciresistens
GCF_030519285.1,NZ_JAUMSQ010000585.1,462,6212204,10,M.arseniciresistens
GCF_030519285.1,NZ_JAUMSQ010000586.1,456,6212204,10,M.arseniciresistens
GCF_030519285.1,NZ_JAUMSQ010000587.1,454,6212204,10,M.arseniciresistens
GCF_030519285.1,NZ_JAUMSQ010000588.1,439,6212204,10,M.arseniciresistens
GCF_030519285.1,NZ_JAUMSQ010000589.1,428,6212204,10,M.arseniciresistens
GCF_030519285.1,NZ_JAUMSQ010000590.1,413,6212204,10,M.arseniciresistens
GCF_030519285.1,NZ_JAUMSQ010000591.1,392,6212204,10,M.arseniciresistens
GCF_030519285.1,NZ_JAUMSQ010000592.1,382,6212204,10,M.arseniciresistens
GCF_030519285.1,NZ_JAUMSQ010000593.1,380,6212204,10,M.arseniciresistens
GCF_030519285.1,NZ_JAUMSQ010000594.1,369,6212204,10,M.arseniciresistens
GCF_030519285.1,NZ_JAUMSQ010000595.1,357,6212204,10,M.arseniciresistens
GCF_030519285.1,NZ_JAUMSQ010000596.1,357,6212204,10,M.arseniciresistens
GCF_030519285.1,NZ_JAUMSQ010000597.1,349,6212204,10,M.arseniciresistens
GCF_030519285.1,NZ_JAUMSQ010000598.1,332,6212204,10,M.arseniciresistens
GCF_030519285.1,NZ_JAUMSQ010000599.1,323,6212204,10,M.arseniciresistens
GCF_030519285.1,NZ_JAUMSQ010000600.1,313,6212204,10,M.arseniciresistens
GCF_030519285.1,NZ_JAUMSQ010000601.1,311,6212204,10,M.arseniciresistens
GCF_030519285.1,NZ_JAUMSQ010000602.1,301,6212204,10,M.arseniciresistens
GCF_002086515.1,NZ_MVHH01000001.1,326103,4442590,13,M.arupensis
GCF_002086515.1,NZ_MVHH01000002.1,193261,4442590,13,M.arupensis
GCF_002086515.1,NZ_MVHH01000003.1,181496,4442590,13,M.arupensis
GCF_002086515.1,NZ_MVHH01000004.1,149754,4442590,13,M.arupensis
GCF_002086515.1,NZ_MVHH01000005.1,140458,4442590,13,M.arupensis
GCF_002086515.1,NZ_MVHH01000006.1,133555,4442590,13,M.arupensis
GCF_002086515.1,NZ_MVHH01000007.1,124962,4442590,13,M.arupensis
GCF_002086515.1,NZ_MVHH01000008.1,117486,4442590,13,M.arupensis
GCF_002086515.1,NZ_MVHH01000009.1,114919,4442590,13,M.arupensis
GCF_002086515.1,NZ_MVHH01000010.1,112005,4442590,13,M.arupensis
GCF_002086515.1,NZ_MVHH01000011.1,110299,4442590,13,M.arupensis
GCF_002086515.1,NZ_MVHH01000012.1,97917,4442590,13,M.arupensis
GCF_002086515.1,NZ_MVHH01000013.1,94661,4442590,13,M.arupensis
GCF_002086515.1,NZ_MVHH01000014.1,91508,4442590,13,M.arupensis
GCF_002086515.1,NZ_MVHH01000015.1,91092,4442590,13,M.arupensis
GCF_002086515.1,NZ_MVHH01000016.1,83162,4442590,13,M.arupensis
GCF_002086515.1,NZ_MVHH01000017.1,73139,4442590,13,M.arupensis
GCF_002086515.1,NZ_MVHH01000018.1,69933,4442590,13,M.arupensis
GCF_002086515.1,NZ_MVHH01000019.1,67628,4442590,13,M.arupensis
GCF_002086515.1,NZ_MVHH01000020.1,66442,4442590,13,M.arupensis
GCF_002086515.1,NZ_MVHH01000021.1,65722,4442590,13,M.arupensis
GCF_002086515.1,NZ_MVHH01000022.1,64555,4442590,13,M.arupensis
GCF_002086515.1,NZ_MVHH01000023.1,62868,4442590,13,M.arupensis
GCF_002086515.1,NZ_MVHH01000024.1,62626,4442590,13,M.arupensis
GCF_002086515.1,NZ_MVHH01000025.1,60513,4442590,13,M.arupensis
GCF_002086515.1,NZ_MVHH01000026.1,58894,4442590,13,M.arupensis
GCF_002086515.1,NZ_MVHH01000027.1,58467,4442590,13,M.arupensis
GCF_002086515.1,NZ_MVHH01000028.1,56287,4442590,13,M.arupensis
GCF_002086515.1,NZ_MVHH01000029.1,56105,4442590,13,M.arupensis
GCF_002086515.1,NZ_MVHH01000030.1,55538,4442590,13,M.arupensis
GCF_002086515.1,NZ_MVHH01000031.1,53064,4442590,13,M.arupensis
GCF_002086515.1,NZ_MVHH01000032.1,50707,4442590,13,M.arupensis
GCF_002086515.1,NZ_MVHH01000033.1,48380,4442590,13,M.arupensis
GCF_002086515.1,NZ_MVHH01000034.1,41597,4442590,13,M.arupensis
GCF_002086515.1,NZ_MVHH01000035.1,40752,4442590,13,M.arupensis
GCF_002086515.1,NZ_MVHH01000036.1,40709,4442590,13,M.arupensis
GCF_002086515.1,NZ_MVHH01000037.1,39781,4442590,13,M.arupensis
GCF_002086515.1,NZ_MVHH01000038.1,39705,4442590,13,M.arupensis
GCF_002086515.1,NZ_MVHH01000039.1,37361,4442590,13,M.arupensis
GCF_002086515.1,NZ_MVHH01000040.1,37170,4442590,13,M.arupensis
GCF_002086515.1,NZ_MVHH01000041.1,33947,4442590,13,M.arupensis
GCF_002086515.1,NZ_MVHH01000042.1,33631,4442590,13,M.arupensis
GCF_002086515.1,NZ_MVHH01000043.1,33246,4442590,13,M.arupensis
GCF_002086515.1,NZ_MVHH01000044.1,32690,4442590,13,M.arupensis
GCF_002086515.1,NZ_MVHH01000045.1,32388,4442590,13,M.arupensis
GCF_002086515.1,NZ_MVHH01000046.1,29668,4442590,13,M.arupensis
GCF_002086515.1,NZ_MVHH01000047.1,29136,4442590,13,M.arupensis
GCF_002086515.1,NZ_MVHH01000048.1,27841,4442590,13,M.arupensis
GCF_002086515.1,NZ_MVHH01000049.1,27653,4442590,13,M.arupensis
GCF_002086515.1,NZ_MVHH01000050.1,27624,4442590,13,M.arupensis
GCF_002086515.1,NZ_MVHH01000051.1,27235,4442590,13,M.arupensis
GCF_002086515.1,NZ_MVHH01000052.1,25560,4442590,13,M.arupensis
GCF_002086515.1,NZ_MVHH01000053.1,25240,4442590,13,M.arupensis
GCF_002086515.1,NZ_MVHH01000054.1,24014,4442590,13,M.arupensis
GCF_002086515.1,NZ_MVHH01000055.1,23633,4442590,13,M.arupensis
GCF_002086515.1,NZ_MVHH01000056.1,23252,4442590,13,M.arupensis
GCF_002086515.1,NZ_MVHH01000057.1,22969,4442590,13,M.arupensis
GCF_002086515.1,NZ_MVHH01000058.1,20966,4442590,13,M.arupensis
GCF_002086515.1,NZ_MVHH01000059.1,20862,4442590,13,M.arupensis
GCF_002086515.1,NZ_MVHH01000060.1,20783,4442590,13,M.arupensis
GCF_002086515.1,NZ_MVHH01000061.1,19285,4442590,13,M.arupensis
GCF_002086515.1,NZ_MVHH01000062.1,18901,4442590,13,M.arupensis
GCF_002086515.1,NZ_MVHH01000063.1,17754,4442590,13,M.arupensis
GCF_002086515.1,NZ_MVHH01000064.1,15533,4442590,13,M.arupensis
GCF_002086515.1,NZ_MVHH01000065.1,15126,4442590,13,M.arupensis
GCF_002086515.1,NZ_MVHH01000066.1,15095,4442590,13,M.arupensis
GCF_002086515.1,NZ_MVHH01000067.1,14565,4442590,13,M.arupensis
GCF_002086515.1,NZ_MVHH01000068.1,14456,4442590,13,M.arupensis
GCF_002086515.1,NZ_MVHH01000069.1,13938,4442590,13,M.arupensis
GCF_002086515.1,NZ_MVHH01000070.1,13836,4442590,13,M.arupensis
GCF_002086515.1,NZ_MVHH01000071.1,13520,4442590,13,M.arupensis
GCF_002086515.1,NZ_MVHH01000072.1,13042,4442590,13,M.arupensis
GCF_002086515.1,NZ_MVHH01000073.1,11874,4442590,13,M.arupensis
GCF_002086515.1,NZ_MVHH01000074.1,11218,4442590,13,M.arupensis
GCF_002086515.1,NZ_MVHH01000075.1,10794,4442590,13,M.arupensis
GCF_002086515.1,NZ_MVHH01000076.1,10341,4442590,13,M.arupensis
GCF_002086515.1,NZ_MVHH01000077.1,10199,4442590,13,M.arupensis
GCF_002086515.1,NZ_MVHH01000078.1,10061,4442590,13,M.arupensis
GCF_002086515.1,NZ_MVHH01000079.1,9574,4442590,13,M.arupensis
GCF_002086515.1,NZ_MVHH01000080.1,8958,4442590,13,M.arupensis
GCF_002086515.1,NZ_MVHH01000081.1,8559,4442590,13,M.arupensis
GCF_002086515.1,NZ_MVHH01000082.1,8336,4442590,13,M.arupensis
GCF_002086515.1,NZ_MVHH01000083.1,8264,4442590,13,M.arupensis
GCF_002086515.1,NZ_MVHH01000084.1,7934,4442590,13,M.arupensis
GCF_002086515.1,NZ_MVHH01000085.1,7910,4442590,13,M.arupensis
GCF_002086515.1,NZ_MVHH01000086.1,7761,4442590,13,M.arupensis
GCF_002086515.1,NZ_MVHH01000087.1,7269,4442590,13,M.arupensis
GCF_002086515.1,NZ_MVHH01000088.1,6775,4442590,13,M.arupensis
GCF_002086515.1,NZ_MVHH01000089.1,5803,4442590,13,M.arupensis
GCF_002086515.1,NZ_MVHH01000090.1,5549,4442590,13,M.arupensis
GCF_002086515.1,NZ_MVHH01000091.1,5432,4442590,13,M.arupensis
GCF_002086515.1,NZ_MVHH01000092.1,4941,4442590,13,M.arupensis
GCF_002086515.1,NZ_MVHH01000093.1,4867,4442590,13,M.arupensis
GCF_002086515.1,NZ_MVHH01000094.1,4789,4442590,13,M.arupensis
GCF_002086515.1,NZ_MVHH01000095.1,4635,4442590,13,M.arupensis
GCF_002086515.1,NZ_MVHH01000096.1,4535,4442590,13,M.arupensis
GCF_002086515.1,NZ_MVHH01000097.1,4101,4442590,13,M.arupensis
GCF_002086515.1,NZ_MVHH01000098.1,4066,4442590,13,M.arupensis
GCF_002086515.1,NZ_MVHH01000099.1,3884,4442590,13,M.arupensis
GCF_002086515.1,NZ_MVHH01000100.1,3090,4442590,13,M.arupensis
GCF_002086515.1,NZ_MVHH01000101.1,2977,4442590,13,M.arupensis
GCF_002086515.1,NZ_MVHH01000102.1,2723,4442590,13,M.arupensis
GCF_002086515.1,NZ_MVHH01000103.1,2665,4442590,13,M.arupensis
GCF_002086515.1,NZ_MVHH01000104.1,2623,4442590,13,M.arupensis
GCF_002086515.1,NZ_MVHH01000105.1,1781,4442590,13,M.arupensis
GCF_002086515.1,NZ_MVHH01000106.1,1527,4442590,13,M.arupensis
GCF_002086515.1,NZ_MVHH01000107.1,1488,4442590,13,M.arupensis
GCF_002086515.1,NZ_MVHH01000108.1,1475,4442590,13,M.arupensis
GCF_002086515.1,NZ_MVHH01000109.1,1435,4442590,13,M.arupensis
GCF_002086515.1,NZ_MVHH01000110.1,1375,4442590,13,M.arupensis
GCF_002086515.1,NZ_MVHH01000111.1,1339,4442590,13,M.arupensis
GCF_002086515.1,NZ_MVHH01000112.1,1338,4442590,13,M.arupensis
GCF_002086515.1,NZ_MVHH01000113.1,1286,4442590,13,M.arupensis
GCF_002086515.1,NZ_MVHH01000114.1,1253,4442590,13,M.arupensis
GCF_002086515.1,NZ_MVHH01000115.1,1169,4442590,13,M.arupensis
GCF_002086515.1,NZ_MVHH01000116.1,1109,4442590,13,M.arupensis
GCF_002086515.1,NZ_MVHH01000117.1,1106,4442590,13,M.arupensis
GCF_002086515.1,NZ_MVHH01000118.1,1024,4442590,13,M.arupensis
GCF_002086515.1,NZ_MVHH01000119.1,848,4442590,13,M.arupensis
GCF_002086515.1,NZ_MVHH01000120.1,736,4442590,13,M.arupensis
GCF_002086515.1,NZ_MVHH01000121.1,629,4442590,13,M.arupensis
GCF_002086515.1,NZ_MVHH01000122.1,583,4442590,13,M.arupensis
GCF_002086515.1,NZ_MVHH01000123.1,579,4442590,13,M.arupensis
GCF_002086515.1,NZ_MVHH01000124.1,574,4442590,13,M.arupensis
GCF_002086515.1,NZ_MVHH01000125.1,534,4442590,13,M.arupensis
GCF_002086515.1,NZ_MVHH01000126.1,523,4442590,13,M.arupensis
GCF_002086515.1,NZ_MVHH01000127.1,510,4442590,13,M.arupensis
GCF_002086515.1,NZ_MVHH01000128.1,504,4442590,13,M.arupensis
GCF_002086515.1,NZ_MVHH01000129.1,434,4442590,13,M.arupensis
GCF_002086515.1,NZ_MVHH01000130.1,391,4442590,13,M.arupensis
GCF_002086515.1,NZ_MVHH01000131.1,316,4442590,13,M.arupensis
GCF_002086515.1,NZ_MVHH01000132.1,314,4442590,13,M.arupensis
GCF_002086515.1,NZ_MVHH01000133.1,306,4442590,13,M.arupensis
GCF_002086515.1,NZ_MVHH01000134.1,306,4442590,13,M.arupensis
GCF_002086515.1,NZ_MVHH01000135.1,283,4442590,13,M.arupensis
GCF_002086515.1,NZ_MVHH01000136.1,279,4442590,13,M.arupensis
GCF_002086515.1,NZ_MVHH01000137.1,270,4442590,13,M.arupensis
GCF_002086515.1,NZ_MVHH01000138.1,254,4442590,13,M.arupensis
GCF_002086515.1,NZ_MVHH01000139.1,247,4442590,13,M.arupensis
GCF_002086515.1,NZ_MVHH01000140.1,240,4442590,13,M.arupensis
GCF_002086515.1,NZ_MVHH01000141.1,239,4442590,13,M.arupensis
GCF_002086515.1,NZ_MVHH01000142.1,239,4442590,13,M.arupensis
GCF_002086515.1,NZ_MVHH01000143.1,237,4442590,13,M.arupensis
GCF_002086515.1,NZ_MVHH01000144.1,229,4442590,13,M.arupensis
GCF_002086515.1,NZ_MVHH01000145.1,228,4442590,13,M.arupensis
GCF_002086515.1,NZ_MVHH01000146.1,227,4442590,13,M.arupensis
GCF_002086515.1,NZ_MVHH01000147.1,227,4442590,13,M.arupensis
GCF_002086515.1,NZ_MVHH01000148.1,220,4442590,13,M.arupensis
GCF_002086515.1,NZ_MVHH01000149.1,219,4442590,13,M.arupensis
GCF_002086515.1,NZ_MVHH01000150.1,216,4442590,13,M.arupensis
GCF_002086515.1,NZ_MVHH01000151.1,213,4442590,13,M.arupensis
GCF_002086515.1,NZ_MVHH01000152.1,213,4442590,13,M.arupensis
GCF_002086515.1,NZ_MVHH01000153.1,212,4442590,13,M.arupensis
GCF_002086515.1,NZ_MVHH01000154.1,210,4442590,13,M.arupensis
GCF_002086515.1,NZ_MVHH01000155.1,207,4442590,13,M.arupensis
GCF_002086515.1,NZ_MVHH01000156.1,206,4442590,13,M.arupensis
GCF_002086515.1,NZ_MVHH01000157.1,206,4442590,13,M.arupensis
GCF_002086545.1,NZ_MVHI01000001.1,351400,5969538,214,M.asiaticum
GCF_002086545.1,NZ_MVHI01000002.1,215529,5969538,214,M.asiaticum
GCF_002086545.1,NZ_MVHI01000003.1,213280,5969538,214,M.asiaticum
GCF_002086545.1,NZ_MVHI01000004.1,202139,5969538,214,M.asiaticum
GCF_002086545.1,NZ_MVHI01000005.1,192101,5969538,214,M.asiaticum
GCF_002086545.1,NZ_MVHI01000006.1,186628,5969538,214,M.asiaticum
GCF_002086545.1,NZ_MVHI01000007.1,165894,5969538,214,M.asiaticum
GCF_002086545.1,NZ_MVHI01000008.1,154731,5969538,214,M.asiaticum
GCF_002086545.1,NZ_MVHI01000009.1,149253,5969538,214,M.asiaticum
GCF_002086545.1,NZ_MVHI01000010.1,146918,5969538,214,M.asiaticum
GCF_002086545.1,NZ_MVHI01000011.1,139242,5969538,214,M.asiaticum
GCF_002086545.1,NZ_MVHI01000012.1,136929,5969538,214,M.asiaticum
GCF_002086545.1,NZ_MVHI01000013.1,135162,5969538,214,M.asiaticum
GCF_002086545.1,NZ_MVHI01000014.1,134627,5969538,214,M.asiaticum
GCF_002086545.1,NZ_MVHI01000015.1,128515,5969538,214,M.asiaticum
GCF_002086545.1,NZ_MVHI01000016.1,128364,5969538,214,M.asiaticum
GCF_002086545.1,NZ_MVHI01000017.1,121044,5969538,214,M.asiaticum
GCF_002086545.1,NZ_MVHI01000018.1,118100,5969538,214,M.asiaticum
GCF_002086545.1,NZ_MVHI01000019.1,115102,5969538,214,M.asiaticum
GCF_002086545.1,NZ_MVHI01000020.1,114881,5969538,214,M.asiaticum
GCF_002086545.1,NZ_MVHI01000021.1,111543,5969538,214,M.asiaticum
GCF_002086545.1,NZ_MVHI01000022.1,109975,5969538,214,M.asiaticum
GCF_002086545.1,NZ_MVHI01000023.1,108643,5969538,214,M.asiaticum
GCF_002086545.1,NZ_MVHI01000024.1,99690,5969538,214,M.asiaticum
GCF_002086545.1,NZ_MVHI01000025.1,96909,5969538,214,M.asiaticum
GCF_002086545.1,NZ_MVHI01000026.1,96574,5969538,214,M.asiaticum
GCF_002086545.1,NZ_MVHI01000027.1,87341,5969538,214,M.asiaticum
GCF_002086545.1,NZ_MVHI01000028.1,77204,5969538,214,M.asiaticum
GCF_002086545.1,NZ_MVHI01000029.1,72144,5969538,214,M.asiaticum
GCF_002086545.1,NZ_MVHI01000030.1,70849,5969538,214,M.asiaticum
GCF_002086545.1,NZ_MVHI01000031.1,62546,5969538,214,M.asiaticum
GCF_002086545.1,NZ_MVHI01000032.1,61314,5969538,214,M.asiaticum
GCF_002086545.1,NZ_MVHI01000033.1,59826,5969538,214,M.asiaticum
GCF_002086545.1,NZ_MVHI01000034.1,58035,5969538,214,M.asiaticum
GCF_002086545.1,NZ_MVHI01000035.1,57868,5969538,214,M.asiaticum
GCF_002086545.1,NZ_MVHI01000036.1,57550,5969538,214,M.asiaticum
GCF_002086545.1,NZ_MVHI01000037.1,54465,5969538,214,M.asiaticum
GCF_002086545.1,NZ_MVHI01000038.1,54213,5969538,214,M.asiaticum
GCF_002086545.1,NZ_MVHI01000039.1,51948,5969538,214,M.asiaticum
GCF_002086545.1,NZ_MVHI01000040.1,51381,5969538,214,M.asiaticum
GCF_002086545.1,NZ_MVHI01000041.1,51193,5969538,214,M.asiaticum
GCF_002086545.1,NZ_MVHI01000042.1,48025,5969538,214,M.asiaticum
GCF_002086545.1,NZ_MVHI01000043.1,44495,5969538,214,M.asiaticum
GCF_002086545.1,NZ_MVHI01000044.1,43954,5969538,214,M.asiaticum
GCF_002086545.1,NZ_MVHI01000045.1,41798,5969538,214,M.asiaticum
GCF_002086545.1,NZ_MVHI01000046.1,41202,5969538,214,M.asiaticum
GCF_002086545.1,NZ_MVHI01000047.1,40768,5969538,214,M.asiaticum
GCF_002086545.1,NZ_MVHI01000048.1,39437,5969538,214,M.asiaticum
GCF_002086545.1,NZ_MVHI01000049.1,39334,5969538,214,M.asiaticum
GCF_002086545.1,NZ_MVHI01000050.1,38286,5969538,214,M.asiaticum
GCF_002086545.1,NZ_MVHI01000051.1,37713,5969538,214,M.asiaticum
GCF_002086545.1,NZ_MVHI01000052.1,35979,5969538,214,M.asiaticum
GCF_002086545.1,NZ_MVHI01000053.1,33491,5969538,214,M.asiaticum
GCF_002086545.1,NZ_MVHI01000054.1,33186,5969538,214,M.asiaticum
GCF_002086545.1,NZ_MVHI01000055.1,32932,5969538,214,M.asiaticum
GCF_002086545.1,NZ_MVHI01000056.1,32241,5969538,214,M.asiaticum
GCF_002086545.1,NZ_MVHI01000057.1,31681,5969538,214,M.asiaticum
GCF_002086545.1,NZ_MVHI01000058.1,28901,5969538,214,M.asiaticum
GCF_002086545.1,NZ_MVHI01000059.1,28796,5969538,214,M.asiaticum
GCF_002086545.1,NZ_MVHI01000060.1,27641,5969538,214,M.asiaticum
GCF_002086545.1,NZ_MVHI01000061.1,26542,5969538,214,M.asiaticum
GCF_002086545.1,NZ_MVHI01000062.1,25353,5969538,214,M.asiaticum
GCF_002086545.1,NZ_MVHI01000063.1,25055,5969538,214,M.asiaticum
GCF_002086545.1,NZ_MVHI01000064.1,24876,5969538,214,M.asiaticum
GCF_002086545.1,NZ_MVHI01000065.1,24839,5969538,214,M.asiaticum
GCF_002086545.1,NZ_MVHI01000066.1,23742,5969538,214,M.asiaticum
GCF_002086545.1,NZ_MVHI01000067.1,23085,5969538,214,M.asiaticum
GCF_002086545.1,NZ_MVHI01000068.1,22074,5969538,214,M.asiaticum
GCF_002086545.1,NZ_MVHI01000069.1,19889,5969538,214,M.asiaticum
GCF_002086545.1,NZ_MVHI01000070.1,19439,5969538,214,M.asiaticum
GCF_002086545.1,NZ_MVHI01000071.1,19347,5969538,214,M.asiaticum
GCF_002086545.1,NZ_MVHI01000072.1,18347,5969538,214,M.asiaticum
GCF_002086545.1,NZ_MVHI01000073.1,18176,5969538,214,M.asiaticum
GCF_002086545.1,NZ_MVHI01000074.1,17434,5969538,214,M.asiaticum
GCF_002086545.1,NZ_MVHI01000075.1,15641,5969538,214,M.asiaticum
GCF_002086545.1,NZ_MVHI01000076.1,15211,5969538,214,M.asiaticum
GCF_002086545.1,NZ_MVHI01000077.1,13955,5969538,214,M.asiaticum
GCF_002086545.1,NZ_MVHI01000078.1,12983,5969538,214,M.asiaticum
GCF_002086545.1,NZ_MVHI01000079.1,12564,5969538,214,M.asiaticum
GCF_002086545.1,NZ_MVHI01000080.1,12460,5969538,214,M.asiaticum
GCF_002086545.1,NZ_MVHI01000081.1,12345,5969538,214,M.asiaticum
GCF_002086545.1,NZ_MVHI01000082.1,10997,5969538,214,M.asiaticum
GCF_002086545.1,NZ_MVHI01000083.1,9093,5969538,214,M.asiaticum
GCF_002086545.1,NZ_MVHI01000084.1,4022,5969538,214,M.asiaticum
GCF_002086545.1,NZ_MVHI01000085.1,3826,5969538,214,M.asiaticum
GCF_002086545.1,NZ_MVHI01000086.1,3250,5969538,214,M.asiaticum
GCF_002086545.1,NZ_MVHI01000087.1,2956,5969538,214,M.asiaticum
GCF_002086545.1,NZ_MVHI01000088.1,2726,5969538,214,M.asiaticum
GCF_002086545.1,NZ_MVHI01000089.1,2087,5969538,214,M.asiaticum
GCF_002086545.1,NZ_MVHI01000090.1,1786,5969538,214,M.asiaticum
GCF_002086545.1,NZ_MVHI01000091.1,1585,5969538,214,M.asiaticum
GCF_002086545.1,NZ_MVHI01000092.1,1403,5969538,214,M.asiaticum
GCF_002086545.1,NZ_MVHI01000093.1,1376,5969538,214,M.asiaticum
GCF_002086545.1,NZ_MVHI01000094.1,1098,5969538,214,M.asiaticum
GCF_002086545.1,NZ_MVHI01000095.1,914,5969538,214,M.asiaticum
GCF_002086545.1,NZ_MVHI01000096.1,991,5969538,214,M.asiaticum
GCF_002086545.1,NZ_MVHI01000097.1,887,5969538,214,M.asiaticum
GCF_002086545.1,NZ_MVHI01000098.1,865,5969538,214,M.asiaticum
GCF_002086545.1,NZ_MVHI01000099.1,846,5969538,214,M.asiaticum
GCF_002086545.1,NZ_MVHI01000100.1,789,5969538,214,M.asiaticum
GCF_002086545.1,NZ_MVHI01000101.1,759,5969538,214,M.asiaticum
GCF_002086545.1,NZ_MVHI01000102.1,747,5969538,214,M.asiaticum
GCF_002086545.1,NZ_MVHI01000103.1,639,5969538,214,M.asiaticum
GCF_002086545.1,NZ_MVHI01000104.1,620,5969538,214,M.asiaticum
GCF_002086545.1,NZ_MVHI01000105.1,566,5969538,214,M.asiaticum
GCF_002086545.1,NZ_MVHI01000106.1,556,5969538,214,M.asiaticum
GCF_002086545.1,NZ_MVHI01000107.1,553,5969538,214,M.asiaticum
GCF_002086545.1,NZ_MVHI01000108.1,494,5969538,214,M.asiaticum
GCF_002086545.1,NZ_MVHI01000109.1,481,5969538,214,M.asiaticum
GCF_002086545.1,NZ_MVHI01000110.1,460,5969538,214,M.asiaticum
GCF_002086545.1,NZ_MVHI01000111.1,424,5969538,214,M.asiaticum
GCF_002086545.1,NZ_MVHI01000112.1,453,5969538,214,M.asiaticum
GCF_002086545.1,NZ_MVHI01000113.1,450,5969538,214,M.asiaticum
GCF_002086545.1,NZ_MVHI01000114.1,433,5969538,214,M.asiaticum
GCF_002086545.1,NZ_MVHI01000115.1,433,5969538,214,M.asiaticum
GCF_002086545.1,NZ_MVHI01000116.1,393,5969538,214,M.asiaticum
GCF_002086545.1,NZ_MVHI01000117.1,383,5969538,214,M.asiaticum
GCF_002086545.1,NZ_MVHI01000118.1,377,5969538,214,M.asiaticum
GCF_002086545.1,NZ_MVHI01000119.1,376,5969538,214,M.asiaticum
GCF_002086545.1,NZ_MVHI01000120.1,329,5969538,214,M.asiaticum
GCF_002086545.1,NZ_MVHI01000121.1,329,5969538,214,M.asiaticum
GCF_002086545.1,NZ_MVHI01000122.1,309,5969538,214,M.asiaticum
GCF_002086545.1,NZ_MVHI01000123.1,306,5969538,214,M.asiaticum
GCF_002086545.1,NZ_MVHI01000124.1,299,5969538,214,M.asiaticum
GCF_002086545.1,NZ_MVHI01000125.1,278,5969538,214,M.asiaticum
GCF_002086545.1,NZ_MVHI01000126.1,255,5969538,214,M.asiaticum
GCF_002086545.1,NZ_MVHI01000127.1,253,5969538,214,M.asiaticum
GCF_002086545.1,NZ_MVHI01000128.1,243,5969538,214,M.asiaticum
GCF_002086545.1,NZ_MVHI01000129.1,243,5969538,214,M.asiaticum
GCF_002086545.1,NZ_MVHI01000130.1,242,5969538,214,M.asiaticum
GCF_002086545.1,NZ_MVHI01000131.1,233,5969538,214,M.asiaticum
GCF_002086545.1,NZ_MVHI01000132.1,227,5969538,214,M.asiaticum
GCF_002086545.1,NZ_MVHI01000133.1,221,5969538,214,M.asiaticum
GCF_002086545.1,NZ_MVHI01000134.1,207,5969538,214,M.asiaticum
GCF_002086545.1,NZ_MVHI01000135.1,203,5969538,214,M.asiaticum
GCF_900566085.1,NZ_UPHT01000001.1,22493,6527895,201,M.attenuatum
GCF_900566085.1,NZ_UPHT01000002.1,22325,6527895,201,M.attenuatum
GCF_900566085.1,NZ_UPHT01000003.1,18781,6527895,201,M.attenuatum
GCF_900566085.1,NZ_UPHT01000004.1,100714,6527895,201,M.attenuatum
GCF_900566085.1,NZ_UPHT01000005.1,100978,6527895,201,M.attenuatum
GCF_900566085.1,NZ_UPHT01000006.1,62167,6527895,201,M.attenuatum
GCF_900566085.1,NZ_UPHT01000007.1,11210,6527895,201,M.attenuatum
GCF_900566085.1,NZ_UPHT01000008.1,76898,6527895,201,M.attenuatum
GCF_900566085.1,NZ_UPHT01000009.1,40161,6527895,201,M.attenuatum
GCF_900566085.1,NZ_UPHT01000010.1,21085,6527895,201,M.attenuatum
GCF_900566085.1,NZ_UPHT01000011.1,8309,6527895,201,M.attenuatum
GCF_900566085.1,NZ_UPHT01000012.1,7489,6527895,201,M.attenuatum
GCF_900566085.1,NZ_UPHT01000013.1,16934,6527895,201,M.attenuatum
GCF_900566085.1,NZ_UPHT01000014.1,20229,6527895,201,M.attenuatum
GCF_900566085.1,NZ_UPHT01000015.1,34244,6527895,201,M.attenuatum
GCF_900566085.1,NZ_UPHT01000016.1,25343,6527895,201,M.attenuatum
GCF_900566085.1,NZ_UPHT01000017.1,19882,6527895,201,M.attenuatum
GCF_900566085.1,NZ_UPHT01000018.1,10830,6527895,201,M.attenuatum
GCF_900566085.1,NZ_UPHT01000019.1,91926,6527895,201,M.attenuatum
GCF_900566085.1,NZ_UPHT01000020.1,41671,6527895,201,M.attenuatum
GCF_900566085.1,NZ_UPHT01000021.1,48944,6527895,201,M.attenuatum
GCF_900566085.1,NZ_UPHT01000022.1,6469,6527895,201,M.attenuatum
GCF_900566085.1,NZ_UPHT01000023.1,9928,6527895,201,M.attenuatum
GCF_900566085.1,NZ_UPHT01000024.1,15146,6527895,201,M.attenuatum
GCF_900566085.1,NZ_UPHT01000025.1,60351,6527895,201,M.attenuatum
GCF_900566085.1,NZ_UPHT01000026.1,52987,6527895,201,M.attenuatum
GCF_900566085.1,NZ_UPHT01000027.1,1321,6527895,201,M.attenuatum
GCF_900566085.1,NZ_UPHT01000028.1,24019,6527895,201,M.attenuatum
GCF_900566085.1,NZ_UPHT01000029.1,1829,6527895,201,M.attenuatum
GCF_900566085.1,NZ_UPHT01000030.1,57687,6527895,201,M.attenuatum
GCF_900566085.1,NZ_UPHT01000031.1,10805,6527895,201,M.attenuatum
GCF_900566085.1,NZ_UPHT01000032.1,152889,6527895,201,M.attenuatum
GCF_900566085.1,NZ_UPHT01000033.1,23286,6527895,201,M.attenuatum
GCF_900566085.1,NZ_UPHT01000034.1,10808,6527895,201,M.attenuatum
GCF_900566085.1,NZ_UPHT01000035.1,10531,6527895,201,M.attenuatum
GCF_900566085.1,NZ_UPHT01000036.1,10161,6527895,201,M.attenuatum
GCF_900566085.1,NZ_UPHT01000037.1,8522,6527895,201,M.attenuatum
GCF_900566085.1,NZ_UPHT01000038.1,18675,6527895,201,M.attenuatum
GCF_900566085.1,NZ_UPHT01000039.1,29423,6527895,201,M.attenuatum
GCF_900566085.1,NZ_UPHT01000040.1,9957,6527895,201,M.attenuatum
GCF_900566085.1,NZ_UPHT01000041.1,1268,6527895,201,M.attenuatum
GCF_900566085.1,NZ_UPHT01000042.1,85728,6527895,201,M.attenuatum
GCF_900566085.1,NZ_UPHT01000043.1,29067,6527895,201,M.attenuatum
GCF_900566085.1,NZ_UPHT01000044.1,91262,6527895,201,M.attenuatum
GCF_900566085.1,NZ_UPHT01000045.1,45777,6527895,201,M.attenuatum
GCF_900566085.1,NZ_UPHT01000046.1,133877,6527895,201,M.attenuatum
GCF_900566085.1,NZ_UPHT01000047.1,71147,6527895,201,M.attenuatum
GCF_900566085.1,NZ_UPHT01000048.1,77572,6527895,201,M.attenuatum
GCF_900566085.1,NZ_UPHT01000049.1,103198,6527895,201,M.attenuatum
GCF_900566085.1,NZ_UPHT01000050.1,38431,6527895,201,M.attenuatum
GCF_900566085.1,NZ_UPHT01000051.1,15996,6527895,201,M.attenuatum
GCF_900566085.1,NZ_UPHT01000052.1,35245,6527895,201,M.attenuatum
GCF_900566085.1,NZ_UPHT01000053.1,13523,6527895,201,M.attenuatum
GCF_900566085.1,NZ_UPHT01000054.1,10250,6527895,201,M.attenuatum
GCF_900566085.1,NZ_UPHT01000055.1,28409,6527895,201,M.attenuatum
GCF_900566085.1,NZ_UPHT01000056.1,40508,6527895,201,M.attenuatum
GCF_900566085.1,NZ_UPHT01000057.1,106898,6527895,201,M.attenuatum
GCF_900566085.1,NZ_UPHT01000058.1,5934,6527895,201,M.attenuatum
GCF_900566085.1,NZ_UPHT01000059.1,55217,6527895,201,M.attenuatum
GCF_900566085.1,NZ_UPHT01000060.1,42240,6527895,201,M.attenuatum
GCF_900566085.1,NZ_UPHT01000061.1,22613,6527895,201,M.attenuatum
GCF_900566085.1,NZ_UPHT01000062.1,22715,6527895,201,M.attenuatum
GCF_900566085.1,NZ_UPHT01000063.1,36173,6527895,201,M.attenuatum
GCF_900566085.1,NZ_UPHT01000064.1,37490,6527895,201,M.attenuatum
GCF_900566085.1,NZ_UPHT01000065.1,11200,6527895,201,M.attenuatum
GCF_900566085.1,NZ_UPHT01000066.1,38436,6527895,201,M.attenuatum
GCF_900566085.1,NZ_UPHT01000067.1,23160,6527895,201,M.attenuatum
GCF_900566085.1,NZ_UPHT01000068.1,28640,6527895,201,M.attenuatum
GCF_900566085.1,NZ_UPHT01000069.1,6810,6527895,201,M.attenuatum
GCF_900566085.1,NZ_UPHT01000070.1,31913,6527895,201,M.attenuatum
GCF_900566085.1,NZ_UPHT01000071.1,5337,6527895,201,M.attenuatum
GCF_900566085.1,NZ_UPHT01000072.1,69220,6527895,201,M.attenuatum
GCF_900566085.1,NZ_UPHT01000073.1,215071,6527895,201,M.attenuatum
GCF_900566085.1,NZ_UPHT01000074.1,3093,6527895,201,M.attenuatum
GCF_900566085.1,NZ_UPHT01000075.1,34107,6527895,201,M.attenuatum
GCF_900566085.1,NZ_UPHT01000076.1,1284,6527895,201,M.attenuatum
GCF_900566085.1,NZ_UPHT01000077.1,12881,6527895,201,M.attenuatum
GCF_900566085.1,NZ_UPHT01000078.1,41528,6527895,201,M.attenuatum
GCF_900566085.1,NZ_UPHT01000079.1,10667,6527895,201,M.attenuatum
GCF_900566085.1,NZ_UPHT01000080.1,16091,6527895,201,M.attenuatum
GCF_900566085.1,NZ_UPHT01000081.1,65151,6527895,201,M.attenuatum
GCF_900566085.1,NZ_UPHT01000082.1,28633,6527895,201,M.attenuatum
GCF_900566085.1,NZ_UPHT01000083.1,8356,6527895,201,M.attenuatum
GCF_900566085.1,NZ_UPHT01000084.1,29578,6527895,201,M.attenuatum
GCF_900566085.1,NZ_UPHT01000085.1,22484,6527895,201,M.attenuatum
GCF_900566085.1,NZ_UPHT01000086.1,58150,6527895,201,M.attenuatum
GCF_900566085.1,NZ_UPHT01000087.1,1943,6527895,201,M.attenuatum
GCF_900566085.1,NZ_UPHT01000088.1,57693,6527895,201,M.attenuatum
GCF_900566085.1,NZ_UPHT01000089.1,52108,6527895,201,M.attenuatum
GCF_900566085.1,NZ_UPHT01000090.1,47145,6527895,201,M.attenuatum
GCF_900566085.1,NZ_UPHT01000091.1,19387,6527895,201,M.attenuatum
GCF_900566085.1,NZ_UPHT01000092.1,87727,6527895,201,M.attenuatum
GCF_900566085.1,NZ_UPHT01000093.1,21719,6527895,201,M.attenuatum
GCF_900566085.1,NZ_UPHT01000094.1,13543,6527895,201,M.attenuatum
GCF_900566085.1,NZ_UPHT01000095.1,96491,6527895,201,M.attenuatum
GCF_900566085.1,NZ_UPHT01000096.1,4888,6527895,201,M.attenuatum
GCF_900566085.1,NZ_UPHT01000097.1,47115,6527895,201,M.attenuatum
GCF_900566085.1,NZ_UPHT01000098.1,18270,6527895,201,M.attenuatum
GCF_900566085.1,NZ_UPHT01000099.1,38358,6527895,201,M.attenuatum
GCF_900566085.1,NZ_UPHT01000100.1,23831,6527895,201,M.attenuatum
GCF_900566085.1,NZ_UPHT01000101.1,60370,6527895,201,M.attenuatum
GCF_900566085.1,NZ_UPHT01000102.1,21250,6527895,201,M.attenuatum
GCF_900566085.1,NZ_UPHT01000103.1,21974,6527895,201,M.attenuatum
GCF_900566085.1,NZ_UPHT01000104.1,10451,6527895,201,M.attenuatum
GCF_900566085.1,NZ_UPHT01000105.1,14775,6527895,201,M.attenuatum
GCF_900566085.1,NZ_UPHT01000106.1,18509,6527895,201,M.attenuatum
GCF_900566085.1,NZ_UPHT01000107.1,67459,6527895,201,M.attenuatum
GCF_900566085.1,NZ_UPHT01000108.1,38950,6527895,201,M.attenuatum
GCF_900566085.1,NZ_UPHT01000109.1,36990,6527895,201,M.attenuatum
GCF_900566085.1,NZ_UPHT01000110.1,64800,6527895,201,M.attenuatum
GCF_900566085.1,NZ_UPHT01000111.1,7891,6527895,201,M.attenuatum
GCF_900566085.1,NZ_UPHT01000112.1,2192,6527895,201,M.attenuatum
GCF_900566085.1,NZ_UPHT01000113.1,1643,6527895,201,M.attenuatum
GCF_900566085.1,NZ_UPHT01000114.1,55723,6527895,201,M.attenuatum
GCF_900566085.1,NZ_UPHT01000115.1,1811,6527895,201,M.attenuatum
GCF_900566085.1,NZ_UPHT01000116.1,19097,6527895,201,M.attenuatum
GCF_900566085.1,NZ_UPHT01000117.1,4137,6527895,201,M.attenuatum
GCF_900566085.1,NZ_UPHT01000118.1,42115,6527895,201,M.attenuatum
GCF_900566085.1,NZ_UPHT01000119.1,129580,6527895,201,M.attenuatum
GCF_900566085.1,NZ_UPHT01000120.1,39550,6527895,201,M.attenuatum
GCF_900566085.1,NZ_UPHT01000121.1,21238,6527895,201,M.attenuatum
GCF_900566085.1,NZ_UPHT01000122.1,18895,6527895,201,M.attenuatum
GCF_900566085.1,NZ_UPHT01000123.1,45632,6527895,201,M.attenuatum
GCF_900566085.1,NZ_UPHT01000124.1,15964,6527895,201,M.attenuatum
GCF_900566085.1,NZ_UPHT01000125.1,1069,6527895,201,M.attenuatum
GCF_900566085.1,NZ_UPHT01000126.1,19907,6527895,201,M.attenuatum
GCF_900566085.1,NZ_UPHT01000127.1,13911,6527895,201,M.attenuatum
GCF_900566085.1,NZ_UPHT01000128.1,3334,6527895,201,M.attenuatum
GCF_900566085.1,NZ_UPHT01000129.1,54408,6527895,201,M.attenuatum
GCF_900566085.1,NZ_UPHT01000130.1,1039,6527895,201,M.attenuatum
GCF_900566085.1,NZ_UPHT01000131.1,96498,6527895,201,M.attenuatum
GCF_900566085.1,NZ_UPHT01000132.1,15029,6527895,201,M.attenuatum
GCF_900566085.1,NZ_UPHT01000133.1,65950,6527895,201,M.attenuatum
GCF_900566085.1,NZ_UPHT01000134.1,10964,6527895,201,M.attenuatum
GCF_900566085.1,NZ_UPHT01000135.1,32784,6527895,201,M.attenuatum
GCF_900566085.1,NZ_UPHT01000136.1,32483,6527895,201,M.attenuatum
GCF_900566085.1,NZ_UPHT01000137.1,52545,6527895,201,M.attenuatum
GCF_900566085.1,NZ_UPHT01000138.1,112321,6527895,201,M.attenuatum
GCF_900566085.1,NZ_UPHT01000139.1,28258,6527895,201,M.attenuatum
GCF_900566085.1,NZ_UPHT01000140.1,1697,6527895,201,M.attenuatum
GCF_900566085.1,NZ_UPHT01000141.1,1075,6527895,201,M.attenuatum
GCF_900566085.1,NZ_UPHT01000142.1,15997,6527895,201,M.attenuatum
GCF_900566085.1,NZ_UPHT01000143.1,12441,6527895,201,M.attenuatum
GCF_900566085.1,NZ_UPHT01000144.1,6107,6527895,201,M.attenuatum
GCF_900566085.1,NZ_UPHT01000145.1,8139,6527895,201,M.attenuatum
GCF_900566085.1,NZ_UPHT01000146.1,29998,6527895,201,M.attenuatum
GCF_900566085.1,NZ_UPHT01000147.1,17402,6527895,201,M.attenuatum
GCF_900566085.1,NZ_UPHT01000148.1,90995,6527895,201,M.attenuatum
GCF_900566085.1,NZ_UPHT01000149.1,24697,6527895,201,M.attenuatum
GCF_900566085.1,NZ_UPHT01000150.1,116216,6527895,201,M.attenuatum
GCF_900566085.1,NZ_UPHT01000151.1,14092,6527895,201,M.attenuatum
GCF_900566085.1,NZ_UPHT01000152.1,16246,6527895,201,M.attenuatum
GCF_900566085.1,NZ_UPHT01000153.1,46770,6527895,201,M.attenuatum
GCF_900566085.1,NZ_UPHT01000154.1,28851,6527895,201,M.attenuatum
GCF_900566085.1,NZ_UPHT01000155.1,29415,6527895,201,M.attenuatum
GCF_900566085.1,NZ_UPHT01000156.1,7296,6527895,201,M.attenuatum
GCF_900566085.1,NZ_UPHT01000157.1,24860,6527895,201,M.attenuatum
GCF_900566085.1,NZ_UPHT01000158.1,35173,6527895,201,M.attenuatum
GCF_900566085.1,NZ_UPHT01000159.1,31662,6527895,201,M.attenuatum
GCF_900566085.1,NZ_UPHT01000160.1,5982,6527895,201,M.attenuatum
GCF_900566085.1,NZ_UPHT01000161.1,41401,6527895,201,M.attenuatum
GCF_900566085.1,NZ_UPHT01000162.1,15562,6527895,201,M.attenuatum
GCF_900566085.1,NZ_UPHT01000163.1,49032,6527895,201,M.attenuatum
GCF_900566085.1,NZ_UPHT01000164.1,62606,6527895,201,M.attenuatum
GCF_900566085.1,NZ_UPHT01000165.1,5304,6527895,201,M.attenuatum
GCF_900566085.1,NZ_UPHT01000166.1,11215,6527895,201,M.attenuatum
GCF_900566085.1,NZ_UPHT01000167.1,4694,6527895,201,M.attenuatum
GCF_900566085.1,NZ_UPHT01000168.1,2385,6527895,201,M.attenuatum
GCF_900566085.1,NZ_UPHT01000169.1,38066,6527895,201,M.attenuatum
GCF_900566085.1,NZ_UPHT01000170.1,71383,6527895,201,M.attenuatum
GCF_900566085.1,NZ_UPHT01000171.1,7783,6527895,201,M.attenuatum
GCF_900566085.1,NZ_UPHT01000172.1,106456,6527895,201,M.attenuatum
GCF_900566085.1,NZ_UPHT01000173.1,69014,6527895,201,M.attenuatum
GCF_900566085.1,NZ_UPHT01000174.1,16067,6527895,201,M.attenuatum
GCF_900566085.1,NZ_UPHT01000175.1,50539,6527895,201,M.attenuatum
GCF_900566085.1,NZ_UPHT01000176.1,32406,6527895,201,M.attenuatum
GCF_900566085.1,NZ_UPHT01000177.1,16955,6527895,201,M.attenuatum
GCF_900566085.1,NZ_UPHT01000178.1,40719,6527895,201,M.attenuatum
GCF_900566085.1,NZ_UPHT01000179.1,9597,6527895,201,M.attenuatum
GCF_900566085.1,NZ_UPHT01000180.1,22753,6527895,201,M.attenuatum
GCF_900566085.1,NZ_UPHT01000181.1,15656,6527895,201,M.attenuatum
GCF_900566085.1,NZ_UPHT01000182.1,4040,6527895,201,M.attenuatum
GCF_900566085.1,NZ_UPHT01000183.1,35642,6527895,201,M.attenuatum
GCF_900566085.1,NZ_UPHT01000184.1,2738,6527895,201,M.attenuatum
GCF_900566085.1,NZ_UPHT01000185.1,13722,6527895,201,M.attenuatum
GCF_900566085.1,NZ_UPHT01000186.1,1215,6527895,201,M.attenuatum
GCF_900566085.1,NZ_UPHT01000187.1,3400,6527895,201,M.attenuatum
GCF_900566085.1,NZ_UPHT01000188.1,4858,6527895,201,M.attenuatum
GCF_900566085.1,NZ_UPHT01000189.1,1011,6527895,201,M.attenuatum
GCF_900566085.1,NZ_UPHT01000190.1,1461,6527895,201,M.attenuatum
GCF_900566085.1,NZ_UPHT01000191.1,1761,6527895,201,M.attenuatum
GCF_900566085.1,NZ_UPHT01000192.1,31037,6527895,201,M.attenuatum
GCF_900566085.1,NZ_UPHT01000193.1,18488,6527895,201,M.attenuatum
GCF_900566085.1,NZ_UPHT01000194.1,14849,6527895,201,M.attenuatum
GCF_900566085.1,NZ_UPHT01000195.1,7228,6527895,201,M.attenuatum
GCF_900566085.1,NZ_UPHT01000196.1,5928,6527895,201,M.attenuatum
GCF_900566085.1,NZ_UPHT01000197.1,5857,6527895,201,M.attenuatum
GCF_900566085.1,NZ_UPHT01000198.1,5440,6527895,201,M.attenuatum
GCF_900566085.1,NZ_UPHT01000199.1,4981,6527895,201,M.attenuatum
GCF_900566085.1,NZ_UPHT01000200.1,3230,6527895,201,M.attenuatum
GCF_900566085.1,NZ_UPHT01000201.1,2958,6527895,201,M.attenuatum
GCF_900566085.1,NZ_UPHT01000202.1,2637,6527895,201,M.attenuatum
GCF_900566085.1,NZ_UPHT01000203.1,2430,6527895,201,M.attenuatum
GCF_900566085.1,NZ_UPHT01000204.1,2078,6527895,201,M.attenuatum
GCF_900566085.1,NZ_UPHT01000205.1,1981,6527895,201,M.attenuatum
GCF_900566085.1,NZ_UPHT01000206.1,1879,6527895,201,M.attenuatum
GCF_900566085.1,NZ_UPHT01000207.1,1743,6527895,201,M.attenuatum
GCF_900566085.1,NZ_UPHT01000208.1,1719,6527895,201,M.attenuatum
GCF_900566085.1,NZ_UPHT01000209.1,1555,6527895,201,M.attenuatum
GCF_900566085.1,NZ_UPHT01000210.1,1520,6527895,201,M.attenuatum
GCF_900566085.1,NZ_UPHT01000211.1,1493,6527895,201,M.attenuatum
GCF_900566085.1,NZ_UPHT01000212.1,1436,6527895,201,M.attenuatum
GCF_900566085.1,NZ_UPHT01000213.1,1368,6527895,201,M.attenuatum
GCF_900566085.1,NZ_UPHT01000214.1,1352,6527895,201,M.attenuatum
GCF_900566085.1,NZ_UPHT01000215.1,1340,6527895,201,M.attenuatum
GCF_900566085.1,NZ_UPHT01000216.1,1334,6527895,201,M.attenuatum
GCF_900566085.1,NZ_UPHT01000217.1,1299,6527895,201,M.attenuatum
GCF_900566085.1,NZ_UPHT01000218.1,1280,6527895,201,M.attenuatum
GCF_900566085.1,NZ_UPHT01000219.1,1265,6527895,201,M.attenuatum
GCF_900566085.1,NZ_UPHT01000220.1,1218,6527895,201,M.attenuatum
GCF_900566085.1,NZ_UPHT01000221.1,1176,6527895,201,M.attenuatum
GCF_900566085.1,NZ_UPHT01000222.1,1168,6527895,201,M.attenuatum
GCF_900566085.1,NZ_UPHT01000223.1,1151,6527895,201,M.attenuatum
GCF_900566085.1,NZ_UPHT01000224.1,1127,6527895,201,M.attenuatum
GCF_900566085.1,NZ_UPHT01000225.1,1095,6527895,201,M.attenuatum
GCF_900566085.1,NZ_UPHT01000226.1,1092,6527895,201,M.attenuatum
GCF_900566085.1,NZ_UPHT01000227.1,1067,6527895,201,M.attenuatum
GCF_900566085.1,NZ_UPHT01000228.1,1046,6527895,201,M.attenuatum
GCF_900566085.1,NZ_UPHT01000229.1,1040,6527895,201,M.attenuatum
GCF_900566085.1,NZ_UPHT01000230.1,1009,6527895,201,M.attenuatum
GCF_010730955.1,NZ_AP022577.1,6055481,6055481,135,M.aubagnense
GCF_900637195.1,NZ_LR134356.1,6035584,6035584,184,M.aurum
GCF_016919645.1,NZ_CP070380.1,6287627,6287627,1,M.austroafricanum
GCF_022175585.2,NZ_CP018019.2,5173839,5173839,2,M.avium
GCF_002086115.1,NZ_MVHJ01000001.1,499990,5952041,149,M.bacteremicum
GCF_002086115.1,NZ_MVHJ01000002.1,368746,5952041,149,M.bacteremicum
GCF_002086115.1,NZ_MVHJ01000003.1,367189,5952041,149,M.bacteremicum
GCF_002086115.1,NZ_MVHJ01000004.1,300494,5952041,149,M.bacteremicum
GCF_002086115.1,NZ_MVHJ01000005.1,289531,5952041,149,M.bacteremicum
GCF_002086115.1,NZ_MVHJ01000006.1,287327,5952041,149,M.bacteremicum
GCF_002086115.1,NZ_MVHJ01000007.1,273989,5952041,149,M.bacteremicum
GCF_002086115.1,NZ_MVHJ01000008.1,240267,5952041,149,M.bacteremicum
GCF_002086115.1,NZ_MVHJ01000009.1,239741,5952041,149,M.bacteremicum
GCF_002086115.1,NZ_MVHJ01000010.1,203576,5952041,149,M.bacteremicum
GCF_002086115.1,NZ_MVHJ01000011.1,193359,5952041,149,M.bacteremicum
GCF_002086115.1,NZ_MVHJ01000012.1,168016,5952041,149,M.bacteremicum
GCF_002086115.1,NZ_MVHJ01000013.1,147724,5952041,149,M.bacteremicum
GCF_002086115.1,NZ_MVHJ01000014.1,145191,5952041,149,M.bacteremicum
GCF_002086115.1,NZ_MVHJ01000015.1,118834,5952041,149,M.bacteremicum
GCF_002086115.1,NZ_MVHJ01000016.1,96706,5952041,149,M.bacteremicum
GCF_002086115.1,NZ_MVHJ01000017.1,96188,5952041,149,M.bacteremicum
GCF_002086115.1,NZ_MVHJ01000018.1,93876,5952041,149,M.bacteremicum
GCF_002086115.1,NZ_MVHJ01000019.1,92593,5952041,149,M.bacteremicum
GCF_002086115.1,NZ_MVHJ01000020.1,89846,5952041,149,M.bacteremicum
GCF_002086115.1,NZ_MVHJ01000021.1,86984,5952041,149,M.bacteremicum
GCF_002086115.1,NZ_MVHJ01000022.1,84545,5952041,149,M.bacteremicum
GCF_002086115.1,NZ_MVHJ01000023.1,82164,5952041,149,M.bacteremicum
GCF_002086115.1,NZ_MVHJ01000024.1,78636,5952041,149,M.bacteremicum
GCF_002086115.1,NZ_MVHJ01000025.1,77069,5952041,149,M.bacteremicum
GCF_002086115.1,NZ_MVHJ01000026.1,72760,5952041,149,M.bacteremicum
GCF_002086115.1,NZ_MVHJ01000027.1,71390,5952041,149,M.bacteremicum
GCF_002086115.1,NZ_MVHJ01000028.1,66505,5952041,149,M.bacteremicum
GCF_002086115.1,NZ_MVHJ01000029.1,66203,5952041,149,M.bacteremicum
GCF_002086115.1,NZ_MVHJ01000030.1,66197,5952041,149,M.bacteremicum
GCF_002086115.1,NZ_MVHJ01000031.1,62681,5952041,149,M.bacteremicum
GCF_002086115.1,NZ_MVHJ01000032.1,52552,5952041,149,M.bacteremicum
GCF_002086115.1,NZ_MVHJ01000033.1,52439,5952041,149,M.bacteremicum
GCF_002086115.1,NZ_MVHJ01000034.1,51168,5952041,149,M.bacteremicum
GCF_002086115.1,NZ_MVHJ01000035.1,50420,5952041,149,M.bacteremicum
GCF_002086115.1,NZ_MVHJ01000036.1,45736,5952041,149,M.bacteremicum
GCF_002086115.1,NZ_MVHJ01000037.1,42060,5952041,149,M.bacteremicum
GCF_002086115.1,NZ_MVHJ01000038.1,41699,5952041,149,M.bacteremicum
GCF_002086115.1,NZ_MVHJ01000039.1,41493,5952041,149,M.bacteremicum
GCF_002086115.1,NZ_MVHJ01000040.1,37932,5952041,149,M.bacteremicum
GCF_002086115.1,NZ_MVHJ01000041.1,37738,5952041,149,M.bacteremicum
GCF_002086115.1,NZ_MVHJ01000042.1,34726,5952041,149,M.bacteremicum
GCF_002086115.1,NZ_MVHJ01000043.1,34179,5952041,149,M.bacteremicum
GCF_002086115.1,NZ_MVHJ01000044.1,34080,5952041,149,M.bacteremicum
GCF_002086115.1,NZ_MVHJ01000045.1,32104,5952041,149,M.bacteremicum
GCF_002086115.1,NZ_MVHJ01000046.1,25444,5952041,149,M.bacteremicum
GCF_002086115.1,NZ_MVHJ01000047.1,23377,5952041,149,M.bacteremicum
GCF_002086115.1,NZ_MVHJ01000048.1,23359,5952041,149,M.bacteremicum
GCF_002086115.1,NZ_MVHJ01000049.1,21358,5952041,149,M.bacteremicum
GCF_002086115.1,NZ_MVHJ01000050.1,19568,5952041,149,M.bacteremicum
GCF_002086115.1,NZ_MVHJ01000051.1,18773,5952041,149,M.bacteremicum
GCF_002086115.1,NZ_MVHJ01000052.1,13962,5952041,149,M.bacteremicum
GCF_002086115.1,NZ_MVHJ01000053.1,13325,5952041,149,M.bacteremicum
GCF_002086115.1,NZ_MVHJ01000054.1,10972,5952041,149,M.bacteremicum
GCF_002086115.1,NZ_MVHJ01000055.1,7504,5952041,149,M.bacteremicum
GCF_002086115.1,NZ_MVHJ01000056.1,7370,5952041,149,M.bacteremicum
GCF_002086115.1,NZ_MVHJ01000057.1,7220,5952041,149,M.bacteremicum
GCF_002086115.1,NZ_MVHJ01000058.1,5530,5952041,149,M.bacteremicum
GCF_002086115.1,NZ_MVHJ01000059.1,5456,5952041,149,M.bacteremicum
GCF_002086115.1,NZ_MVHJ01000060.1,4804,5952041,149,M.bacteremicum
GCF_002086115.1,NZ_MVHJ01000061.1,3963,5952041,149,M.bacteremicum
GCF_002086115.1,NZ_MVHJ01000062.1,2833,5952041,149,M.bacteremicum
GCF_002086115.1,NZ_MVHJ01000063.1,2767,5952041,149,M.bacteremicum
GCF_002086115.1,NZ_MVHJ01000064.1,1510,5952041,149,M.bacteremicum
GCF_002086115.1,NZ_MVHJ01000065.1,1452,5952041,149,M.bacteremicum
GCF_002086115.1,NZ_MVHJ01000066.1,1318,5952041,149,M.bacteremicum
GCF_002086115.1,NZ_MVHJ01000067.1,1291,5952041,149,M.bacteremicum
GCF_002086115.1,NZ_MVHJ01000068.1,1266,5952041,149,M.bacteremicum
GCF_002086115.1,NZ_MVHJ01000069.1,1066,5952041,149,M.bacteremicum
GCF_002086115.1,NZ_MVHJ01000070.1,988,5952041,149,M.bacteremicum
GCF_002086115.1,NZ_MVHJ01000071.1,983,5952041,149,M.bacteremicum
GCF_002086115.1,NZ_MVHJ01000072.1,977,5952041,149,M.bacteremicum
GCF_002086115.1,NZ_MVHJ01000073.1,906,5952041,149,M.bacteremicum
GCF_002086115.1,NZ_MVHJ01000074.1,863,5952041,149,M.bacteremicum
GCF_002086115.1,NZ_MVHJ01000075.1,809,5952041,149,M.bacteremicum
GCF_002086115.1,NZ_MVHJ01000076.1,786,5952041,149,M.bacteremicum
GCF_002086115.1,NZ_MVHJ01000077.1,684,5952041,149,M.bacteremicum
GCF_002086115.1,NZ_MVHJ01000078.1,597,5952041,149,M.bacteremicum
GCF_002086115.1,NZ_MVHJ01000079.1,467,5952041,149,M.bacteremicum
GCF_002086115.1,NZ_MVHJ01000080.1,440,5952041,149,M.bacteremicum
GCF_002086115.1,NZ_MVHJ01000081.1,376,5952041,149,M.bacteremicum
GCF_002086115.1,NZ_MVHJ01000082.1,324,5952041,149,M.bacteremicum
GCF_002086115.1,NZ_MVHJ01000083.1,264,5952041,149,M.bacteremicum
GCF_002086115.1,NZ_MVHJ01000084.1,230,5952041,149,M.bacteremicum
GCF_002086115.1,NZ_MVHJ01000085.1,216,5952041,149,M.bacteremicum
GCF_016313185.1,NZ_CP066218.1,6181092,6181092,54,M.baixiangningiae
GCF_025822765.1,NZ_JACKUK010000001.1,1200,5900227,59,M.barrassiae
GCF_025822765.1,NZ_JACKUK010000002.1,12629,5900227,59,M.barrassiae
GCF_025822765.1,NZ_JACKUK010000003.1,12753,5900227,59,M.barrassiae
GCF_025822765.1,NZ_JACKUK010000004.1,24593,5900227,59,M.barrassiae
GCF_025822765.1,NZ_JACKUK010000005.1,24813,5900227,59,M.barrassiae
GCF_025822765.1,NZ_JACKUK010000006.1,37460,5900227,59,M.barrassiae
GCF_025822765.1,NZ_JACKUK010000007.1,29108,5900227,59,M.barrassiae
GCF_025822765.1,NZ_JACKUK010000008.1,19922,5900227,59,M.barrassiae
GCF_025822765.1,NZ_JACKUK010000009.1,310873,5900227,59,M.barrassiae
GCF_025822765.1,NZ_JACKUK010000010.1,23225,5900227,59,M.barrassiae
GCF_025822765.1,NZ_JACKUK010000011.1,183474,5900227,59,M.barrassiae
GCF_025822765.1,NZ_JACKUK010000012.1,207055,5900227,59,M.barrassiae
GCF_025822765.1,NZ_JACKUK010000013.1,285,5900227,59,M.barrassiae
GCF_025822765.1,NZ_JACKUK010000014.1,283003,5900227,59,M.barrassiae
GCF_025822765.1,NZ_JACKUK010000015.1,27419,5900227,59,M.barrassiae
GCF_025822765.1,NZ_JACKUK010000016.1,668819,5900227,59,M.barrassiae
GCF_025822765.1,NZ_JACKUK010000017.1,86614,5900227,59,M.barrassiae
GCF_025822765.1,NZ_JACKUK010000018.1,27506,5900227,59,M.barrassiae
GCF_025822765.1,NZ_JACKUK010000019.1,1577,5900227,59,M.barrassiae
GCF_025822765.1,NZ_JACKUK010000020.1,107098,5900227,59,M.barrassiae
GCF_025822765.1,NZ_JACKUK010000021.1,10957,5900227,59,M.barrassiae
GCF_025822765.1,NZ_JACKUK010000022.1,271,5900227,59,M.barrassiae
GCF_025822765.1,NZ_JACKUK010000023.1,855395,5900227,59,M.barrassiae
GCF_025822765.1,NZ_JACKUK010000024.1,5781,5900227,59,M.barrassiae
GCF_025822765.1,NZ_JACKUK010000025.1,355301,5900227,59,M.barrassiae
GCF_025822765.1,NZ_JACKUK010000026.1,132854,5900227,59,M.barrassiae
GCF_025822765.1,NZ_JACKUK010000027.1,393663,5900227,59,M.barrassiae
GCF_025822765.1,NZ_JACKUK010000028.1,136993,5900227,59,M.barrassiae
GCF_025822765.1,NZ_JACKUK010000029.1,410745,5900227,59,M.barrassiae
GCF_025822765.1,NZ_JACKUK010000030.1,252,5900227,59,M.barrassiae
GCF_025822765.1,NZ_JACKUK010000031.1,45783,5900227,59,M.barrassiae
GCF_025822765.1,NZ_JACKUK010000032.1,26606,5900227,59,M.barrassiae
GCF_025822765.1,NZ_JACKUK010000033.1,114836,5900227,59,M.barrassiae
GCF_025822765.1,NZ_JACKUK010000034.1,128540,5900227,59,M.barrassiae
GCF_025822765.1,NZ_JACKUK010000035.1,165707,5900227,59,M.barrassiae
GCF_025822765.1,NZ_JACKUK010000036.1,172311,5900227,59,M.barrassiae
GCF_025822765.1,NZ_JACKUK010000037.1,58403,5900227,59,M.barrassiae
GCF_025822765.1,NZ_JACKUK010000038.1,51772,5900227,59,M.barrassiae
GCF_025822765.1,NZ_JACKUK010000039.1,79196,5900227,59,M.barrassiae
GCF_025822765.1,NZ_JACKUK010000040.1,27000,5900227,59,M.barrassiae
GCF_025822765.1,NZ_JACKUK010000041.1,78682,5900227,59,M.barrassiae
GCF_025822765.1,NZ_JACKUK010000042.1,179768,5900227,59,M.barrassiae
GCF_025822765.1,NZ_JACKUK010000043.1,49550,5900227,59,M.barrassiae
GCF_025822765.1,NZ_JACKUK010000044.1,181013,5900227,59,M.barrassiae
GCF_025822765.1,NZ_JACKUK010000045.1,78428,5900227,59,M.barrassiae
GCF_025822765.1,NZ_JACKUK010000046.1,68156,5900227,59,M.barrassiae
GCF_025822765.1,NZ_JACKUK010000047.1,1210,5900227,59,M.barrassiae
GCF_025822765.1,NZ_JACKUK010000048.1,289,5900227,59,M.barrassiae
GCF_025822765.1,NZ_JACKUK010000049.1,1339,5900227,59,M.barrassiae
GCF_900292015.1,NZ_LR130759.1,5607630,5607630,202,M.basiliense
GCF_010731295.1,NZ_AP022579.1,6563937,6563937,44,M.boenickei
GCF_002102025.1,NZ_LQOK01000001.1,1066,5420516,56,M.bohemicum
GCF_002102025.1,NZ_LQOK01000002.1,20136,5420516,56,M.bohemicum
GCF_002102025.1,NZ_LQOK01000003.1,27193,5420516,56,M.bohemicum
GCF_002102025.1,NZ_LQOK01000004.1,28027,5420516,56,M.bohemicum
GCF_002102025.1,NZ_LQOK01000005.1,33748,5420516,56,M.bohemicum
GCF_002102025.1,NZ_LQOK01000006.1,44329,5420516,56,M.bohemicum
GCF_002102025.1,NZ_LQOK01000007.1,47822,5420516,56,M.bohemicum
GCF_002102025.1,NZ_LQOK01000008.1,49808,5420516,56,M.bohemicum
GCF_002102025.1,NZ_LQOK01000009.1,58201,5420516,56,M.bohemicum
GCF_002102025.1,NZ_LQOK01000010.1,70770,5420516,56,M.bohemicum
GCF_002102025.1,NZ_LQOK01000011.1,72134,5420516,56,M.bohemicum
GCF_002102025.1,NZ_LQOK01000012.1,1021,5420516,56,M.bohemicum
GCF_002102025.1,NZ_LQOK01000013.1,392069,5420516,56,M.bohemicum
GCF_002102025.1,NZ_LQOK01000014.1,4924,5420516,56,M.bohemicum
GCF_002102025.1,NZ_LQOK01000015.1,1237,5420516,56,M.bohemicum
GCF_002102025.1,NZ_LQOK01000016.1,386714,5420516,56,M.bohemicum
GCF_002102025.1,NZ_LQOK01000017.1,167927,5420516,56,M.bohemicum
GCF_002102025.1,NZ_LQOK01000018.1,1516,5420516,56,M.bohemicum
GCF_002102025.1,NZ_LQOK01000019.1,20245,5420516,56,M.bohemicum
GCF_002102025.1,NZ_LQOK01000020.1,53813,5420516,56,M.bohemicum
GCF_002102025.1,NZ_LQOK01000021.1,114126,5420516,56,M.bohemicum
GCF_002102025.1,NZ_LQOK01000022.1,38807,5420516,56,M.bohemicum
GCF_002102025.1,NZ_LQOK01000023.1,1387,5420516,56,M.bohemicum
GCF_002102025.1,NZ_LQOK01000024.1,366222,5420516,56,M.bohemicum
GCF_002102025.1,NZ_LQOK01000025.1,326223,5420516,56,M.bohemicum
GCF_002102025.1,NZ_LQOK01000026.1,3163,5420516,56,M.bohemicum
GCF_002102025.1,NZ_LQOK01000027.1,96107,5420516,56,M.bohemicum
GCF_002102025.1,NZ_LQOK01000028.1,245932,5420516,56,M.bohemicum
GCF_002102025.1,NZ_LQOK01000029.1,220473,5420516,56,M.bohemicum
GCF_002102025.1,NZ_LQOK01000030.1,119930,5420516,56,M.bohemicum
GCF_002102025.1,NZ_LQOK01000031.1,102666,5420516,56,M.bohemicum
GCF_002102025.1,NZ_LQOK01000032.1,206351,5420516,56,M.bohemicum
GCF_002102025.1,NZ_LQOK01000033.1,29045,5420516,56,M.bohemicum
GCF_002102025.1,NZ_LQOK01000034.1,6798,5420516,56,M.bohemicum
GCF_002102025.1,NZ_LQOK01000035.1,83612,5420516,56,M.bohemicum
GCF_002102025.1,NZ_LQOK01000036.1,2838,5420516,56,M.bohemicum
GCF_002102025.1,NZ_LQOK01000037.1,124146,5420516,56,M.bohemicum
GCF_002102025.1,NZ_LQOK01000038.1,120356,5420516,56,M.bohemicum
GCF_002102025.1,NZ_LQOK01000039.1,199856,5420516,56,M.bohemicum
GCF_002102025.1,NZ_LQOK01000040.1,83688,5420516,56,M.bohemicum
GCF_002102025.1,NZ_LQOK01000041.1,58121,5420516,56,M.bohemicum
GCF_002102025.1,NZ_LQOK01000042.1,81902,5420516,56,M.bohemicum
GCF_002102025.1,NZ_LQOK01000043.1,107715,5420516,56,M.bohemicum
GCF_002102025.1,NZ_LQOK01000044.1,411400,5420516,56,M.bohemicum
GCF_002102025.1,NZ_LQOK01000045.1,13360,5420516,56,M.bohemicum
GCF_002102025.1,NZ_LQOK01000046.1,34711,5420516,56,M.bohemicum
GCF_002102025.1,NZ_LQOK01000047.1,456617,5420516,56,M.bohemicum
GCF_002102025.1,NZ_LQOK01000048.1,198264,5420516,56,M.bohemicum
GCF_002102025.1,NZ_LQOK01000049.1,49684,5420516,56,M.bohemicum
GCF_002102025.1,NZ_LQOK01000050.1,15943,5420516,56,M.bohemicum
GCF_002102025.1,NZ_LQOK01000051.1,13564,5420516,56,M.bohemicum
GCF_002102025.1,NZ_LQOK01000052.1,4809,5420516,56,M.bohemicum
GCF_010723305.1,NZ_BLKW01000001.1,29958,4335050,33,M.botniense
GCF_010723305.1,NZ_BLKW01000002.1,2080852,4335050,33,M.botniense
GCF_010723305.1,NZ_BLKW01000003.1,35986,4335050,33,M.botniense
GCF_010723305.1,NZ_BLKW01000004.1,2188254,4335050,33,M.botniense
GCF_002086165.1,NZ_MVHL01000001.1,333945,5897311,2,M.bouchedurhonense
GCF_002086165.1,NZ_MVHL01000002.1,290465,5897311,2,M.bouchedurhonense
GCF_002086165.1,NZ_MVHL01000003.1,273664,5897311,2,M.bouchedurhonense
GCF_002086165.1,NZ_MVHL01000004.1,197244,5897311,2,M.bouchedurhonense
GCF_002086165.1,NZ_MVHL01000005.1,180014,5897311,2,M.bouchedurhonense
GCF_002086165.1,NZ_MVHL01000006.1,171659,5897311,2,M.bouchedurhonense
GCF_002086165.1,NZ_MVHL01000007.1,167432,5897311,2,M.bouchedurhonense
GCF_002086165.1,NZ_MVHL01000008.1,159804,5897311,2,M.bouchedurhonense
GCF_002086165.1,NZ_MVHL01000009.1,155853,5897311,2,M.bouchedurhonense
GCF_002086165.1,NZ_MVHL01000010.1,137562,5897311,2,M.bouchedurhonense
GCF_002086165.1,NZ_MVHL01000011.1,132483,5897311,2,M.bouchedurhonense
GCF_002086165.1,NZ_MVHL01000012.1,118318,5897311,2,M.bouchedurhonense
GCF_002086165.1,NZ_MVHL01000013.1,110721,5897311,2,M.bouchedurhonense
GCF_002086165.1,NZ_MVHL01000014.1,110279,5897311,2,M.bouchedurhonense
GCF_002086165.1,NZ_MVHL01000015.1,103889,5897311,2,M.bouchedurhonense
GCF_002086165.1,NZ_MVHL01000016.1,102501,5897311,2,M.bouchedurhonense
GCF_002086165.1,NZ_MVHL01000017.1,97978,5897311,2,M.bouchedurhonense
GCF_002086165.1,NZ_MVHL01000018.1,97361,5897311,2,M.bouchedurhonense
GCF_002086165.1,NZ_MVHL01000019.1,95182,5897311,2,M.bouchedurhonense
GCF_002086165.1,NZ_MVHL01000020.1,88435,5897311,2,M.bouchedurhonense
GCF_002086165.1,NZ_MVHL01000021.1,88428,5897311,2,M.bouchedurhonense
GCF_002086165.1,NZ_MVHL01000022.1,77784,5897311,2,M.bouchedurhonense
GCF_002086165.1,NZ_MVHL01000023.1,72455,5897311,2,M.bouchedurhonense
GCF_002086165.1,NZ_MVHL01000024.1,72200,5897311,2,M.bouchedurhonense
GCF_002086165.1,NZ_MVHL01000025.1,71944,5897311,2,M.bouchedurhonense
GCF_002086165.1,NZ_MVHL01000026.1,69276,5897311,2,M.bouchedurhonense
GCF_002086165.1,NZ_MVHL01000027.1,65445,5897311,2,M.bouchedurhonense
GCF_002086165.1,NZ_MVHL01000028.1,65179,5897311,2,M.bouchedurhonense
GCF_002086165.1,NZ_MVHL01000029.1,60003,5897311,2,M.bouchedurhonense
GCF_002086165.1,NZ_MVHL01000030.1,57166,5897311,2,M.bouchedurhonense
GCF_002086165.1,NZ_MVHL01000031.1,56858,5897311,2,M.bouchedurhonense
GCF_002086165.1,NZ_MVHL01000032.1,54086,5897311,2,M.bouchedurhonense
GCF_002086165.1,NZ_MVHL01000033.1,53263,5897311,2,M.bouchedurhonense
GCF_002086165.1,NZ_MVHL01000034.1,48368,5897311,2,M.bouchedurhonense
GCF_002086165.1,NZ_MVHL01000035.1,47105,5897311,2,M.bouchedurhonense
GCF_002086165.1,NZ_MVHL01000036.1,47014,5897311,2,M.bouchedurhonense
GCF_002086165.1,NZ_MVHL01000037.1,44003,5897311,2,M.bouchedurhonense
GCF_002086165.1,NZ_MVHL01000038.1,43771,5897311,2,M.bouchedurhonense
GCF_002086165.1,NZ_MVHL01000039.1,42835,5897311,2,M.bouchedurhonense
GCF_002086165.1,NZ_MVHL01000040.1,42710,5897311,2,M.bouchedurhonense
GCF_002086165.1,NZ_MVHL01000041.1,42677,5897311,2,M.bouchedurhonense
GCF_002086165.1,NZ_MVHL01000042.1,40176,5897311,2,M.bouchedurhonense
GCF_002086165.1,NZ_MVHL01000043.1,40031,5897311,2,M.bouchedurhonense
GCF_002086165.1,NZ_MVHL01000044.1,38278,5897311,2,M.bouchedurhonense
GCF_002086165.1,NZ_MVHL01000045.1,34905,5897311,2,M.bouchedurhonense
GCF_002086165.1,NZ_MVHL01000046.1,34221,5897311,2,M.bouchedurhonense
GCF_002086165.1,NZ_MVHL01000047.1,32310,5897311,2,M.bouchedurhonense
GCF_002086165.1,NZ_MVHL01000048.1,30814,5897311,2,M.bouchedurhonense
GCF_002086165.1,NZ_MVHL01000049.1,29947,5897311,2,M.bouchedurhonense
GCF_002086165.1,NZ_MVHL01000050.1,29219,5897311,2,M.bouchedurhonense
GCF_002086165.1,NZ_MVHL01000051.1,27833,5897311,2,M.bouchedurhonense
GCF_002086165.1,NZ_MVHL01000052.1,27095,5897311,2,M.bouchedurhonense
GCF_002086165.1,NZ_MVHL01000053.1,26464,5897311,2,M.bouchedurhonense
GCF_002086165.1,NZ_MVHL01000054.1,26134,5897311,2,M.bouchedurhonense
GCF_002086165.1,NZ_MVHL01000055.1,26126,5897311,2,M.bouchedurhonense
GCF_002086165.1,NZ_MVHL01000056.1,25392,5897311,2,M.bouchedurhonense
GCF_002086165.1,NZ_MVHL01000057.1,25293,5897311,2,M.bouchedurhonense
GCF_002086165.1,NZ_MVHL01000058.1,25093,5897311,2,M.bouchedurhonense
GCF_002086165.1,NZ_MVHL01000059.1,24238,5897311,2,M.bouchedurhonense
GCF_002086165.1,NZ_MVHL01000060.1,23404,5897311,2,M.bouchedurhonense
GCF_002086165.1,NZ_MVHL01000061.1,21800,5897311,2,M.bouchedurhonense
GCF_002086165.1,NZ_MVHL01000062.1,21638,5897311,2,M.bouchedurhonense
GCF_002086165.1,NZ_MVHL01000063.1,21490,5897311,2,M.bouchedurhonense
GCF_002086165.1,NZ_MVHL01000064.1,21401,5897311,2,M.bouchedurhonense
GCF_002086165.1,NZ_MVHL01000065.1,20951,5897311,2,M.bouchedurhonense
GCF_002086165.1,NZ_MVHL01000066.1,19692,5897311,2,M.bouchedurhonense
GCF_002086165.1,NZ_MVHL01000067.1,19588,5897311,2,M.bouchedurhonense
GCF_002086165.1,NZ_MVHL01000068.1,19446,5897311,2,M.bouchedurhonense
GCF_002086165.1,NZ_MVHL01000069.1,18966,5897311,2,M.bouchedurhonense
GCF_002086165.1,NZ_MVHL01000070.1,18871,5897311,2,M.bouchedurhonense
GCF_002086165.1,NZ_MVHL01000071.1,18183,5897311,2,M.bouchedurhonense
GCF_002086165.1,NZ_MVHL01000072.1,18168,5897311,2,M.bouchedurhonense
GCF_002086165.1,NZ_MVHL01000073.1,17840,5897311,2,M.bouchedurhonense
GCF_002086165.1,NZ_MVHL01000074.1,17705,5897311,2,M.bouchedurhonense
GCF_002086165.1,NZ_MVHL01000075.1,17523,5897311,2,M.bouchedurhonense
GCF_002086165.1,NZ_MVHL01000076.1,17367,5897311,2,M.bouchedurhonense
GCF_002086165.1,NZ_MVHL01000077.1,16871,5897311,2,M.bouchedurhonense
GCF_002086165.1,NZ_MVHL01000078.1,16480,5897311,2,M.bouchedurhonense
GCF_002086165.1,NZ_MVHL01000079.1,16094,5897311,2,M.bouchedurhonense
GCF_002086165.1,NZ_MVHL01000080.1,15696,5897311,2,M.bouchedurhonense
GCF_002086165.1,NZ_MVHL01000081.1,15631,5897311,2,M.bouchedurhonense
GCF_002086165.1,NZ_MVHL01000082.1,15477,5897311,2,M.bouchedurhonense
GCF_002086165.1,NZ_MVHL01000083.1,15426,5897311,2,M.bouchedurhonense
GCF_002086165.1,NZ_MVHL01000084.1,15377,5897311,2,M.bouchedurhonense
GCF_002086165.1,NZ_MVHL01000085.1,15266,5897311,2,M.bouchedurhonense
GCF_002086165.1,NZ_MVHL01000086.1,14549,5897311,2,M.bouchedurhonense
GCF_002086165.1,NZ_MVHL01000087.1,14534,5897311,2,M.bouchedurhonense
GCF_002086165.1,NZ_MVHL01000088.1,14451,5897311,2,M.bouchedurhonense
GCF_002086165.1,NZ_MVHL01000089.1,14413,5897311,2,M.bouchedurhonense
GCF_002086165.1,NZ_MVHL01000090.1,14051,5897311,2,M.bouchedurhonense
GCF_002086165.1,NZ_MVHL01000091.1,13612,5897311,2,M.bouchedurhonense
GCF_002086165.1,NZ_MVHL01000092.1,12466,5897311,2,M.bouchedurhonense
GCF_002086165.1,NZ_MVHL01000093.1,11996,5897311,2,M.bouchedurhonense
GCF_002086165.1,NZ_MVHL01000094.1,11688,5897311,2,M.bouchedurhonense
GCF_002086165.1,NZ_MVHL01000095.1,11607,5897311,2,M.bouchedurhonense
GCF_002086165.1,NZ_MVHL01000096.1,11460,5897311,2,M.bouchedurhonense
GCF_002086165.1,NZ_MVHL01000097.1,10754,5897311,2,M.bouchedurhonense
GCF_002086165.1,NZ_MVHL01000098.1,10111,5897311,2,M.bouchedurhonense
GCF_002086165.1,NZ_MVHL01000099.1,10004,5897311,2,M.bouchedurhonense
GCF_002086165.1,NZ_MVHL01000100.1,9756,5897311,2,M.bouchedurhonense
GCF_002086165.1,NZ_MVHL01000101.1,9406,5897311,2,M.bouchedurhonense
GCF_002086165.1,NZ_MVHL01000102.1,8983,5897311,2,M.bouchedurhonense
GCF_002086165.1,NZ_MVHL01000103.1,8746,5897311,2,M.bouchedurhonense
GCF_002086165.1,NZ_MVHL01000104.1,8570,5897311,2,M.bouchedurhonense
GCF_002086165.1,NZ_MVHL01000105.1,8344,5897311,2,M.bouchedurhonense
GCF_002086165.1,NZ_MVHL01000106.1,8255,5897311,2,M.bouchedurhonense
GCF_002086165.1,NZ_MVHL01000107.1,8156,5897311,2,M.bouchedurhonense
GCF_002086165.1,NZ_MVHL01000108.1,7924,5897311,2,M.bouchedurhonense
GCF_002086165.1,NZ_MVHL01000109.1,7866,5897311,2,M.bouchedurhonense
GCF_002086165.1,NZ_MVHL01000110.1,7861,5897311,2,M.bouchedurhonense
GCF_002086165.1,NZ_MVHL01000111.1,7807,5897311,2,M.bouchedurhonense
GCF_002086165.1,NZ_MVHL01000112.1,7657,5897311,2,M.bouchedurhonense
GCF_002086165.1,NZ_MVHL01000113.1,7632,5897311,2,M.bouchedurhonense
GCF_002086165.1,NZ_MVHL01000114.1,7408,5897311,2,M.bouchedurhonense
GCF_002086165.1,NZ_MVHL01000115.1,6982,5897311,2,M.bouchedurhonense
GCF_002086165.1,NZ_MVHL01000116.1,6827,5897311,2,M.bouchedurhonense
GCF_002086165.1,NZ_MVHL01000117.1,6213,5897311,2,M.bouchedurhonense
GCF_002086165.1,NZ_MVHL01000118.1,6172,5897311,2,M.bouchedurhonense
GCF_002086165.1,NZ_MVHL01000119.1,6024,5897311,2,M.bouchedurhonense
GCF_002086165.1,NZ_MVHL01000120.1,5619,5897311,2,M.bouchedurhonense
GCF_002086165.1,NZ_MVHL01000121.1,5521,5897311,2,M.bouchedurhonense
GCF_002086165.1,NZ_MVHL01000122.1,5486,5897311,2,M.bouchedurhonense
GCF_002086165.1,NZ_MVHL01000123.1,5419,5897311,2,M.bouchedurhonense
GCF_002086165.1,NZ_MVHL01000124.1,5381,5897311,2,M.bouchedurhonense
GCF_002086165.1,NZ_MVHL01000125.1,5219,5897311,2,M.bouchedurhonense
GCF_002086165.1,NZ_MVHL01000126.1,5167,5897311,2,M.bouchedurhonense
GCF_002086165.1,NZ_MVHL01000127.1,4995,5897311,2,M.bouchedurhonense
GCF_002086165.1,NZ_MVHL01000128.1,4903,5897311,2,M.bouchedurhonense
GCF_002086165.1,NZ_MVHL01000129.1,4831,5897311,2,M.bouchedurhonense
GCF_002086165.1,NZ_MVHL01000130.1,4723,5897311,2,M.bouchedurhonense
GCF_002086165.1,NZ_MVHL01000131.1,4623,5897311,2,M.bouchedurhonense
GCF_002086165.1,NZ_MVHL01000132.1,4538,5897311,2,M.bouchedurhonense
GCF_002086165.1,NZ_MVHL01000133.1,4505,5897311,2,M.bouchedurhonense
GCF_002086165.1,NZ_MVHL01000134.1,4362,5897311,2,M.bouchedurhonense
GCF_002086165.1,NZ_MVHL01000135.1,4231,5897311,2,M.bouchedurhonense
GCF_002086165.1,NZ_MVHL01000136.1,4129,5897311,2,M.bouchedurhonense
GCF_002086165.1,NZ_MVHL01000137.1,4015,5897311,2,M.bouchedurhonense
GCF_002086165.1,NZ_MVHL01000138.1,3639,5897311,2,M.bouchedurhonense
GCF_002086165.1,NZ_MVHL01000139.1,3501,5897311,2,M.bouchedurhonense
GCF_002086165.1,NZ_MVHL01000140.1,3391,5897311,2,M.bouchedurhonense
GCF_002086165.1,NZ_MVHL01000141.1,3369,5897311,2,M.bouchedurhonense
GCF_002086165.1,NZ_MVHL01000142.1,3320,5897311,2,M.bouchedurhonense
GCF_002086165.1,NZ_MVHL01000143.1,3167,5897311,2,M.bouchedurhonense
GCF_002086165.1,NZ_MVHL01000144.1,3052,5897311,2,M.bouchedurhonense
GCF_002086165.1,NZ_MVHL01000145.1,2847,5897311,2,M.bouchedurhonense
GCF_002086165.1,NZ_MVHL01000146.1,2560,5897311,2,M.bouchedurhonense
GCF_002086165.1,NZ_MVHL01000147.1,2348,5897311,2,M.bouchedurhonense
GCF_002086165.1,NZ_MVHL01000148.1,2281,5897311,2,M.bouchedurhonense
GCF_002086165.1,NZ_MVHL01000149.1,2161,5897311,2,M.bouchedurhonense
GCF_002086165.1,NZ_MVHL01000150.1,2160,5897311,2,M.bouchedurhonense
GCF_002086165.1,NZ_MVHL01000151.1,2110,5897311,2,M.bouchedurhonense
GCF_002086165.1,NZ_MVHL01000152.1,2067,5897311,2,M.bouchedurhonense
GCF_002086165.1,NZ_MVHL01000153.1,2040,5897311,2,M.bouchedurhonense
GCF_002086165.1,NZ_MVHL01000154.1,1668,5897311,2,M.bouchedurhonense
GCF_002086165.1,NZ_MVHL01000155.1,1666,5897311,2,M.bouchedurhonense
GCF_002086165.1,NZ_MVHL01000156.1,1621,5897311,2,M.bouchedurhonense
GCF_002086165.1,NZ_MVHL01000157.1,1570,5897311,2,M.bouchedurhonense
GCF_002086165.1,NZ_MVHL01000158.1,1533,5897311,2,M.bouchedurhonense
GCF_002086165.1,NZ_MVHL01000159.1,1504,5897311,2,M.bouchedurhonense
GCF_002086165.1,NZ_MVHL01000160.1,1485,5897311,2,M.bouchedurhonense
GCF_002086165.1,NZ_MVHL01000161.1,1473,5897311,2,M.bouchedurhonense
GCF_002086165.1,NZ_MVHL01000162.1,1472,5897311,2,M.bouchedurhonense
GCF_002086165.1,NZ_MVHL01000163.1,1469,5897311,2,M.bouchedurhonense
GCF_002086165.1,NZ_MVHL01000164.1,1468,5897311,2,M.bouchedurhonense
GCF_002086165.1,NZ_MVHL01000165.1,1444,5897311,2,M.bouchedurhonense
GCF_002086165.1,NZ_MVHL01000166.1,1420,5897311,2,M.bouchedurhonense
GCF_002086165.1,NZ_MVHL01000167.1,1373,5897311,2,M.bouchedurhonense
GCF_002086165.1,NZ_MVHL01000168.1,1370,5897311,2,M.bouchedurhonense
GCF_002086165.1,NZ_MVHL01000169.1,1347,5897311,2,M.bouchedurhonense
GCF_002086165.1,NZ_MVHL01000170.1,1272,5897311,2,M.bouchedurhonense
GCF_002086165.1,NZ_MVHL01000171.1,1267,5897311,2,M.bouchedurhonense
GCF_002086165.1,NZ_MVHL01000172.1,1263,5897311,2,M.bouchedurhonense
GCF_002086165.1,NZ_MVHL01000173.1,1240,5897311,2,M.bouchedurhonense
GCF_002086165.1,NZ_MVHL01000174.1,1217,5897311,2,M.bouchedurhonense
GCF_002086165.1,NZ_MVHL01000175.1,1210,5897311,2,M.bouchedurhonense
GCF_002086165.1,NZ_MVHL01000176.1,1207,5897311,2,M.bouchedurhonense
GCF_002086165.1,NZ_MVHL01000177.1,1118,5897311,2,M.bouchedurhonense
GCF_002086165.1,NZ_MVHL01000178.1,1102,5897311,2,M.bouchedurhonense
GCF_002086165.1,NZ_MVHL01000179.1,1093,5897311,2,M.bouchedurhonense
GCF_002086165.1,NZ_MVHL01000180.1,1076,5897311,2,M.bouchedurhonense
GCF_002086165.1,NZ_MVHL01000181.1,1044,5897311,2,M.bouchedurhonense
GCF_002086165.1,NZ_MVHL01000182.1,1040,5897311,2,M.bouchedurhonense
GCF_002086165.1,NZ_MVHL01000183.1,1035,5897311,2,M.bouchedurhonense
GCF_002086165.1,NZ_MVHL01000184.1,986,5897311,2,M.bouchedurhonense
GCF_002086165.1,NZ_MVHL01000185.1,946,5897311,2,M.bouchedurhonense
GCF_002086165.1,NZ_MVHL01000186.1,911,5897311,2,M.bouchedurhonense
GCF_002086165.1,NZ_MVHL01000187.1,908,5897311,2,M.bouchedurhonense
GCF_002086165.1,NZ_MVHL01000188.1,878,5897311,2,M.bouchedurhonense
GCF_002086165.1,NZ_MVHL01000189.1,869,5897311,2,M.bouchedurhonense
GCF_002086165.1,NZ_MVHL01000190.1,862,5897311,2,M.bouchedurhonense
GCF_002086165.1,NZ_MVHL01000191.1,847,5897311,2,M.bouchedurhonense
GCF_002086165.1,NZ_MVHL01000192.1,841,5897311,2,M.bouchedurhonense
GCF_002086165.1,NZ_MVHL01000193.1,835,5897311,2,M.bouchedurhonense
GCF_002086165.1,NZ_MVHL01000194.1,830,5897311,2,M.bouchedurhonense
GCF_002086165.1,NZ_MVHL01000195.1,792,5897311,2,M.bouchedurhonense
GCF_002086165.1,NZ_MVHL01000196.1,759,5897311,2,M.bouchedurhonense
GCF_002086165.1,NZ_MVHL01000197.1,756,5897311,2,M.bouchedurhonense
GCF_002086165.1,NZ_MVHL01000198.1,751,5897311,2,M.bouchedurhonense
GCF_002086165.1,NZ_MVHL01000199.1,711,5897311,2,M.bouchedurhonense
GCF_002086165.1,NZ_MVHL01000200.1,693,5897311,2,M.bouchedurhonense
GCF_002086165.1,NZ_MVHL01000201.1,648,5897311,2,M.bouchedurhonense
GCF_002086165.1,NZ_MVHL01000202.1,629,5897311,2,M.bouchedurhonense
GCF_002086165.1,NZ_MVHL01000203.1,629,5897311,2,M.bouchedurhonense
GCF_002086165.1,NZ_MVHL01000204.1,593,5897311,2,M.bouchedurhonense
GCF_002086165.1,NZ_MVHL01000205.1,561,5897311,2,M.bouchedurhonense
GCF_002086165.1,NZ_MVHL01000206.1,552,5897311,2,M.bouchedurhonense
GCF_002086165.1,NZ_MVHL01000207.1,540,5897311,2,M.bouchedurhonense
GCF_002086165.1,NZ_MVHL01000208.1,515,5897311,2,M.bouchedurhonense
GCF_002086165.1,NZ_MVHL01000209.1,496,5897311,2,M.bouchedurhonense
GCF_002086165.1,NZ_MVHL01000210.1,473,5897311,2,M.bouchedurhonense
GCF_002086165.1,NZ_MVHL01000211.1,464,5897311,2,M.bouchedurhonense
GCF_002086165.1,NZ_MVHL01000212.1,445,5897311,2,M.bouchedurhonense
GCF_002086165.1,NZ_MVHL01000213.1,413,5897311,2,M.bouchedurhonense
GCF_002086165.1,NZ_MVHL01000214.1,405,5897311,2,M.bouchedurhonense
GCF_002086165.1,NZ_MVHL01000215.1,394,5897311,2,M.bouchedurhonense
GCF_002086165.1,NZ_MVHL01000216.1,337,5897311,2,M.bouchedurhonense
GCF_002086165.1,NZ_MVHL01000217.1,328,5897311,2,M.bouchedurhonense
GCF_002086165.1,NZ_MVHL01000218.1,320,5897311,2,M.bouchedurhonense
GCF_002086165.1,NZ_MVHL01000219.1,297,5897311,2,M.bouchedurhonense
GCF_002086165.1,NZ_MVHL01000220.1,295,5897311,2,M.bouchedurhonense
GCF_002086165.1,NZ_MVHL01000221.1,283,5897311,2,M.bouchedurhonense
GCF_002086165.1,NZ_MVHL01000222.1,278,5897311,2,M.bouchedurhonense
GCF_002086165.1,NZ_MVHL01000223.1,275,5897311,2,M.bouchedurhonense
GCF_002086165.1,NZ_MVHL01000224.1,267,5897311,2,M.bouchedurhonense
GCF_002086165.1,NZ_MVHL01000225.1,252,5897311,2,M.bouchedurhonense
GCF_002086165.1,NZ_MVHL01000226.1,240,5897311,2,M.bouchedurhonense
GCF_002086165.1,NZ_MVHL01000227.1,233,5897311,2,M.bouchedurhonense
GCF_002086165.1,NZ_MVHL01000228.1,230,5897311,2,M.bouchedurhonense
GCF_002086165.1,NZ_MVHL01000229.1,220,5897311,2,M.bouchedurhonense
GCF_002086165.1,NZ_MVHL01000230.1,213,5897311,2,M.bouchedurhonense
GCF_010723575.1,NZ_BLKZ01000001.1,5817465,6912804,107,M.bourgelatii
GCF_010723575.1,NZ_BLKZ01000002.1,1095339,6912804,107,M.bourgelatii
GCF_010728725.1,NZ_AP022606.1,5115366,5115366,26,M.branderi
GCF_001570425.1,NZ_BCSX01000001.1,83995,7387494,170,M.brisbanense
GCF_001570425.1,NZ_BCSX01000002.1,61383,7387494,170,M.brisbanense
GCF_001570425.1,NZ_BCSX01000003.1,140005,7387494,170,M.brisbanense
GCF_001570425.1,NZ_BCSX01000004.1,148392,7387494,170,M.brisbanense
GCF_001570425.1,NZ_BCSX01000005.1,39307,7387494,170,M.brisbanense
GCF_001570425.1,NZ_BCSX01000006.1,46352,7387494,170,M.brisbanense
GCF_001570425.1,NZ_BCSX01000007.1,316340,7387494,170,M.brisbanense
GCF_001570425.1,NZ_BCSX01000008.1,1681,7387494,170,M.brisbanense
GCF_001570425.1,NZ_BCSX01000009.1,1749,7387494,170,M.brisbanense
GCF_001570425.1,NZ_BCSX01000010.1,36804,7387494,170,M.brisbanense
GCF_001570425.1,NZ_BCSX01000011.1,205458,7387494,170,M.brisbanense
GCF_001570425.1,NZ_BCSX01000012.1,3133,7387494,170,M.brisbanense
GCF_001570425.1,NZ_BCSX01000013.1,1754,7387494,170,M.brisbanense
GCF_001570425.1,NZ_BCSX01000014.1,1070,7387494,170,M.brisbanense
GCF_001570425.1,NZ_BCSX01000015.1,193993,7387494,170,M.brisbanense
GCF_001570425.1,NZ_BCSX01000016.1,27808,7387494,170,M.brisbanense
GCF_001570425.1,NZ_BCSX01000017.1,47249,7387494,170,M.brisbanense
GCF_001570425.1,NZ_BCSX01000018.1,262033,7387494,170,M.brisbanense
GCF_001570425.1,NZ_BCSX01000019.1,285680,7387494,170,M.brisbanense
GCF_001570425.1,NZ_BCSX01000020.1,115311,7387494,170,M.brisbanense
GCF_001570425.1,NZ_BCSX01000021.1,460380,7387494,170,M.brisbanense
GCF_001570425.1,NZ_BCSX01000022.1,110548,7387494,170,M.brisbanense
GCF_001570425.1,NZ_BCSX01000023.1,20677,7387494,170,M.brisbanense
GCF_001570425.1,NZ_BCSX01000024.1,707098,7387494,170,M.brisbanense
GCF_001570425.1,NZ_BCSX01000025.1,536,7387494,170,M.brisbanense
GCF_001570425.1,NZ_BCSX01000026.1,536,7387494,170,M.brisbanense
GCF_001570425.1,NZ_BCSX01000027.1,95212,7387494,170,M.brisbanense
GCF_001570425.1,NZ_BCSX01000028.1,246661,7387494,170,M.brisbanense
GCF_001570425.1,NZ_BCSX01000029.1,58522,7387494,170,M.brisbanense
GCF_001570425.1,NZ_BCSX01000030.1,3740,7387494,170,M.brisbanense
GCF_001570425.1,NZ_BCSX01000031.1,45182,7387494,170,M.brisbanense
GCF_001570425.1,NZ_BCSX01000032.1,1924,7387494,170,M.brisbanense
GCF_001570425.1,NZ_BCSX01000033.1,64121,7387494,170,M.brisbanense
GCF_001570425.1,NZ_BCSX01000034.1,113116,7387494,170,M.brisbanense
GCF_001570425.1,NZ_BCSX01000035.1,339930,7387494,170,M.brisbanense
GCF_001570425.1,NZ_BCSX01000036.1,14069,7387494,170,M.brisbanense
GCF_001570425.1,NZ_BCSX01000037.1,11859,7387494,170,M.brisbanense
GCF_001570425.1,NZ_BCSX01000038.1,32554,7387494,170,M.brisbanense
GCF_001570425.1,NZ_BCSX01000039.1,336730,7387494,170,M.brisbanense
GCF_001570425.1,NZ_BCSX01000040.1,253027,7387494,170,M.brisbanense
GCF_001570425.1,NZ_BCSX01000041.1,71500,7387494,170,M.brisbanense
GCF_001570425.1,NZ_BCSX01000042.1,783,7387494,170,M.brisbanense
GCF_001570425.1,NZ_BCSX01000043.1,29659,7387494,170,M.brisbanense
GCF_001570425.1,NZ_BCSX01000044.1,272454,7387494,170,M.brisbanense
GCF_001570425.1,NZ_BCSX01000045.1,160100,7387494,170,M.brisbanense
GCF_001570425.1,NZ_BCSX01000046.1,175638,7387494,170,M.brisbanense
GCF_001570425.1,NZ_BCSX01000047.1,99654,7387494,170,M.brisbanense
GCF_001570425.1,NZ_BCSX01000048.1,887,7387494,170,M.brisbanense
GCF_001570425.1,NZ_BCSX01000049.1,92190,7387494,170,M.brisbanense
GCF_001570425.1,NZ_BCSX01000050.1,116030,7387494,170,M.brisbanense
GCF_001570425.1,NZ_BCSX01000051.1,282768,7387494,170,M.brisbanense
GCF_001570425.1,NZ_BCSX01000052.1,529,7387494,170,M.brisbanense
GCF_001570425.1,NZ_BCSX01000053.1,315430,7387494,170,M.brisbanense
GCF_001570425.1,NZ_BCSX01000054.1,193096,7387494,170,M.brisbanense
GCF_001570425.1,NZ_BCSX01000055.1,14272,7387494,170,M.brisbanense
GCF_001570425.1,NZ_BCSX01000056.1,287103,7387494,170,M.brisbanense
GCF_001570425.1,NZ_BCSX01000057.1,832,7387494,170,M.brisbanense
GCF_001570425.1,NZ_BCSX01000058.1,1074,7387494,170,M.brisbanense
GCF_001570425.1,NZ_BCSX01000059.1,578,7387494,170,M.brisbanense
GCF_001570425.1,NZ_BCSX01000060.1,533,7387494,170,M.brisbanense
GCF_001570425.1,NZ_BCSX01000061.1,2950,7387494,170,M.brisbanense
GCF_001570425.1,NZ_BCSX01000062.1,1005,7387494,170,M.brisbanense
GCF_001570425.1,NZ_BCSX01000063.1,1734,7387494,170,M.brisbanense
GCF_001570425.1,NZ_BCSX01000064.1,226661,7387494,170,M.brisbanense
GCF_001570425.1,NZ_BCSX01000065.1,44579,7387494,170,M.brisbanense
GCF_001570425.1,NZ_BCSX01000066.1,1149,7387494,170,M.brisbanense
GCF_001570425.1,NZ_BCSX01000067.1,2310,7387494,170,M.brisbanense
GCF_001570425.1,NZ_BCSX01000068.1,51962,7387494,170,M.brisbanense
GCF_001570425.1,NZ_BCSX01000069.1,2898,7387494,170,M.brisbanense
GCF_001570425.1,NZ_BCSX01000070.1,1217,7387494,170,M.brisbanense
GCF_025215495.1,NZ_CP104302.1,3988920,3988920,101,M.brumae
GCF_041287165.2,NZ_JBGGKV020000001.1,1324520,6070946,61,M.bulgaricum
GCF_041287165.2,NZ_JBGGKV020000002.1,888103,6070946,61,M.bulgaricum
GCF_041287165.2,NZ_JBGGKV020000003.1,464097,6070946,61,M.bulgaricum
GCF_041287165.2,NZ_JBGGKV020000004.1,438743,6070946,61,M.bulgaricum
GCF_041287165.2,NZ_JBGGKV020000005.1,403530,6070946,61,M.bulgaricum
GCF_041287165.2,NZ_JBGGKV020000006.1,356847,6070946,61,M.bulgaricum
GCF_041287165.2,NZ_JBGGKV020000007.1,284028,6070946,61,M.bulgaricum
GCF_041287165.2,NZ_JBGGKV020000008.1,265024,6070946,61,M.bulgaricum
GCF_041287165.2,NZ_JBGGKV020000009.1,243085,6070946,61,M.bulgaricum
GCF_041287165.2,NZ_JBGGKV020000010.1,218440,6070946,61,M.bulgaricum
GCF_041287165.2,NZ_JBGGKV020000011.1,196259,6070946,61,M.bulgaricum
GCF_041287165.2,NZ_JBGGKV020000012.1,145188,6070946,61,M.bulgaricum
GCF_041287165.2,NZ_JBGGKV020000013.1,103120,6070946,61,M.bulgaricum
GCF_041287165.2,NZ_JBGGKV020000014.1,102122,6070946,61,M.bulgaricum
GCF_041287165.2,NZ_JBGGKV020000015.1,101171,6070946,61,M.bulgaricum
GCF_041287165.2,NZ_JBGGKV020000016.1,80022,6070946,61,M.bulgaricum
GCF_041287165.2,NZ_JBGGKV020000017.1,65364,6070946,61,M.bulgaricum
GCF_041287165.2,NZ_JBGGKV020000018.1,59823,6070946,61,M.bulgaricum
GCF_041287165.2,NZ_JBGGKV020000019.1,51801,6070946,61,M.bulgaricum
GCF_041287165.2,NZ_JBGGKV020000020.1,47773,6070946,61,M.bulgaricum
GCF_041287165.2,NZ_JBGGKV020000021.1,40950,6070946,61,M.bulgaricum
GCF_041287165.2,NZ_JBGGKV020000022.1,40032,6070946,61,M.bulgaricum
GCF_041287165.2,NZ_JBGGKV020000023.1,36111,6070946,61,M.bulgaricum
GCF_041287165.2,NZ_JBGGKV020000024.1,27849,6070946,61,M.bulgaricum
GCF_041287165.2,NZ_JBGGKV020000025.1,22600,6070946,61,M.bulgaricum
GCF_041287165.2,NZ_JBGGKV020000026.1,12282,6070946,61,M.bulgaricum
GCF_041287165.2,NZ_JBGGKV020000027.1,8504,6070946,61,M.bulgaricum
GCF_041287165.2,NZ_JBGGKV020000028.1,6957,6070946,61,M.bulgaricum
GCF_041287165.2,NZ_JBGGKV020000029.1,6755,6070946,61,M.bulgaricum
GCF_041287165.2,NZ_JBGGKV020000030.1,4650,6070946,61,M.bulgaricum
GCF_041287165.2,NZ_JBGGKV020000031.1,3802,6070946,61,M.bulgaricum
GCF_041287165.2,NZ_JBGGKV020000032.1,3089,6070946,61,M.bulgaricum
GCF_041287165.2,NZ_JBGGKV020000033.1,2899,6070946,61,M.bulgaricum
GCF_041287165.2,NZ_JBGGKV020000034.1,2487,6070946,61,M.bulgaricum
GCF_041287165.2,NZ_JBGGKV020000035.1,1404,6070946,61,M.bulgaricum
GCF_041287165.2,NZ_JBGGKV020000036.1,1397,6070946,61,M.bulgaricum
GCF_041287165.2,NZ_JBGGKV020000037.1,1038,6070946,61,M.bulgaricum
GCF_041287165.2,NZ_JBGGKV020000038.1,1029,6070946,61,M.bulgaricum
GCF_041287165.2,NZ_JBGGKV020000039.1,889,6070946,61,M.bulgaricum
GCF_041287165.2,NZ_JBGGKV020000040.1,826,6070946,61,M.bulgaricum
GCF_041287165.2,NZ_JBGGKV020000041.1,725,6070946,61,M.bulgaricum
GCF_041287165.2,NZ_JBGGKV020000042.1,670,6070946,61,M.bulgaricum
GCF_041287165.2,NZ_JBGGKV020000043.1,633,6070946,61,M.bulgaricum
GCF_041287165.2,NZ_JBGGKV020000044.1,543,6070946,61,M.bulgaricum
GCF_041287165.2,NZ_JBGGKV020000045.1,503,6070946,61,M.bulgaricum
GCF_041287165.2,NZ_JBGGKV020000046.1,363,6070946,61,M.bulgaricum
GCF_041287165.2,NZ_JBGGKV020000047.1,313,6070946,61,M.bulgaricum
GCF_041287165.2,NZ_JBGGKV020000048.1,309,6070946,61,M.bulgaricum
GCF_041287165.2,NZ_JBGGKV020000049.1,305,6070946,61,M.bulgaricum
GCF_041287165.2,NZ_JBGGKV020000050.1,305,6070946,61,M.bulgaricum
GCF_041287165.2,NZ_JBGGKV020000051.1,281,6070946,61,M.bulgaricum
GCF_041287165.2,NZ_JBGGKV020000052.1,272,6070946,61,M.bulgaricum
GCF_041287165.2,NZ_JBGGKV020000053.1,262,6070946,61,M.bulgaricum
GCF_041287165.2,NZ_JBGGKV020000054.1,221,6070946,61,M.bulgaricum
GCF_041287165.2,NZ_JBGGKV020000055.1,213,6070946,61,M.bulgaricum
GCF_041287165.2,NZ_JBGGKV020000056.1,210,6070946,61,M.bulgaricum
GCF_041287165.2,NZ_JBGGKV020000057.1,208,6070946,61,M.bulgaricum
GCF_963378095.1,NZ_OY726397.1,5453374,5453374,122,M.burgundiense
GCF_002101555.1,NZ_LQOL01000001.1,1148,6755573,210,M.canariasense
GCF_002101555.1,NZ_LQOL01000002.1,48763,6755573,210,M.canariasense
GCF_002101555.1,NZ_LQOL01000003.1,127321,6755573,210,M.canariasense
GCF_002101555.1,NZ_LQOL01000004.1,2058,6755573,210,M.canariasense
GCF_002101555.1,NZ_LQOL01000005.1,7043,6755573,210,M.canariasense
GCF_002101555.1,NZ_LQOL01000006.1,2645,6755573,210,M.canariasense
GCF_002101555.1,NZ_LQOL01000007.1,6964,6755573,210,M.canariasense
GCF_002101555.1,NZ_LQOL01000008.1,4718,6755573,210,M.canariasense
GCF_002101555.1,NZ_LQOL01000009.1,43028,6755573,210,M.canariasense
GCF_002101555.1,NZ_LQOL01000010.1,4441,6755573,210,M.canariasense
GCF_002101555.1,NZ_LQOL01000011.1,2256,6755573,210,M.canariasense
GCF_002101555.1,NZ_LQOL01000012.1,1889,6755573,210,M.canariasense
GCF_002101555.1,NZ_LQOL01000013.1,48964,6755573,210,M.canariasense
GCF_002101555.1,NZ_LQOL01000014.1,1603,6755573,210,M.canariasense
GCF_002101555.1,NZ_LQOL01000015.1,1483,6755573,210,M.canariasense
GCF_002101555.1,NZ_LQOL01000016.1,2188,6755573,210,M.canariasense
GCF_002101555.1,NZ_LQOL01000017.1,1326,6755573,210,M.canariasense
GCF_002101555.1,NZ_LQOL01000018.1,57675,6755573,210,M.canariasense
GCF_002101555.1,NZ_LQOL01000019.1,157288,6755573,210,M.canariasense
GCF_002101555.1,NZ_LQOL01000020.1,12808,6755573,210,M.canariasense
GCF_002101555.1,NZ_LQOL01000021.1,11660,6755573,210,M.canariasense
GCF_002101555.1,NZ_LQOL01000022.1,3372,6755573,210,M.canariasense
GCF_002101555.1,NZ_LQOL01000023.1,75001,6755573,210,M.canariasense
GCF_002101555.1,NZ_LQOL01000024.1,53680,6755573,210,M.canariasense
GCF_002101555.1,NZ_LQOL01000025.1,76772,6755573,210,M.canariasense
GCF_002101555.1,NZ_LQOL01000026.1,1156,6755573,210,M.canariasense
GCF_002101555.1,NZ_LQOL01000027.1,54793,6755573,210,M.canariasense
GCF_002101555.1,NZ_LQOL01000028.1,41483,6755573,210,M.canariasense
GCF_002101555.1,NZ_LQOL01000029.1,79742,6755573,210,M.canariasense
GCF_002101555.1,NZ_LQOL01000030.1,36781,6755573,210,M.canariasense
GCF_002101555.1,NZ_LQOL01000031.1,13373,6755573,210,M.canariasense
GCF_002101555.1,NZ_LQOL01000032.1,83814,6755573,210,M.canariasense
GCF_002101555.1,NZ_LQOL01000033.1,84377,6755573,210,M.canariasense
GCF_002101555.1,NZ_LQOL01000034.1,112599,6755573,210,M.canariasense
GCF_002101555.1,NZ_LQOL01000035.1,47842,6755573,210,M.canariasense
GCF_002101555.1,NZ_LQOL01000036.1,96017,6755573,210,M.canariasense
GCF_002101555.1,NZ_LQOL01000037.1,1207,6755573,210,M.canariasense
GCF_002101555.1,NZ_LQOL01000038.1,243211,6755573,210,M.canariasense
GCF_002101555.1,NZ_LQOL01000039.1,24588,6755573,210,M.canariasense
GCF_002101555.1,NZ_LQOL01000040.1,56973,6755573,210,M.canariasense
GCF_002101555.1,NZ_LQOL01000041.1,70725,6755573,210,M.canariasense
GCF_002101555.1,NZ_LQOL01000042.1,348881,6755573,210,M.canariasense
GCF_002101555.1,NZ_LQOL01000043.1,1055,6755573,210,M.canariasense
GCF_002101555.1,NZ_LQOL01000044.1,44027,6755573,210,M.canariasense
GCF_002101555.1,NZ_LQOL01000045.1,137405,6755573,210,M.canariasense
GCF_002101555.1,NZ_LQOL01000046.1,2000,6755573,210,M.canariasense
GCF_002101555.1,NZ_LQOL01000047.1,81016,6755573,210,M.canariasense
GCF_002101555.1,NZ_LQOL01000048.1,43609,6755573,210,M.canariasense
GCF_002101555.1,NZ_LQOL01000049.1,440414,6755573,210,M.canariasense
GCF_002101555.1,NZ_LQOL01000050.1,171426,6755573,210,M.canariasense
GCF_002101555.1,NZ_LQOL01000051.1,59409,6755573,210,M.canariasense
GCF_002101555.1,NZ_LQOL01000052.1,523382,6755573,210,M.canariasense
GCF_002101555.1,NZ_LQOL01000053.1,21956,6755573,210,M.canariasense
GCF_002101555.1,NZ_LQOL01000054.1,106495,6755573,210,M.canariasense
GCF_002101555.1,NZ_LQOL01000055.1,1539,6755573,210,M.canariasense
GCF_002101555.1,NZ_LQOL01000056.1,145456,6755573,210,M.canariasense
GCF_002101555.1,NZ_LQOL01000057.1,3183,6755573,210,M.canariasense
GCF_002101555.1,NZ_LQOL01000058.1,215559,6755573,210,M.canariasense
GCF_002101555.1,NZ_LQOL01000059.1,93180,6755573,210,M.canariasense
GCF_002101555.1,NZ_LQOL01000060.1,121943,6755573,210,M.canariasense
GCF_002101555.1,NZ_LQOL01000061.1,114110,6755573,210,M.canariasense
GCF_002101555.1,NZ_LQOL01000062.1,2583,6755573,210,M.canariasense
GCF_002101555.1,NZ_LQOL01000063.1,69963,6755573,210,M.canariasense
GCF_002101555.1,NZ_LQOL01000064.1,109365,6755573,210,M.canariasense
GCF_002101555.1,NZ_LQOL01000065.1,8676,6755573,210,M.canariasense
GCF_002101555.1,NZ_LQOL01000066.1,45033,6755573,210,M.canariasense
GCF_002101555.1,NZ_LQOL01000067.1,3504,6755573,210,M.canariasense
GCF_002101555.1,NZ_LQOL01000068.1,108289,6755573,210,M.canariasense
GCF_002101555.1,NZ_LQOL01000069.1,24875,6755573,210,M.canariasense
GCF_002101555.1,NZ_LQOL01000070.1,48957,6755573,210,M.canariasense
GCF_002101555.1,NZ_LQOL01000071.1,5761,6755573,210,M.canariasense
GCF_002101555.1,NZ_LQOL01000072.1,80976,6755573,210,M.canariasense
GCF_002101555.1,NZ_LQOL01000073.1,20458,6755573,210,M.canariasense
GCF_002101555.1,NZ_LQOL01000074.1,99588,6755573,210,M.canariasense
GCF_002101555.1,NZ_LQOL01000075.1,56674,6755573,210,M.canariasense
GCF_002101555.1,NZ_LQOL01000076.1,15508,6755573,210,M.canariasense
GCF_002101555.1,NZ_LQOL01000077.1,39130,6755573,210,M.canariasense
GCF_002101555.1,NZ_LQOL01000078.1,46934,6755573,210,M.canariasense
GCF_002101555.1,NZ_LQOL01000079.1,141506,6755573,210,M.canariasense
GCF_002101555.1,NZ_LQOL01000080.1,121563,6755573,210,M.canariasense
GCF_002101555.1,NZ_LQOL01000081.1,282781,6755573,210,M.canariasense
GCF_002101555.1,NZ_LQOL01000082.1,38375,6755573,210,M.canariasense
GCF_002101555.1,NZ_LQOL01000083.1,20970,6755573,210,M.canariasense
GCF_002101555.1,NZ_LQOL01000084.1,1248,6755573,210,M.canariasense
GCF_002101555.1,NZ_LQOL01000085.1,33674,6755573,210,M.canariasense
GCF_002101555.1,NZ_LQOL01000086.1,33366,6755573,210,M.canariasense
GCF_002101555.1,NZ_LQOL01000087.1,51557,6755573,210,M.canariasense
GCF_002101555.1,NZ_LQOL01000088.1,33217,6755573,210,M.canariasense
GCF_002101555.1,NZ_LQOL01000089.1,1589,6755573,210,M.canariasense
GCF_002101555.1,NZ_LQOL01000090.1,1646,6755573,210,M.canariasense
GCF_002101555.1,NZ_LQOL01000091.1,30156,6755573,210,M.canariasense
GCF_002101555.1,NZ_LQOL01000092.1,10747,6755573,210,M.canariasense
GCF_002101555.1,NZ_LQOL01000093.1,27188,6755573,210,M.canariasense
GCF_002101555.1,NZ_LQOL01000094.1,26435,6755573,210,M.canariasense
GCF_002101555.1,NZ_LQOL01000095.1,40979,6755573,210,M.canariasense
GCF_002101555.1,NZ_LQOL01000096.1,22547,6755573,210,M.canariasense
GCF_002101555.1,NZ_LQOL01000097.1,49500,6755573,210,M.canariasense
GCF_002101555.1,NZ_LQOL01000098.1,6722,6755573,210,M.canariasense
GCF_002101555.1,NZ_LQOL01000099.1,176767,6755573,210,M.canariasense
GCF_002101555.1,NZ_LQOL01000100.1,18526,6755573,210,M.canariasense
GCF_002101555.1,NZ_LQOL01000101.1,1472,6755573,210,M.canariasense
GCF_002101555.1,NZ_LQOL01000102.1,15057,6755573,210,M.canariasense
GCF_002101555.1,NZ_LQOL01000103.1,52524,6755573,210,M.canariasense
GCF_002101555.1,NZ_LQOL01000104.1,2459,6755573,210,M.canariasense
GCF_002101555.1,NZ_LQOL01000105.1,14766,6755573,210,M.canariasense
GCF_002101555.1,NZ_LQOL01000106.1,14139,6755573,210,M.canariasense
GCF_002101555.1,NZ_LQOL01000107.1,13522,6755573,210,M.canariasense
GCF_002101555.1,NZ_LQOL01000108.1,13032,6755573,210,M.canariasense
GCF_002101555.1,NZ_LQOL01000109.1,4209,6755573,210,M.canariasense
GCF_002101555.1,NZ_LQOL01000110.1,12604,6755573,210,M.canariasense
GCF_002101555.1,NZ_LQOL01000111.1,155307,6755573,210,M.canariasense
GCF_002101555.1,NZ_LQOL01000112.1,10305,6755573,210,M.canariasense
GCF_002101555.1,NZ_LQOL01000113.1,8024,6755573,210,M.canariasense
GCF_000253375.1,NC_015848.1,4482059,4482059,9,M.canetti
GCF_002101595.1,NZ_LQOM01000001.1,2090,4720680,192,M.celatum
GCF_002101595.1,NZ_LQOM01000002.1,5163,4720680,192,M.celatum
GCF_002101595.1,NZ_LQOM01000003.1,16177,4720680,192,M.celatum
GCF_002101595.1,NZ_LQOM01000004.1,46806,4720680,192,M.celatum
GCF_002101595.1,NZ_LQOM01000005.1,49382,4720680,192,M.celatum
GCF_002101595.1,NZ_LQOM01000006.1,98576,4720680,192,M.celatum
GCF_002101595.1,NZ_LQOM01000007.1,4339,4720680,192,M.celatum
GCF_002101595.1,NZ_LQOM01000008.1,1757,4720680,192,M.celatum
GCF_002101595.1,NZ_LQOM01000009.1,9351,4720680,192,M.celatum
GCF_002101595.1,NZ_LQOM01000010.1,72889,4720680,192,M.celatum
GCF_002101595.1,NZ_LQOM01000011.1,133155,4720680,192,M.celatum
GCF_002101595.1,NZ_LQOM01000012.1,29342,4720680,192,M.celatum
GCF_002101595.1,NZ_LQOM01000013.1,15366,4720680,192,M.celatum
GCF_002101595.1,NZ_LQOM01000014.1,220029,4720680,192,M.celatum
GCF_002101595.1,NZ_LQOM01000015.1,74529,4720680,192,M.celatum
GCF_002101595.1,NZ_LQOM01000016.1,350968,4720680,192,M.celatum
GCF_002101595.1,NZ_LQOM01000017.1,55775,4720680,192,M.celatum
GCF_002101595.1,NZ_LQOM01000018.1,37060,4720680,192,M.celatum
GCF_002101595.1,NZ_LQOM01000019.1,1255,4720680,192,M.celatum
GCF_002101595.1,NZ_LQOM01000020.1,162031,4720680,192,M.celatum
GCF_002101595.1,NZ_LQOM01000021.1,77738,4720680,192,M.celatum
GCF_002101595.1,NZ_LQOM01000022.1,178844,4720680,192,M.celatum
GCF_002101595.1,NZ_LQOM01000023.1,3129,4720680,192,M.celatum
GCF_002101595.1,NZ_LQOM01000024.1,349954,4720680,192,M.celatum
GCF_002101595.1,NZ_LQOM01000025.1,322008,4720680,192,M.celatum
GCF_002101595.1,NZ_LQOM01000026.1,22296,4720680,192,M.celatum
GCF_002101595.1,NZ_LQOM01000027.1,83781,4720680,192,M.celatum
GCF_002101595.1,NZ_LQOM01000028.1,194559,4720680,192,M.celatum
GCF_002101595.1,NZ_LQOM01000029.1,45038,4720680,192,M.celatum
GCF_002101595.1,NZ_LQOM01000030.1,148015,4720680,192,M.celatum
GCF_002101595.1,NZ_LQOM01000031.1,246119,4720680,192,M.celatum
GCF_002101595.1,NZ_LQOM01000032.1,1273,4720680,192,M.celatum
GCF_002101595.1,NZ_LQOM01000033.1,139690,4720680,192,M.celatum
GCF_002101595.1,NZ_LQOM01000034.1,3448,4720680,192,M.celatum
GCF_002101595.1,NZ_LQOM01000035.1,133244,4720680,192,M.celatum
GCF_002101595.1,NZ_LQOM01000036.1,41611,4720680,192,M.celatum
GCF_002101595.1,NZ_LQOM01000037.1,232552,4720680,192,M.celatum
GCF_002101595.1,NZ_LQOM01000038.1,56176,4720680,192,M.celatum
GCF_002101595.1,NZ_LQOM01000039.1,17954,4720680,192,M.celatum
GCF_002101595.1,NZ_LQOM01000040.1,158206,4720680,192,M.celatum
GCF_002101595.1,NZ_LQOM01000041.1,1649,4720680,192,M.celatum
GCF_002101595.1,NZ_LQOM01000042.1,1431,4720680,192,M.celatum
GCF_002101595.1,NZ_LQOM01000043.1,1310,4720680,192,M.celatum
GCF_002101595.1,NZ_LQOM01000044.1,102678,4720680,192,M.celatum
GCF_002101595.1,NZ_LQOM01000045.1,4015,4720680,192,M.celatum
GCF_002101595.1,NZ_LQOM01000046.1,228068,4720680,192,M.celatum
GCF_002101595.1,NZ_LQOM01000047.1,57767,4720680,192,M.celatum
GCF_002101595.1,NZ_LQOM01000048.1,144987,4720680,192,M.celatum
GCF_002101595.1,NZ_LQOM01000049.1,2915,4720680,192,M.celatum
GCF_002101595.1,NZ_LQOM01000050.1,123999,4720680,192,M.celatum
GCF_002101595.1,NZ_LQOM01000051.1,132953,4720680,192,M.celatum
GCF_002101595.1,NZ_LQOM01000052.1,18127,4720680,192,M.celatum
GCF_002101595.1,NZ_LQOM01000053.1,5796,4720680,192,M.celatum
GCF_002101595.1,NZ_LQOM01000054.1,39492,4720680,192,M.celatum
GCF_002101595.1,NZ_LQOM01000055.1,4570,4720680,192,M.celatum
GCF_002101595.1,NZ_LQOM01000056.1,4594,4720680,192,M.celatum
GCF_002101595.1,NZ_LQOM01000057.1,4654,4720680,192,M.celatum
GCF_010731795.1,NZ_AP022591.1,5024249,5024249,145,M.celeriflavum
GCF_001632805.1,NZ_CP007220.1,5029817,5029817,85,M.chelonae
GCF_900637205.1,NZ_LR134355.1,5461769,5461769,52,M.chitae
GCF_001552315.1,NZ_BCQY01000001.1,637969,7330216,102,M.chlorophenolicum
GCF_001552315.1,NZ_BCQY01000002.1,572,7330216,102,M.chlorophenolicum
GCF_001552315.1,NZ_BCQY01000003.1,435402,7330216,102,M.chlorophenolicum
GCF_001552315.1,NZ_BCQY01000004.1,126865,7330216,102,M.chlorophenolicum
GCF_001552315.1,NZ_BCQY01000005.1,269479,7330216,102,M.chlorophenolicum
GCF_001552315.1,NZ_BCQY01000006.1,390862,7330216,102,M.chlorophenolicum
GCF_001552315.1,NZ_BCQY01000007.1,388440,7330216,102,M.chlorophenolicum
GCF_001552315.1,NZ_BCQY01000008.1,367920,7330216,102,M.chlorophenolicum
GCF_001552315.1,NZ_BCQY01000009.1,336161,7330216,102,M.chlorophenolicum
GCF_001552315.1,NZ_BCQY01000010.1,335047,7330216,102,M.chlorophenolicum
GCF_001552315.1,NZ_BCQY01000011.1,291429,7330216,102,M.chlorophenolicum
GCF_001552315.1,NZ_BCQY01000012.1,265869,7330216,102,M.chlorophenolicum
GCF_001552315.1,NZ_BCQY01000013.1,237938,7330216,102,M.chlorophenolicum
GCF_001552315.1,NZ_BCQY01000014.1,215120,7330216,102,M.chlorophenolicum
GCF_001552315.1,NZ_BCQY01000015.1,1324,7330216,102,M.chlorophenolicum
GCF_001552315.1,NZ_BCQY01000016.1,201766,7330216,102,M.chlorophenolicum
GCF_001552315.1,NZ_BCQY01000017.1,184339,7330216,102,M.chlorophenolicum
GCF_001552315.1,NZ_BCQY01000018.1,29948,7330216,102,M.chlorophenolicum
GCF_001552315.1,NZ_BCQY01000019.1,137936,7330216,102,M.chlorophenolicum
GCF_001552315.1,NZ_BCQY01000020.1,163960,7330216,102,M.chlorophenolicum
GCF_001552315.1,NZ_BCQY01000021.1,161407,7330216,102,M.chlorophenolicum
GCF_001552315.1,NZ_BCQY01000022.1,153119,7330216,102,M.chlorophenolicum
GCF_001552315.1,NZ_BCQY01000023.1,152074,7330216,102,M.chlorophenolicum
GCF_001552315.1,NZ_BCQY01000024.1,98601,7330216,102,M.chlorophenolicum
GCF_001552315.1,NZ_BCQY01000025.1,96696,7330216,102,M.chlorophenolicum
GCF_001552315.1,NZ_BCQY01000026.1,82609,7330216,102,M.chlorophenolicum
GCF_001552315.1,NZ_BCQY01000027.1,82366,7330216,102,M.chlorophenolicum
GCF_001552315.1,NZ_BCQY01000028.1,78606,7330216,102,M.chlorophenolicum
GCF_001552315.1,NZ_BCQY01000029.1,77154,7330216,102,M.chlorophenolicum
GCF_001552315.1,NZ_BCQY01000030.1,70887,7330216,102,M.chlorophenolicum
GCF_001552315.1,NZ_BCQY01000031.1,60847,7330216,102,M.chlorophenolicum
GCF_001552315.1,NZ_BCQY01000032.1,60312,7330216,102,M.chlorophenolicum
GCF_001552315.1,NZ_BCQY01000033.1,57713,7330216,102,M.chlorophenolicum
GCF_001552315.1,NZ_BCQY01000034.1,57459,7330216,102,M.chlorophenolicum
GCF_001552315.1,NZ_BCQY01000035.1,50263,7330216,102,M.chlorophenolicum
GCF_001552315.1,NZ_BCQY01000036.1,45881,7330216,102,M.chlorophenolicum
GCF_001552315.1,NZ_BCQY01000037.1,44269,7330216,102,M.chlorophenolicum
GCF_001552315.1,NZ_BCQY01000038.1,43435,7330216,102,M.chlorophenolicum
GCF_001552315.1,NZ_BCQY01000039.1,43302,7330216,102,M.chlorophenolicum
GCF_001552315.1,NZ_BCQY01000040.1,43020,7330216,102,M.chlorophenolicum
GCF_001552315.1,NZ_BCQY01000041.1,42658,7330216,102,M.chlorophenolicum
GCF_001552315.1,NZ_BCQY01000042.1,41351,7330216,102,M.chlorophenolicum
GCF_001552315.1,NZ_BCQY01000043.1,39323,7330216,102,M.chlorophenolicum
GCF_001552315.1,NZ_BCQY01000044.1,39254,7330216,102,M.chlorophenolicum
GCF_001552315.1,NZ_BCQY01000045.1,35795,7330216,102,M.chlorophenolicum
GCF_001552315.1,NZ_BCQY01000046.1,34729,7330216,102,M.chlorophenolicum
GCF_001552315.1,NZ_BCQY01000047.1,30835,7330216,102,M.chlorophenolicum
GCF_001552315.1,NZ_BCQY01000048.1,30787,7330216,102,M.chlorophenolicum
GCF_001552315.1,NZ_BCQY01000049.1,30134,7330216,102,M.chlorophenolicum
GCF_001552315.1,NZ_BCQY01000050.1,29116,7330216,102,M.chlorophenolicum
GCF_001552315.1,NZ_BCQY01000051.1,27320,7330216,102,M.chlorophenolicum
GCF_001552315.1,NZ_BCQY01000052.1,22264,7330216,102,M.chlorophenolicum
GCF_001552315.1,NZ_BCQY01000053.1,20402,7330216,102,M.chlorophenolicum
GCF_001552315.1,NZ_BCQY01000054.1,20236,7330216,102,M.chlorophenolicum
GCF_001552315.1,NZ_BCQY01000055.1,23596,7330216,102,M.chlorophenolicum
GCF_001552315.1,NZ_BCQY01000056.1,19540,7330216,102,M.chlorophenolicum
GCF_001552315.1,NZ_BCQY01000057.1,19263,7330216,102,M.chlorophenolicum
GCF_001552315.1,NZ_BCQY01000058.1,17559,7330216,102,M.chlorophenolicum
GCF_001552315.1,NZ_BCQY01000059.1,17071,7330216,102,M.chlorophenolicum
GCF_001552315.1,NZ_BCQY01000060.1,17009,7330216,102,M.chlorophenolicum
GCF_001552315.1,NZ_BCQY01000061.1,15964,7330216,102,M.chlorophenolicum
GCF_001552315.1,NZ_BCQY01000062.1,14451,7330216,102,M.chlorophenolicum
GCF_001552315.1,NZ_BCQY01000063.1,11004,7330216,102,M.chlorophenolicum
GCF_001552315.1,NZ_BCQY01000064.1,9729,7330216,102,M.chlorophenolicum
GCF_001552315.1,NZ_BCQY01000065.1,9706,7330216,102,M.chlorophenolicum
GCF_001552315.1,NZ_BCQY01000066.1,8754,7330216,102,M.chlorophenolicum
GCF_001552315.1,NZ_BCQY01000067.1,8063,7330216,102,M.chlorophenolicum
GCF_001552315.1,NZ_BCQY01000068.1,7546,7330216,102,M.chlorophenolicum
GCF_001552315.1,NZ_BCQY01000069.1,7302,7330216,102,M.chlorophenolicum
GCF_001552315.1,NZ_BCQY01000070.1,7179,7330216,102,M.chlorophenolicum
GCF_001552315.1,NZ_BCQY01000071.1,7109,7330216,102,M.chlorophenolicum
GCF_001552315.1,NZ_BCQY01000072.1,7080,7330216,102,M.chlorophenolicum
GCF_001552315.1,NZ_BCQY01000073.1,6925,7330216,102,M.chlorophenolicum
GCF_001552315.1,NZ_BCQY01000074.1,5452,7330216,102,M.chlorophenolicum
GCF_001552315.1,NZ_BCQY01000075.1,5372,7330216,102,M.chlorophenolicum
GCF_001552315.1,NZ_BCQY01000076.1,5226,7330216,102,M.chlorophenolicum
GCF_001552315.1,NZ_BCQY01000077.1,5010,7330216,102,M.chlorophenolicum
GCF_001552315.1,NZ_BCQY01000078.1,4688,7330216,102,M.chlorophenolicum
GCF_001552315.1,NZ_BCQY01000079.1,4668,7330216,102,M.chlorophenolicum
GCF_001552315.1,NZ_BCQY01000080.1,4371,7330216,102,M.chlorophenolicum
GCF_001552315.1,NZ_BCQY01000081.1,3891,7330216,102,M.chlorophenolicum
GCF_001552315.1,NZ_BCQY01000082.1,2945,7330216,102,M.chlorophenolicum
GCF_001552315.1,NZ_BCQY01000083.1,2627,7330216,102,M.chlorophenolicum
GCF_001552315.1,NZ_BCQY01000084.1,2354,7330216,102,M.chlorophenolicum
GCF_001552315.1,NZ_BCQY01000085.1,2262,7330216,102,M.chlorophenolicum
GCF_001552315.1,NZ_BCQY01000086.1,2241,7330216,102,M.chlorophenolicum
GCF_001552315.1,NZ_BCQY01000087.1,1654,7330216,102,M.chlorophenolicum
GCF_001552315.1,NZ_BCQY01000088.1,1467,7330216,102,M.chlorophenolicum
GCF_001552315.1,NZ_BCQY01000089.1,1344,7330216,102,M.chlorophenolicum
GCF_001552315.1,NZ_BCQY01000090.1,1271,7330216,102,M.chlorophenolicum
GCF_001552315.1,NZ_BCQY01000091.1,1271,7330216,102,M.chlorophenolicum
GCF_001552315.1,NZ_BCQY01000092.1,1122,7330216,102,M.chlorophenolicum
GCF_001552315.1,NZ_BCQY01000093.1,1098,7330216,102,M.chlorophenolicum
GCF_001552315.1,NZ_BCQY01000094.1,1088,7330216,102,M.chlorophenolicum
GCF_001552315.1,NZ_BCQY01000095.1,1075,7330216,102,M.chlorophenolicum
GCF_001552315.1,NZ_BCQY01000096.1,1021,7330216,102,M.chlorophenolicum
GCF_001552315.1,NZ_BCQY01000097.1,915,7330216,102,M.chlorophenolicum
GCF_001552315.1,NZ_BCQY01000098.1,914,7330216,102,M.chlorophenolicum
GCF_001552315.1,NZ_BCQY01000099.1,885,7330216,102,M.chlorophenolicum
GCF_001552315.1,NZ_BCQY01000100.1,872,7330216,102,M.chlorophenolicum
GCF_001552315.1,NZ_BCQY01000101.1,868,7330216,102,M.chlorophenolicum
GCF_001552315.1,NZ_BCQY01000102.1,866,7330216,102,M.chlorophenolicum
GCF_001552315.1,NZ_BCQY01000103.1,841,7330216,102,M.chlorophenolicum
GCF_001552315.1,NZ_BCQY01000104.1,818,7330216,102,M.chlorophenolicum
GCF_001552315.1,NZ_BCQY01000105.1,780,7330216,102,M.chlorophenolicum
GCF_001552315.1,NZ_BCQY01000106.1,763,7330216,102,M.chlorophenolicum
GCF_001552315.1,NZ_BCQY01000107.1,756,7330216,102,M.chlorophenolicum
GCF_900453455.1,NZ_UATB01000001.1,2544,6021188,103,M.chubuense
GCF_900453455.1,NZ_UATB01000002.1,7325,6021188,103,M.chubuense
GCF_900453455.1,NZ_UATB01000003.1,4998,6021188,103,M.chubuense
GCF_900453455.1,NZ_UATB01000004.1,7686,6021188,103,M.chubuense
GCF_900453455.1,NZ_UATB01000005.1,9519,6021188,103,M.chubuense
GCF_900453455.1,NZ_UATB01000006.1,4571,6021188,103,M.chubuense
GCF_900453455.1,NZ_UATB01000007.1,2462,6021188,103,M.chubuense
GCF_900453455.1,NZ_UATB01000008.1,3637,6021188,103,M.chubuense
GCF_900453455.1,NZ_UATB01000009.1,1768122,6021188,103,M.chubuense
GCF_900453455.1,NZ_UATB01000010.1,2365,6021188,103,M.chubuense
GCF_900453455.1,NZ_UATB01000011.1,2038,6021188,103,M.chubuense
GCF_900453455.1,NZ_UATB01000012.1,4039,6021188,103,M.chubuense
GCF_900453455.1,NZ_UATB01000013.1,6061,6021188,103,M.chubuense
GCF_900453455.1,NZ_UATB01000014.1,4381,6021188,103,M.chubuense
GCF_900453455.1,NZ_UATB01000015.1,3573766,6021188,103,M.chubuense
GCF_900453455.1,NZ_UATB01000016.1,485761,6021188,103,M.chubuense
GCF_900453455.1,NZ_UATB01000017.1,128167,6021188,103,M.chubuense
GCF_900453455.1,NZ_UATB01000018.1,3746,6021188,103,M.chubuense
GCF_000222105.3,NZ_AFVW02000001.1,844570,5579559,176,M.colombiense
GCF_000222105.3,NZ_AFVW02000002.1,1380431,5579559,176,M.colombiense
GCF_000222105.3,NZ_AFVW02000003.1,694710,5579559,176,M.colombiense
GCF_000222105.3,NZ_AFVW02000004.1,640314,5579559,176,M.colombiense
GCF_000222105.3,NZ_AFVW02000005.1,398237,5579559,176,M.colombiense
GCF_000222105.3,NZ_AFVW02000006.1,745349,5579559,176,M.colombiense
GCF_000222105.3,NZ_AFVW02000007.1,332944,5579559,176,M.colombiense
GCF_000222105.3,NZ_AFVW02000009.1,5490,5579559,176,M.colombiense
GCF_000222105.3,NZ_AFVW02000010.1,864,5579559,176,M.colombiense
GCF_000222105.3,NZ_AFVW02000011.1,560,5579559,176,M.colombiense
GCF_000222105.3,NZ_AFVW02000012.1,504,5579559,176,M.colombiense
GCF_000222105.3,NZ_AFVW02000013.1,452,5579559,176,M.colombiense
GCF_000222105.3,NZ_AFVW02000014.1,423,5579559,176,M.colombiense
GCF_000222105.3,NZ_AFVW02000015.1,405,5579559,176,M.colombiense
GCF_000222105.3,NZ_AFVW02000016.1,284,5579559,176,M.colombiense
GCF_000222105.3,NZ_AFVW02000017.1,224,5579559,176,M.colombiense
GCF_000222105.3,NZ_AFVW02000018.1,533798,5579559,176,M.colombiense
GCF_002102065.1,NZ_LQOP01000001.1,1470,6468817,7,M.conceptionense
GCF_002102065.1,NZ_LQOP01000002.1,78408,6468817,7,M.conceptionense
GCF_002102065.1,NZ_LQOP01000003.1,1327,6468817,7,M.conceptionense
GCF_002102065.1,NZ_LQOP01000004.1,175510,6468817,7,M.conceptionense
GCF_002102065.1,NZ_LQOP01000005.1,59578,6468817,7,M.conceptionense
GCF_002102065.1,NZ_LQOP01000006.1,399267,6468817,7,M.conceptionense
GCF_002102065.1,NZ_LQOP01000007.1,83110,6468817,7,M.conceptionense
GCF_002102065.1,NZ_LQOP01000008.1,569116,6468817,7,M.conceptionense
GCF_002102065.1,NZ_LQOP01000009.1,84670,6468817,7,M.conceptionense
GCF_002102065.1,NZ_LQOP01000010.1,1347,6468817,7,M.conceptionense
GCF_002102065.1,NZ_LQOP01000011.1,108832,6468817,7,M.conceptionense
GCF_002102065.1,NZ_LQOP01000012.1,1332,6468817,7,M.conceptionense
GCF_002102065.1,NZ_LQOP01000013.1,103322,6468817,7,M.conceptionense
GCF_002102065.1,NZ_LQOP01000014.1,468830,6468817,7,M.conceptionense
GCF_002102065.1,NZ_LQOP01000015.1,300411,6468817,7,M.conceptionense
GCF_002102065.1,NZ_LQOP01000016.1,717853,6468817,7,M.conceptionense
GCF_002102065.1,NZ_LQOP01000017.1,55721,6468817,7,M.conceptionense
GCF_002102065.1,NZ_LQOP01000018.1,261392,6468817,7,M.conceptionense
GCF_002102065.1,NZ_LQOP01000019.1,190535,6468817,7,M.conceptionense
GCF_002102065.1,NZ_LQOP01000020.1,248500,6468817,7,M.conceptionense
GCF_002102065.1,NZ_LQOP01000021.1,320022,6468817,7,M.conceptionense
GCF_002102065.1,NZ_LQOP01000022.1,1293,6468817,7,M.conceptionense
GCF_002102065.1,NZ_LQOP01000023.1,11437,6468817,7,M.conceptionense
GCF_002102065.1,NZ_LQOP01000024.1,100036,6468817,7,M.conceptionense
GCF_002102065.1,NZ_LQOP01000025.1,5374,6468817,7,M.conceptionense
GCF_002102065.1,NZ_LQOP01000026.1,53915,6468817,7,M.conceptionense
GCF_002102065.1,NZ_LQOP01000027.1,189176,6468817,7,M.conceptionense
GCF_002102065.1,NZ_LQOP01000028.1,454834,6468817,7,M.conceptionense
GCF_002102065.1,NZ_LQOP01000029.1,138095,6468817,7,M.conceptionense
GCF_002102065.1,NZ_LQOP01000030.1,12546,6468817,7,M.conceptionense
GCF_002102065.1,NZ_LQOP01000031.1,78033,6468817,7,M.conceptionense
GCF_002102065.1,NZ_LQOP01000032.1,2585,6468817,7,M.conceptionense
GCF_002102065.1,NZ_LQOP01000033.1,61096,6468817,7,M.conceptionense
GCF_002102065.1,NZ_LQOP01000034.1,490098,6468817,7,M.conceptionense
GCF_002102065.1,NZ_LQOP01000035.1,272481,6468817,7,M.conceptionense
GCF_002102065.1,NZ_LQOP01000036.1,173308,6468817,7,M.conceptionense
GCF_002102065.1,NZ_LQOP01000037.1,144357,6468817,7,M.conceptionense
GCF_002102065.1,NZ_LQOP01000038.1,5422,6468817,7,M.conceptionense
GCF_002102065.1,NZ_LQOP01000039.1,13996,6468817,7,M.conceptionense
GCF_002102065.1,NZ_LQOP01000040.1,23076,6468817,7,M.conceptionense
GCF_002102065.1,NZ_LQOP01000041.1,4224,6468817,7,M.conceptionense
GCF_002102065.1,NZ_LQOP01000042.1,2882,6468817,7,M.conceptionense
GCF_010729895.1,NZ_AP022612.1,5876557,5876557,23,M.confluentis
GCF_010730195.1,NZ_AP022613.1,6237139,6237139,178,M.conspicuum
GCF_010727945.1,NZ_AP022569.1,5318517,5318517,79,M.cookii
GCF_000613185.1,NZ_CCBB010000001.1,3205355,6462090,154,M.cosmeticum
GCF_000613185.1,NZ_CCBB010000002.1,758788,6462090,154,M.cosmeticum
GCF_000613185.1,NZ_CCBB010000003.1,2465234,6462090,154,M.cosmeticum
GCF_000613185.1,NZ_CCBB010000004.1,27200,6462090,154,M.cosmeticum
GCF_000613185.1,NZ_CCBB010000005.1,5513,6462090,154,M.cosmeticum
GCF_020181615.2,NZ_JAYJJR010000001.1,668502,5180050,158,M.crassicus
GCF_020181615.2,NZ_JAYJJR010000002.1,641210,5180050,158,M.crassicus
GCF_020181615.2,NZ_JAYJJR010000003.1,442079,5180050,158,M.crassicus
GCF_020181615.2,NZ_JAYJJR010000004.1,307949,5180050,158,M.crassicus
GCF_020181615.2,NZ_JAYJJR010000005.1,291583,5180050,158,M.crassicus
GCF_020181615.2,NZ_JAYJJR010000006.1,251295,5180050,158,M.crassicus
GCF_020181615.2,NZ_JAYJJR010000007.1,246433,5180050,158,M.crassicus
GCF_020181615.2,NZ_JAYJJR010000008.1,202925,5180050,158,M.crassicus
GCF_020181615.2,NZ_JAYJJR010000009.1,181632,5180050,158,M.crassicus
GCF_020181615.2,NZ_JAYJJR010000010.1,176823,5180050,158,M.crassicus
GCF_020181615.2,NZ_JAYJJR010000011.1,171871,5180050,158,M.crassicus
GCF_020181615.2,NZ_JAYJJR010000012.1,149957,5180050,158,M.crassicus
GCF_020181615.2,NZ_JAYJJR010000013.1,148352,5180050,158,M.crassicus
GCF_020181615.2,NZ_JAYJJR010000014.1,136438,5180050,158,M.crassicus
GCF_020181615.2,NZ_JAYJJR010000015.1,136103,5180050,158,M.crassicus
GCF_020181615.2,NZ_JAYJJR010000016.1,126049,5180050,158,M.crassicus
GCF_020181615.2,NZ_JAYJJR010000017.1,96895,5180050,158,M.crassicus
GCF_020181615.2,NZ_JAYJJR010000018.1,91323,5180050,158,M.crassicus
GCF_020181615.2,NZ_JAYJJR010000019.1,83740,5180050,158,M.crassicus
GCF_020181615.2,NZ_JAYJJR010000020.1,76394,5180050,158,M.crassicus
GCF_020181615.2,NZ_JAYJJR010000021.1,71715,5180050,158,M.crassicus
GCF_020181615.2,NZ_JAYJJR010000022.1,57119,5180050,158,M.crassicus
GCF_020181615.2,NZ_JAYJJR010000023.1,50408,5180050,158,M.crassicus
GCF_020181615.2,NZ_JAYJJR010000024.1,46452,5180050,158,M.crassicus
GCF_020181615.2,NZ_JAYJJR010000025.1,46127,5180050,158,M.crassicus
GCF_020181615.2,NZ_JAYJJR010000026.1,46047,5180050,158,M.crassicus
GCF_020181615.2,NZ_JAYJJR010000027.1,39891,5180050,158,M.crassicus
GCF_020181615.2,NZ_JAYJJR010000028.1,35423,5180050,158,M.crassicus
GCF_020181615.2,NZ_JAYJJR010000029.1,28594,5180050,158,M.crassicus
GCF_020181615.2,NZ_JAYJJR010000030.1,17530,5180050,158,M.crassicus
GCF_020181615.2,NZ_JAYJJR010000031.1,16675,5180050,158,M.crassicus
GCF_020181615.2,NZ_JAYJJR010000032.1,13351,5180050,158,M.crassicus
GCF_020181615.2,NZ_JAYJJR010000033.1,11414,5180050,158,M.crassicus
GCF_020181615.2,NZ_JAYJJR010000034.1,11334,5180050,158,M.crassicus
GCF_020181615.2,NZ_JAYJJR010000035.1,8610,5180050,158,M.crassicus
GCF_020181615.2,NZ_JAYJJR010000036.1,8080,5180050,158,M.crassicus
GCF_020181615.2,NZ_JAYJJR010000037.1,7841,5180050,158,M.crassicus
GCF_020181615.2,NZ_JAYJJR010000038.1,6638,5180050,158,M.crassicus
GCF_020181615.2,NZ_JAYJJR010000039.1,5450,5180050,158,M.crassicus
GCF_020181615.2,NZ_JAYJJR010000040.1,3549,5180050,158,M.crassicus
GCF_020181615.2,NZ_JAYJJR010000041.1,2276,5180050,158,M.crassicus
GCF_020181615.2,NZ_JAYJJR010000042.1,2266,5180050,158,M.crassicus
GCF_020181615.2,NZ_JAYJJR010000043.1,2102,5180050,158,M.crassicus
GCF_020181615.2,NZ_JAYJJR010000044.1,1900,5180050,158,M.crassicus
GCF_020181615.2,NZ_JAYJJR010000045.1,1359,5180050,158,M.crassicus
GCF_020181615.2,NZ_JAYJJR010000046.1,1322,5180050,158,M.crassicus
GCF_020181615.2,NZ_JAYJJR010000047.1,1267,5180050,158,M.crassicus
GCF_020181615.2,NZ_JAYJJR010000048.1,1074,5180050,158,M.crassicus
GCF_020181615.2,NZ_JAYJJR010000049.1,864,5180050,158,M.crassicus
GCF_020181615.2,NZ_JAYJJR010000050.1,847,5180050,158,M.crassicus
GCF_020181615.2,NZ_JAYJJR010000051.1,749,5180050,158,M.crassicus
GCF_020181615.2,NZ_JAYJJR010000052.1,736,5180050,158,M.crassicus
GCF_020181615.2,NZ_JAYJJR010000053.1,689,5180050,158,M.crassicus
GCF_020181615.2,NZ_JAYJJR010000054.1,670,5180050,158,M.crassicus
GCF_020181615.2,NZ_JAYJJR010000055.1,547,5180050,158,M.crassicus
GCF_020181615.2,NZ_JAYJJR010000056.1,535,5180050,158,M.crassicus
GCF_020181615.2,NZ_JAYJJR010000057.1,523,5180050,158,M.crassicus
GCF_020181615.2,NZ_JAYJJR010000058.1,523,5180050,158,M.crassicus
GCF_022370635.2,NZ_CP092362.2,5965857,5965857,78,M.crocinum
GCF_002104675.1,NZ_NCXP01000001.1,535535,5225940,114,M.decipiens
GCF_002104675.1,NZ_NCXP01000002.1,340357,5225940,114,M.decipiens
GCF_002104675.1,NZ_NCXP01000003.1,247415,5225940,114,M.decipiens
GCF_002104675.1,NZ_NCXP01000004.1,239152,5225940,114,M.decipiens
GCF_002104675.1,NZ_NCXP01000005.1,215683,5225940,114,M.decipiens
GCF_002104675.1,NZ_NCXP01000006.1,199076,5225940,114,M.decipiens
GCF_002104675.1,NZ_NCXP01000007.1,194728,5225940,114,M.decipiens
GCF_002104675.1,NZ_NCXP01000008.1,181084,5225940,114,M.decipiens
GCF_002104675.1,NZ_NCXP01000009.1,165485,5225940,114,M.decipiens
GCF_002104675.1,NZ_NCXP01000010.1,144315,5225940,114,M.decipiens
GCF_002104675.1,NZ_NCXP01000011.1,133788,5225940,114,M.decipiens
GCF_002104675.1,NZ_NCXP01000012.1,114870,5225940,114,M.decipiens
GCF_002104675.1,NZ_NCXP01000013.1,111677,5225940,114,M.decipiens
GCF_002104675.1,NZ_NCXP01000014.1,104345,5225940,114,M.decipiens
GCF_002104675.1,NZ_NCXP01000015.1,103035,5225940,114,M.decipiens
GCF_002104675.1,NZ_NCXP01000016.1,98333,5225940,114,M.decipiens
GCF_002104675.1,NZ_NCXP01000017.1,97905,5225940,114,M.decipiens
GCF_002104675.1,NZ_NCXP01000018.1,95000,5225940,114,M.decipiens
GCF_002104675.1,NZ_NCXP01000019.1,94976,5225940,114,M.decipiens
GCF_002104675.1,NZ_NCXP01000020.1,79548,5225940,114,M.decipiens
GCF_002104675.1,NZ_NCXP01000021.1,77878,5225940,114,M.decipiens
GCF_002104675.1,NZ_NCXP01000022.1,74817,5225940,114,M.decipiens
GCF_002104675.1,NZ_NCXP01000023.1,70262,5225940,114,M.decipiens
GCF_002104675.1,NZ_NCXP01000024.1,69460,5225940,114,M.decipiens
GCF_002104675.1,NZ_NCXP01000025.1,68711,5225940,114,M.decipiens
GCF_002104675.1,NZ_NCXP01000026.1,66885,5225940,114,M.decipiens
GCF_002104675.1,NZ_NCXP01000027.1,60395,5225940,114,M.decipiens
GCF_002104675.1,NZ_NCXP01000028.1,59307,5225940,114,M.decipiens
GCF_002104675.1,NZ_NCXP01000029.1,57841,5225940,114,M.decipiens
GCF_002104675.1,NZ_NCXP01000030.1,52676,5225940,114,M.decipiens
GCF_002104675.1,NZ_NCXP01000031.1,48290,5225940,114,M.decipiens
GCF_002104675.1,NZ_NCXP01000032.1,47424,5225940,114,M.decipiens
GCF_002104675.1,NZ_NCXP01000033.1,46806,5225940,114,M.decipiens
GCF_002104675.1,NZ_NCXP01000034.1,44764,5225940,114,M.decipiens
GCF_002104675.1,NZ_NCXP01000035.1,43777,5225940,114,M.decipiens
GCF_002104675.1,NZ_NCXP01000036.1,41679,5225940,114,M.decipiens
GCF_002104675.1,NZ_NCXP01000037.1,41560,5225940,114,M.decipiens
GCF_002104675.1,NZ_NCXP01000038.1,39448,5225940,114,M.decipiens
GCF_002104675.1,NZ_NCXP01000039.1,39367,5225940,114,M.decipiens
GCF_002104675.1,NZ_NCXP01000040.1,37806,5225940,114,M.decipiens
GCF_002104675.1,NZ_NCXP01000041.1,37691,5225940,114,M.decipiens
GCF_002104675.1,NZ_NCXP01000042.1,34275,5225940,114,M.decipiens
GCF_002104675.1,NZ_NCXP01000043.1,33248,5225940,114,M.decipiens
GCF_002104675.1,NZ_NCXP01000044.1,31421,5225940,114,M.decipiens
GCF_002104675.1,NZ_NCXP01000045.1,30360,5225940,114,M.decipiens
GCF_002104675.1,NZ_NCXP01000046.1,30132,5225940,114,M.decipiens
GCF_002104675.1,NZ_NCXP01000047.1,28884,5225940,114,M.decipiens
GCF_002104675.1,NZ_NCXP01000048.1,27430,5225940,114,M.decipiens
GCF_002104675.1,NZ_NCXP01000049.1,24237,5225940,114,M.decipiens
GCF_002104675.1,NZ_NCXP01000050.1,24129,5225940,114,M.decipiens
GCF_002104675.1,NZ_NCXP01000051.1,22704,5225940,114,M.decipiens
GCF_002104675.1,NZ_NCXP01000052.1,21525,5225940,114,M.decipiens
GCF_002104675.1,NZ_NCXP01000053.1,20537,5225940,114,M.decipiens
GCF_002104675.1,NZ_NCXP01000054.1,18503,5225940,114,M.decipiens
GCF_002104675.1,NZ_NCXP01000055.1,18250,5225940,114,M.decipiens
GCF_002104675.1,NZ_NCXP01000056.1,15273,5225940,114,M.decipiens
GCF_002104675.1,NZ_NCXP01000057.1,14832,5225940,114,M.decipiens
GCF_002104675.1,NZ_NCXP01000058.1,14318,5225940,114,M.decipiens
GCF_002104675.1,NZ_NCXP01000059.1,13511,5225940,114,M.decipiens
GCF_002104675.1,NZ_NCXP01000060.1,13068,5225940,114,M.decipiens
GCF_002104675.1,NZ_NCXP01000061.1,12821,5225940,114,M.decipiens
GCF_002104675.1,NZ_NCXP01000062.1,12268,5225940,114,M.decipiens
GCF_002104675.1,NZ_NCXP01000063.1,11685,5225940,114,M.decipiens
GCF_002104675.1,NZ_NCXP01000064.1,11037,5225940,114,M.decipiens
GCF_002104675.1,NZ_NCXP01000065.1,10760,5225940,114,M.decipiens
GCF_002104675.1,NZ_NCXP01000066.1,7457,5225940,114,M.decipiens
GCF_002104675.1,NZ_NCXP01000067.1,6517,5225940,114,M.decipiens
GCF_002104675.1,NZ_NCXP01000068.1,5925,5225940,114,M.decipiens
GCF_002104675.1,NZ_NCXP01000069.1,5361,5225940,114,M.decipiens
GCF_002104675.1,NZ_NCXP01000070.1,5076,5225940,114,M.decipiens
GCF_002104675.1,NZ_NCXP01000071.1,4926,5225940,114,M.decipiens
GCF_002104675.1,NZ_NCXP01000072.1,4280,5225940,114,M.decipiens
GCF_002104675.1,NZ_NCXP01000073.1,3846,5225940,114,M.decipiens
GCF_002104675.1,NZ_NCXP01000074.1,3834,5225940,114,M.decipiens
GCF_002104675.1,NZ_NCXP01000075.1,3293,5225940,114,M.decipiens
GCF_002104675.1,NZ_NCXP01000076.1,3005,5225940,114,M.decipiens
GCF_002104675.1,NZ_NCXP01000077.1,2780,5225940,114,M.decipiens
GCF_002104675.1,NZ_NCXP01000078.1,2236,5225940,114,M.decipiens
GCF_002104675.1,NZ_NCXP01000079.1,2035,5225940,114,M.decipiens
GCF_002104675.1,NZ_NCXP01000080.1,1775,5225940,114,M.decipiens
GCF_002104675.1,NZ_NCXP01000081.1,1662,5225940,114,M.decipiens
GCF_002104675.1,NZ_NCXP01000082.1,1634,5225940,114,M.decipiens
GCF_002104675.1,NZ_NCXP01000083.1,1599,5225940,114,M.decipiens
GCF_002104675.1,NZ_NCXP01000084.1,1583,5225940,114,M.decipiens
GCF_002104675.1,NZ_NCXP01000085.1,1555,5225940,114,M.decipiens
GCF_002104675.1,NZ_NCXP01000086.1,1392,5225940,114,M.decipiens
GCF_002104675.1,NZ_NCXP01000087.1,1364,5225940,114,M.decipiens
GCF_002104675.1,NZ_NCXP01000088.1,1343,5225940,114,M.decipiens
GCF_002104675.1,NZ_NCXP01000089.1,1252,5225940,114,M.decipiens
GCF_002104675.1,NZ_NCXP01000090.1,1218,5225940,114,M.decipiens
GCF_002104675.1,NZ_NCXP01000091.1,1211,5225940,114,M.decipiens
GCF_002104675.1,NZ_NCXP01000092.1,1197,5225940,114,M.decipiens
GCF_002104675.1,NZ_NCXP01000093.1,1159,5225940,114,M.decipiens
GCF_002104675.1,NZ_NCXP01000094.1,1027,5225940,114,M.decipiens
GCF_002104675.1,NZ_NCXP01000095.1,1021,5225940,114,M.decipiens
GCF_002104675.1,NZ_NCXP01000096.1,1010,5225940,114,M.decipiens
GCF_002104675.1,NZ_NCXP01000097.1,986,5225940,114,M.decipiens
GCF_002104675.1,NZ_NCXP01000098.1,946,5225940,114,M.decipiens
GCF_002104675.1,NZ_NCXP01000099.1,915,5225940,114,M.decipiens
GCF_002104675.1,NZ_NCXP01000100.1,894,5225940,114,M.decipiens
GCF_002104675.1,NZ_NCXP01000101.1,863,5225940,114,M.decipiens
GCF_002104675.1,NZ_NCXP01000102.1,851,5225940,114,M.decipiens
GCF_002104675.1,NZ_NCXP01000103.1,833,5225940,114,M.decipiens
GCF_002104675.1,NZ_NCXP01000104.1,807,5225940,114,M.decipiens
GCF_002104675.1,NZ_NCXP01000105.1,789,5225940,114,M.decipiens
GCF_002104675.1,NZ_NCXP01000106.1,757,5225940,114,M.decipiens
GCF_002104675.1,NZ_NCXP01000107.1,749,5225940,114,M.decipiens
GCF_002104675.1,NZ_NCXP01000108.1,704,5225940,114,M.decipiens
GCF_002104675.1,NZ_NCXP01000109.1,681,5225940,114,M.decipiens
GCF_002104675.1,NZ_NCXP01000110.1,647,5225940,114,M.decipiens
GCF_002104675.1,NZ_NCXP01000111.1,609,5225940,114,M.decipiens
GCF_002104675.1,NZ_NCXP01000112.1,596,5225940,114,M.decipiens
GCF_002104675.1,NZ_NCXP01000113.1,596,5225940,114,M.decipiens
GCF_002104675.1,NZ_NCXP01000114.1,593,5225940,114,M.decipiens
GCF_002104675.1,NZ_NCXP01000115.1,578,5225940,114,M.decipiens
GCF_002104675.1,NZ_NCXP01000116.1,572,5225940,114,M.decipiens
GCF_002104675.1,NZ_NCXP01000117.1,475,5225940,114,M.decipiens
GCF_002104675.1,NZ_NCXP01000118.1,458,5225940,114,M.decipiens
GCF_002104675.1,NZ_NCXP01000119.1,447,5225940,114,M.decipiens
GCF_002104675.1,NZ_NCXP01000120.1,446,5225940,114,M.decipiens
GCF_002104675.1,NZ_NCXP01000121.1,422,5225940,114,M.decipiens
GCF_002104675.1,NZ_NCXP01000122.1,420,5225940,114,M.decipiens
GCF_002104675.1,NZ_NCXP01000123.1,412,5225940,114,M.decipiens
GCF_002104675.1,NZ_NCXP01000124.1,409,5225940,114,M.decipiens
GCF_002104675.1,NZ_NCXP01000125.1,367,5225940,114,M.decipiens
GCF_002104675.1,NZ_NCXP01000126.1,362,5225940,114,M.decipiens
GCF_002104675.1,NZ_NCXP01000127.1,359,5225940,114,M.decipiens
GCF_002104675.1,NZ_NCXP01000128.1,351,5225940,114,M.decipiens
GCF_002104675.1,NZ_NCXP01000129.1,347,5225940,114,M.decipiens
GCF_002104675.1,NZ_NCXP01000130.1,330,5225940,114,M.decipiens
GCF_002104675.1,NZ_NCXP01000131.1,329,5225940,114,M.decipiens
GCF_002104675.1,NZ_NCXP01000132.1,327,5225940,114,M.decipiens
GCF_002104675.1,NZ_NCXP01000133.1,324,5225940,114,M.decipiens
GCF_002104675.1,NZ_NCXP01000134.1,322,5225940,114,M.decipiens
GCF_002104675.1,NZ_NCXP01000135.1,318,5225940,114,M.decipiens
GCF_002104675.1,NZ_NCXP01000136.1,317,5225940,114,M.decipiens
GCF_002104675.1,NZ_NCXP01000137.1,316,5225940,114,M.decipiens
GCF_002104675.1,NZ_NCXP01000138.1,278,5225940,114,M.decipiens
GCF_002104675.1,NZ_NCXP01000139.1,250,5225940,114,M.decipiens
GCF_002104675.1,NZ_NCXP01000140.1,234,5225940,114,M.decipiens
GCF_002104675.1,NZ_NCXP01000141.1,220,5225940,114,M.decipiens
GCF_002104675.1,NZ_NCXP01000142.1,202,5225940,114,M.decipiens
GCF_025345615.1,NZ_JAODWD010000001.1,1210185,5632578,118,M.deserti
GCF_025345615.1,NZ_JAODWD010000002.1,1055112,5632578,118,M.deserti
GCF_025345615.1,NZ_JAODWD010000003.1,1023639,5632578,118,M.deserti
GCF_025345615.1,NZ_JAODWD010000004.1,733157,5632578,118,M.deserti
GCF_025345615.1,NZ_JAODWD010000005.1,597416,5632578,118,M.deserti
GCF_025345615.1,NZ_JAODWD010000006.1,544409,5632578,118,M.deserti
GCF_025345615.1,NZ_JAODWD010000007.1,344069,5632578,118,M.deserti
GCF_025345615.1,NZ_JAODWD010000008.1,114617,5632578,118,M.deserti
GCF_025345615.1,NZ_JAODWD010000009.1,5422,5632578,118,M.deserti
GCF_025345615.1,NZ_JAODWD010000010.1,1944,5632578,118,M.deserti
GCF_025345615.1,NZ_JAODWD010000011.1,801,5632578,118,M.deserti
GCF_025345615.1,NZ_JAODWD010000012.1,784,5632578,118,M.deserti
GCF_025345615.1,NZ_JAODWD010000013.1,512,5632578,118,M.deserti
GCF_025345615.1,NZ_JAODWD010000014.1,511,5632578,118,M.deserti
GCF_019456655.1,NZ_CP080332.1,5998503,5998503,200,M.diernhoferi
GCF_002157835.1,NZ_CP020809.1,7595921,7595921,93,M.dioxanotrophicus
GCF_010728155.1,NZ_AP022605.1,4029398,4029398,173,M.doricum
GCF_010726645.1,NZ_AP022563.1,5657388,5657388,92,M.duvalii
GCF_001667535.1,NZ_LZHS01000001.1,17760,5223216,89,M.elephantis
GCF_001667535.1,NZ_LZHS01000002.1,63136,5223216,89,M.elephantis
GCF_001667535.1,NZ_LZHS01000003.1,17764,5223216,89,M.elephantis
GCF_001667535.1,NZ_LZHS01000004.1,32125,5223216,89,M.elephantis
GCF_001667535.1,NZ_LZHS01000005.1,115867,5223216,89,M.elephantis
GCF_001667535.1,NZ_LZHS01000006.1,1461,5223216,89,M.elephantis
GCF_001667535.1,NZ_LZHS01000007.1,32628,5223216,89,M.elephantis
GCF_001667535.1,NZ_LZHS01000008.1,67546,5223216,89,M.elephantis
GCF_001667535.1,NZ_LZHS01000009.1,21673,5223216,89,M.elephantis
GCF_001667535.1,NZ_LZHS01000010.1,11975,5223216,89,M.elephantis
GCF_001667535.1,NZ_LZHS01000011.1,172704,5223216,89,M.elephantis
GCF_001667535.1,NZ_LZHS01000012.1,221040,5223216,89,M.elephantis
GCF_001667535.1,NZ_LZHS01000013.1,21454,5223216,89,M.elephantis
GCF_001667535.1,NZ_LZHS01000014.1,426360,5223216,89,M.elephantis
GCF_001667535.1,NZ_LZHS01000015.1,1296,5223216,89,M.elephantis
GCF_001667535.1,NZ_LZHS01000016.1,114128,5223216,89,M.elephantis
GCF_001667535.1,NZ_LZHS01000017.1,89678,5223216,89,M.elephantis
GCF_001667535.1,NZ_LZHS01000018.1,5399,5223216,89,M.elephantis
GCF_001667535.1,NZ_LZHS01000019.1,19241,5223216,89,M.elephantis
GCF_001667535.1,NZ_LZHS01000020.1,189651,5223216,89,M.elephantis
GCF_001667535.1,NZ_LZHS01000021.1,123179,5223216,89,M.elephantis
GCF_001667535.1,NZ_LZHS01000022.1,129280,5223216,89,M.elephantis
GCF_001667535.1,NZ_LZHS01000023.1,898,5223216,89,M.elephantis
GCF_001667535.1,NZ_LZHS01000024.1,115990,5223216,89,M.elephantis
GCF_001667535.1,NZ_LZHS01000025.1,207960,5223216,89,M.elephantis
GCF_001667535.1,NZ_LZHS01000026.1,1423,5223216,89,M.elephantis
GCF_001667535.1,NZ_LZHS01000027.1,127778,5223216,89,M.elephantis
GCF_001667535.1,NZ_LZHS01000028.1,277038,5223216,89,M.elephantis
GCF_001667535.1,NZ_LZHS01000029.1,1458,5223216,89,M.elephantis
GCF_001667535.1,NZ_LZHS01000030.1,186995,5223216,89,M.elephantis
GCF_001667535.1,NZ_LZHS01000031.1,57412,5223216,89,M.elephantis
GCF_001667535.1,NZ_LZHS01000032.1,19885,5223216,89,M.elephantis
GCF_001667535.1,NZ_LZHS01000033.1,32374,5223216,89,M.elephantis
GCF_001667535.1,NZ_LZHS01000034.1,272374,5223216,89,M.elephantis
GCF_001667535.1,NZ_LZHS01000035.1,198773,5223216,89,M.elephantis
GCF_001667535.1,NZ_LZHS01000036.1,136873,5223216,89,M.elephantis
GCF_001667535.1,NZ_LZHS01000037.1,16111,5223216,89,M.elephantis
GCF_001667535.1,NZ_LZHS01000038.1,12504,5223216,89,M.elephantis
GCF_001667535.1,NZ_LZHS01000039.1,1656,5223216,89,M.elephantis
GCF_001667535.1,NZ_LZHS01000040.1,40023,5223216,89,M.elephantis
GCF_001667535.1,NZ_LZHS01000041.1,92574,5223216,89,M.elephantis
GCF_001667535.1,NZ_LZHS01000042.1,88341,5223216,89,M.elephantis
GCF_001667535.1,NZ_LZHS01000043.1,180958,5223216,89,M.elephantis
GCF_001667535.1,NZ_LZHS01000044.1,388993,5223216,89,M.elephantis
GCF_001667535.1,NZ_LZHS01000045.1,660710,5223216,89,M.elephantis
GCF_001667535.1,NZ_LZHS01000046.1,88841,5223216,89,M.elephantis
GCF_001667535.1,NZ_LZHS01000047.1,1310,5223216,89,M.elephantis
GCF_001667535.1,NZ_LZHS01000048.1,118619,5223216,89,M.elephantis
GCF_002101585.1,NZ_LQOT01000001.1,11098,4521435,156,M.engbaekii
GCF_002101585.1,NZ_LQOT01000002.1,5294,4521435,156,M.engbaekii
GCF_002101585.1,NZ_LQOT01000003.1,1252,4521435,156,M.engbaekii
GCF_002101585.1,NZ_LQOT01000004.1,101759,4521435,156,M.engbaekii
GCF_002101585.1,NZ_LQOT01000005.1,43406,4521435,156,M.engbaekii
GCF_002101585.1,NZ_LQOT01000006.1,18553,4521435,156,M.engbaekii
GCF_002101585.1,NZ_LQOT01000007.1,58058,4521435,156,M.engbaekii
GCF_002101585.1,NZ_LQOT01000008.1,95844,4521435,156,M.engbaekii
GCF_002101585.1,NZ_LQOT01000009.1,63156,4521435,156,M.engbaekii
GCF_002101585.1,NZ_LQOT01000010.1,70013,4521435,156,M.engbaekii
GCF_002101585.1,NZ_LQOT01000011.1,77002,4521435,156,M.engbaekii
GCF_002101585.1,NZ_LQOT01000012.1,87302,4521435,156,M.engbaekii
GCF_002101585.1,NZ_LQOT01000013.1,1330,4521435,156,M.engbaekii
GCF_002101585.1,NZ_LQOT01000014.1,94924,4521435,156,M.engbaekii
GCF_002101585.1,NZ_LQOT01000015.1,23999,4521435,156,M.engbaekii
GCF_002101585.1,NZ_LQOT01000016.1,145146,4521435,156,M.engbaekii
GCF_002101585.1,NZ_LQOT01000017.1,74895,4521435,156,M.engbaekii
GCF_002101585.1,NZ_LQOT01000018.1,88897,4521435,156,M.engbaekii
GCF_002101585.1,NZ_LQOT01000019.1,127914,4521435,156,M.engbaekii
GCF_002101585.1,NZ_LQOT01000020.1,1567,4521435,156,M.engbaekii
GCF_002101585.1,NZ_LQOT01000021.1,114788,4521435,156,M.engbaekii
GCF_002101585.1,NZ_LQOT01000022.1,9918,4521435,156,M.engbaekii
GCF_002101585.1,NZ_LQOT01000023.1,14929,4521435,156,M.engbaekii
GCF_002101585.1,NZ_LQOT01000024.1,217952,4521435,156,M.engbaekii
GCF_002101585.1,NZ_LQOT01000025.1,132590,4521435,156,M.engbaekii
GCF_002101585.1,NZ_LQOT01000026.1,20343,4521435,156,M.engbaekii
GCF_002101585.1,NZ_LQOT01000027.1,11797,4521435,156,M.engbaekii
GCF_002101585.1,NZ_LQOT01000028.1,23592,4521435,156,M.engbaekii
GCF_002101585.1,NZ_LQOT01000029.1,11905,4521435,156,M.engbaekii
GCF_002101585.1,NZ_LQOT01000030.1,94418,4521435,156,M.engbaekii
GCF_002101585.1,NZ_LQOT01000031.1,202228,4521435,156,M.engbaekii
GCF_002101585.1,NZ_LQOT01000032.1,53426,4521435,156,M.engbaekii
GCF_002101585.1,NZ_LQOT01000033.1,102491,4521435,156,M.engbaekii
GCF_002101585.1,NZ_LQOT01000034.1,35493,4521435,156,M.engbaekii
GCF_002101585.1,NZ_LQOT01000035.1,193523,4521435,156,M.engbaekii
GCF_002101585.1,NZ_LQOT01000036.1,1471,4521435,156,M.engbaekii
GCF_002101585.1,NZ_LQOT01000037.1,8749,4521435,156,M.engbaekii
GCF_002101585.1,NZ_LQOT01000038.1,2581,4521435,156,M.engbaekii
GCF_002101585.1,NZ_LQOT01000039.1,53477,4521435,156,M.engbaekii
GCF_002101585.1,NZ_LQOT01000040.1,143547,4521435,156,M.engbaekii
GCF_002101585.1,NZ_LQOT01000041.1,174564,4521435,156,M.engbaekii
GCF_002101585.1,NZ_LQOT01000042.1,142528,4521435,156,M.engbaekii
GCF_002101585.1,NZ_LQOT01000043.1,105775,4521435,156,M.engbaekii
GCF_002101585.1,NZ_LQOT01000044.1,108962,4521435,156,M.engbaekii
GCF_002101585.1,NZ_LQOT01000045.1,1428,4521435,156,M.engbaekii
GCF_002101585.1,NZ_LQOT01000046.1,43847,4521435,156,M.engbaekii
GCF_002101585.1,NZ_LQOT01000047.1,20262,4521435,156,M.engbaekii
GCF_002101585.1,NZ_LQOT01000048.1,6770,4521435,156,M.engbaekii
GCF_002101585.1,NZ_LQOT01000049.1,7772,4521435,156,M.engbaekii
GCF_002101585.1,NZ_LQOT01000050.1,5469,4521435,156,M.engbaekii
GCF_002101585.1,NZ_LQOT01000051.1,4019,4521435,156,M.engbaekii
GCF_002101585.1,NZ_LQOT01000052.1,3804,4521435,156,M.engbaekii
GCF_002101585.1,NZ_LQOT01000053.1,2927,4521435,156,M.engbaekii
GCF_002101585.1,NZ_LQOT01000054.1,2322,4521435,156,M.engbaekii
GCF_002101585.1,NZ_LQOT01000055.1,1709,4521435,156,M.engbaekii
GCF_002101585.1,NZ_LQOT01000056.1,20793,4521435,156,M.engbaekii
GCF_002101585.1,NZ_LQOT01000057.1,77757,4521435,156,M.engbaekii
GCF_002101585.1,NZ_LQOT01000058.1,1565,4521435,156,M.engbaekii
GCF_002101585.1,NZ_LQOT01000059.1,1311,4521435,156,M.engbaekii
GCF_002101585.1,NZ_LQOT01000060.1,207182,4521435,156,M.engbaekii
GCF_002101585.1,NZ_LQOT01000061.1,2016,4521435,156,M.engbaekii
GCF_002101585.1,NZ_LQOT01000062.1,1274,4521435,156,M.engbaekii
GCF_002101585.1,NZ_LQOT01000063.1,18669,4521435,156,M.engbaekii
GCF_002101585.1,NZ_LQOT01000064.1,1258,4521435,156,M.engbaekii
GCF_002101585.1,NZ_LQOT01000065.1,3597,4521435,156,M.engbaekii
GCF_002101585.1,NZ_LQOT01000066.1,2643,4521435,156,M.engbaekii
GCF_002101585.1,NZ_LQOT01000067.1,15369,4521435,156,M.engbaekii
GCF_002101585.1,NZ_LQOT01000068.1,1137,4521435,156,M.engbaekii
GCF_002101585.1,NZ_LQOT01000069.1,355874,4521435,156,M.engbaekii
GCF_002101585.1,NZ_LQOT01000070.1,33672,4521435,156,M.engbaekii
GCF_002101585.1,NZ_LQOT01000071.1,1028,4521435,156,M.engbaekii
GCF_002101585.1,NZ_LQOT01000072.1,1467,4521435,156,M.engbaekii
GCF_002101585.1,NZ_LQOT01000073.1,142223,4521435,156,M.engbaekii
GCF_002101585.1,NZ_LQOT01000074.1,8873,4521435,156,M.engbaekii
GCF_002101585.1,NZ_LQOT01000075.1,23436,4521435,156,M.engbaekii
GCF_002101585.1,NZ_LQOT01000076.1,286504,4521435,156,M.engbaekii
GCF_002101585.1,NZ_LQOT01000077.1,2402,4521435,156,M.engbaekii
GCF_002101585.1,NZ_LQOT01000078.1,2420,4521435,156,M.engbaekii
GCF_002101585.1,NZ_LQOT01000079.1,36180,4521435,156,M.engbaekii
GCF_034555895.2,NZ_CP157315.1,5804834,5804834,71,M.europaeum
GCF_010726955.1,NZ_AP022603.1,4156821,4156821,24,M.fallax
GCF_019739075.1,NZ_CP081673.1,6344228,6344228,7,M.farcinogenes
GCF_025822705.1,NZ_JACKUL010000001.1,324,5973602,94,M.flavescens
GCF_025822705.1,NZ_JACKUL010000002.1,253,5973602,94,M.flavescens
GCF_025822705.1,NZ_JACKUL010000003.1,508,5973602,94,M.flavescens
GCF_025822705.1,NZ_JACKUL010000004.1,1090,5973602,94,M.flavescens
GCF_025822705.1,NZ_JACKUL010000005.1,373,5973602,94,M.flavescens
GCF_025822705.1,NZ_JACKUL010000006.1,17168,5973602,94,M.flavescens
GCF_025822705.1,NZ_JACKUL010000007.1,13664,5973602,94,M.flavescens
GCF_025822705.1,NZ_JACKUL010000008.1,232585,5973602,94,M.flavescens
GCF_025822705.1,NZ_JACKUL010000009.1,187260,5973602,94,M.flavescens
GCF_025822705.1,NZ_JACKUL010000010.1,188348,5973602,94,M.flavescens
GCF_025822705.1,NZ_JACKUL010000011.1,205,5973602,94,M.flavescens
GCF_025822705.1,NZ_JACKUL010000012.1,205144,5973602,94,M.flavescens
GCF_025822705.1,NZ_JACKUL010000013.1,11527,5973602,94,M.flavescens
GCF_025822705.1,NZ_JACKUL010000014.1,287748,5973602,94,M.flavescens
GCF_025822705.1,NZ_JACKUL010000015.1,114412,5973602,94,M.flavescens
GCF_025822705.1,NZ_JACKUL010000016.1,11692,5973602,94,M.flavescens
GCF_025822705.1,NZ_JACKUL010000017.1,348,5973602,94,M.flavescens
GCF_025822705.1,NZ_JACKUL010000018.1,222398,5973602,94,M.flavescens
GCF_025822705.1,NZ_JACKUL010000019.1,475,5973602,94,M.flavescens
GCF_025822705.1,NZ_JACKUL010000020.1,1062037,5973602,94,M.flavescens
GCF_025822705.1,NZ_JACKUL010000021.1,374,5973602,94,M.flavescens
GCF_025822705.1,NZ_JACKUL010000022.1,253009,5973602,94,M.flavescens
GCF_025822705.1,NZ_JACKUL010000023.1,175907,5973602,94,M.flavescens
GCF_025822705.1,NZ_JACKUL010000024.1,635902,5973602,94,M.flavescens
GCF_025822705.1,NZ_JACKUL010000025.1,177000,5973602,94,M.flavescens
GCF_025822705.1,NZ_JACKUL010000026.1,685976,5973602,94,M.flavescens
GCF_025822705.1,NZ_JACKUL010000027.1,17796,5973602,94,M.flavescens
GCF_025822705.1,NZ_JACKUL010000028.1,126790,5973602,94,M.flavescens
GCF_025822705.1,NZ_JACKUL010000029.1,158866,5973602,94,M.flavescens
GCF_025822705.1,NZ_JACKUL010000030.1,178300,5973602,94,M.flavescens
GCF_025822705.1,NZ_JACKUL010000031.1,179096,5973602,94,M.flavescens
GCF_025822705.1,NZ_JACKUL010000032.1,53462,5973602,94,M.flavescens
GCF_025822705.1,NZ_JACKUL010000033.1,96645,5973602,94,M.flavescens
GCF_025822705.1,NZ_JACKUL010000034.1,7689,5973602,94,M.flavescens
GCF_025822705.1,NZ_JACKUL010000035.1,88480,5973602,94,M.flavescens
GCF_025822705.1,NZ_JACKUL010000036.1,179931,5973602,94,M.flavescens
GCF_025822705.1,NZ_JACKUL010000037.1,24988,5973602,94,M.flavescens
GCF_025822705.1,NZ_JACKUL010000038.1,186687,5973602,94,M.flavescens
GCF_025822705.1,NZ_JACKUL010000039.1,69522,5973602,94,M.flavescens
GCF_025822705.1,NZ_JACKUL010000040.1,61293,5973602,94,M.flavescens
GCF_025822705.1,NZ_JACKUL010000041.1,248,5973602,94,M.flavescens
GCF_025822705.1,NZ_JACKUL010000042.1,211,5973602,94,M.flavescens
GCF_025822705.1,NZ_JACKUL010000043.1,5746,5973602,94,M.flavescens
GCF_025822705.1,NZ_JACKUL010000044.1,1583,5973602,94,M.flavescens
GCF_025822705.1,NZ_JACKUL010000045.1,2856,5973602,94,M.flavescens
GCF_025822705.1,NZ_JACKUL010000046.1,3872,5973602,94,M.flavescens
GCF_025822705.1,NZ_JACKUL010000047.1,43814,5973602,94,M.flavescens
GCF_010730355.1,NZ_AP022576.1,6219859,6219859,43,M.florentinum
GCF_014295435.1,NZ_CP059894.1,6837082,6837082,8,M.fluoranthenivorans
GCF_022179545.1,NZ_AP025518.1,6406072,6406072,47,M.fortuitum
GCF_019050325.1,NZ_VOMB01000001.1,103704,5490222,32,M.fortunisiensis
GCF_019050325.1,NZ_VOMB01000002.1,476829,5490222,32,M.fortunisiensis
GCF_019050325.1,NZ_VOMB01000003.1,47352,5490222,32,M.fortunisiensis
GCF_019050325.1,NZ_VOMB01000004.1,171935,5490222,32,M.fortunisiensis
GCF_019050325.1,NZ_VOMB01000005.1,196841,5490222,32,M.fortunisiensis
GCF_019050325.1,NZ_VOMB01000006.1,278245,5490222,32,M.fortunisiensis
GCF_019050325.1,NZ_VOMB01000007.1,7061,5490222,32,M.fortunisiensis
GCF_019050325.1,NZ_VOMB01000008.1,54509,5490222,32,M.fortunisiensis
GCF_019050325.1,NZ_VOMB01000009.1,138997,5490222,32,M.fortunisiensis
GCF_019050325.1,NZ_VOMB01000010.1,338742,5490222,32,M.fortunisiensis
GCF_019050325.1,NZ_VOMB01000011.1,44432,5490222,32,M.fortunisiensis
GCF_019050325.1,NZ_VOMB01000012.1,168975,5490222,32,M.fortunisiensis
GCF_019050325.1,NZ_VOMB01000013.1,59636,5490222,32,M.fortunisiensis
GCF_019050325.1,NZ_VOMB01000014.1,104238,5490222,32,M.fortunisiensis
GCF_019050325.1,NZ_VOMB01000015.1,20274,5490222,32,M.fortunisiensis
GCF_019050325.1,NZ_VOMB01000016.1,851167,5490222,32,M.fortunisiensis
GCF_019050325.1,NZ_VOMB01000017.1,103464,5490222,32,M.fortunisiensis
GCF_019050325.1,NZ_VOMB01000018.1,56912,5490222,32,M.fortunisiensis
GCF_019050325.1,NZ_VOMB01000019.1,186119,5490222,32,M.fortunisiensis
GCF_019050325.1,NZ_VOMB01000020.1,552496,5490222,32,M.fortunisiensis
GCF_019050325.1,NZ_VOMB01000021.1,267724,5490222,32,M.fortunisiensis
GCF_019050325.1,NZ_VOMB01000022.1,90244,5490222,32,M.fortunisiensis
GCF_019050325.1,NZ_VOMB01000023.1,382371,5490222,32,M.fortunisiensis
GCF_019050325.1,NZ_VOMB01000024.1,209604,5490222,32,M.fortunisiensis
GCF_019050325.1,NZ_VOMB01000025.1,49366,5490222,32,M.fortunisiensis
GCF_019050325.1,NZ_VOMB01000026.1,137998,5490222,32,M.fortunisiensis
GCF_019050325.1,NZ_VOMB01000027.1,363149,5490222,32,M.fortunisiensis
GCF_019050325.1,NZ_VOMB01000028.1,27838,5490222,32,M.fortunisiensis
GCF_002102185.1,NZ_LQOW01000001.1,1073,4731047,212,M.fragae
GCF_002102185.1,NZ_LQOW01000002.1,146125,4731047,212,M.fragae
GCF_002102185.1,NZ_LQOW01000003.1,317998,4731047,212,M.fragae
GCF_002102185.1,NZ_LQOW01000004.1,86395,4731047,212,M.fragae
GCF_002102185.1,NZ_LQOW01000005.1,249438,4731047,212,M.fragae
GCF_002102185.1,NZ_LQOW01000006.1,284076,4731047,212,M.fragae
GCF_002102185.1,NZ_LQOW01000007.1,12205,4731047,212,M.fragae
GCF_002102185.1,NZ_LQOW01000008.1,154438,4731047,212,M.fragae
GCF_002102185.1,NZ_LQOW01000009.1,3177,4731047,212,M.fragae
GCF_002102185.1,NZ_LQOW01000010.1,68967,4731047,212,M.fragae
GCF_002102185.1,NZ_LQOW01000011.1,3992,4731047,212,M.fragae
GCF_002102185.1,NZ_LQOW01000012.1,3220,4731047,212,M.fragae
GCF_002102185.1,NZ_LQOW01000013.1,5928,4731047,212,M.fragae
GCF_002102185.1,NZ_LQOW01000014.1,272791,4731047,212,M.fragae
GCF_002102185.1,NZ_LQOW01000015.1,27807,4731047,212,M.fragae
GCF_002102185.1,NZ_LQOW01000016.1,249023,4731047,212,M.fragae
GCF_002102185.1,NZ_LQOW01000017.1,55649,4731047,212,M.fragae
GCF_002102185.1,NZ_LQOW01000018.1,91677,4731047,212,M.fragae
GCF_002102185.1,NZ_LQOW01000019.1,3599,4731047,212,M.fragae
GCF_002102185.1,NZ_LQOW01000020.1,87633,4731047,212,M.fragae
GCF_002102185.1,NZ_LQOW01000021.1,44833,4731047,212,M.fragae
GCF_002102185.1,NZ_LQOW01000022.1,60559,4731047,212,M.fragae
GCF_002102185.1,NZ_LQOW01000023.1,5233,4731047,212,M.fragae
GCF_002102185.1,NZ_LQOW01000024.1,433963,4731047,212,M.fragae
GCF_002102185.1,NZ_LQOW01000025.1,235548,4731047,212,M.fragae
GCF_002102185.1,NZ_LQOW01000026.1,378137,4731047,212,M.fragae
GCF_002102185.1,NZ_LQOW01000027.1,109529,4731047,212,M.fragae
GCF_002102185.1,NZ_LQOW01000028.1,347090,4731047,212,M.fragae
GCF_002102185.1,NZ_LQOW01000029.1,1245,4731047,212,M.fragae
GCF_002102185.1,NZ_LQOW01000030.1,20614,4731047,212,M.fragae
GCF_002102185.1,NZ_LQOW01000031.1,737341,4731047,212,M.fragae
GCF_002102185.1,NZ_LQOW01000032.1,1766,4731047,212,M.fragae
GCF_002102185.1,NZ_LQOW01000033.1,70605,4731047,212,M.fragae
GCF_002102185.1,NZ_LQOW01000034.1,158038,4731047,212,M.fragae
GCF_002102185.1,NZ_LQOW01000035.1,1335,4731047,212,M.fragae
GCF_001853795.1,NZ_MLIK01000001.1,461,5023635,97,M.franklinii
GCF_001853795.1,NZ_MLIK01000002.1,1329,5023635,97,M.franklinii
GCF_001853795.1,NZ_MLIK01000003.1,91717,5023635,97,M.franklinii
GCF_001853795.1,NZ_MLIK01000004.1,1263333,5023635,97,M.franklinii
GCF_001853795.1,NZ_MLIK01000005.1,468,5023635,97,M.franklinii
GCF_001853795.1,NZ_MLIK01000006.1,466,5023635,97,M.franklinii
GCF_001853795.1,NZ_MLIK01000007.1,604,5023635,97,M.franklinii
GCF_001853795.1,NZ_MLIK01000008.1,88819,5023635,97,M.franklinii
GCF_001853795.1,NZ_MLIK01000009.1,558,5023635,97,M.franklinii
GCF_001853795.1,NZ_MLIK01000010.1,432,5023635,97,M.franklinii
GCF_001853795.1,NZ_MLIK01000011.1,429,5023635,97,M.franklinii
GCF_001853795.1,NZ_MLIK01000012.1,499,5023635,97,M.franklinii
GCF_001853795.1,NZ_MLIK01000013.1,450,5023635,97,M.franklinii
GCF_001853795.1,NZ_MLIK01000014.1,536,5023635,97,M.franklinii
GCF_001853795.1,NZ_MLIK01000015.1,460,5023635,97,M.franklinii
GCF_001853795.1,NZ_MLIK01000016.1,466,5023635,97,M.franklinii
GCF_001853795.1,NZ_MLIK01000017.1,448,5023635,97,M.franklinii
GCF_001853795.1,NZ_MLIK01000018.1,173115,5023635,97,M.franklinii
GCF_001853795.1,NZ_MLIK01000019.1,2450046,5023635,97,M.franklinii
GCF_001853795.1,NZ_MLIK01000020.1,452,5023635,97,M.franklinii
GCF_001853795.1,NZ_MLIK01000021.1,1349,5023635,97,M.franklinii
GCF_001853795.1,NZ_MLIK01000022.1,445,5023635,97,M.franklinii
GCF_001853795.1,NZ_MLIK01000023.1,458,5023635,97,M.franklinii
GCF_001853795.1,NZ_MLIK01000024.1,746676,5023635,97,M.franklinii
GCF_001853795.1,NZ_MLIK01000025.1,446,5023635,97,M.franklinii
GCF_001853795.1,NZ_MLIK01000026.1,452,5023635,97,M.franklinii
GCF_001853795.1,NZ_MLIK01000027.1,198269,5023635,97,M.franklinii
GCF_001853795.1,NZ_MLIK01000028.1,452,5023635,97,M.franklinii
GCF_012223425.1,NZ_CP038799.1,6086872,6086872,73,M.frederiksbergense
GCF_010728925.1,NZ_AP022608.1,5964999,5964999,39,M.gadium
GCF_010726765.1,NZ_AP022601.1,6090007,6090007,162,M.gallinarum
GCF_002102175.1,NZ_LQOX01000001.1,6961,5816659,62,M.gastri
GCF_002102175.1,NZ_LQOX01000002.1,15568,5816659,62,M.gastri
GCF_002102175.1,NZ_LQOX01000003.1,139442,5816659,62,M.gastri
GCF_002102175.1,NZ_LQOX01000004.1,48630,5816659,62,M.gastri
GCF_002102175.1,NZ_LQOX01000005.1,1180,5816659,62,M.gastri
GCF_002102175.1,NZ_LQOX01000006.1,139485,5816659,62,M.gastri
GCF_002102175.1,NZ_LQOX01000007.1,9463,5816659,62,M.gastri
GCF_002102175.1,NZ_LQOX01000008.1,17241,5816659,62,M.gastri
GCF_002102175.1,NZ_LQOX01000009.1,37909,5816659,62,M.gastri
GCF_002102175.1,NZ_LQOX01000010.1,96489,5816659,62,M.gastri
GCF_002102175.1,NZ_LQOX01000011.1,1402,5816659,62,M.gastri
GCF_002102175.1,NZ_LQOX01000012.1,1234,5816659,62,M.gastri
GCF_002102175.1,NZ_LQOX01000013.1,1930,5816659,62,M.gastri
GCF_002102175.1,NZ_LQOX01000014.1,6353,5816659,62,M.gastri
GCF_002102175.1,NZ_LQOX01000015.1,5256,5816659,62,M.gastri
GCF_002102175.1,NZ_LQOX01000016.1,4782,5816659,62,M.gastri
GCF_002102175.1,NZ_LQOX01000017.1,4547,5816659,62,M.gastri
GCF_002102175.1,NZ_LQOX01000018.1,4462,5816659,62,M.gastri
GCF_002102175.1,NZ_LQOX01000019.1,4204,5816659,62,M.gastri
GCF_002102175.1,NZ_LQOX01000020.1,3808,5816659,62,M.gastri
GCF_002102175.1,NZ_LQOX01000021.1,3416,5816659,62,M.gastri
GCF_002102175.1,NZ_LQOX01000022.1,2957,5816659,62,M.gastri
GCF_002102175.1,NZ_LQOX01000023.1,2930,5816659,62,M.gastri
GCF_002102175.1,NZ_LQOX01000024.1,16869,5816659,62,M.gastri
GCF_002102175.1,NZ_LQOX01000025.1,2658,5816659,62,M.gastri
GCF_002102175.1,NZ_LQOX01000026.1,2536,5816659,62,M.gastri
GCF_002102175.1,NZ_LQOX01000027.1,2059,5816659,62,M.gastri
GCF_002102175.1,NZ_LQOX01000028.1,1906,5816659,62,M.gastri
GCF_002102175.1,NZ_LQOX01000029.1,1883,5816659,62,M.gastri
GCF_002102175.1,NZ_LQOX01000030.1,1756,5816659,62,M.gastri
GCF_002102175.1,NZ_LQOX01000031.1,1650,5816659,62,M.gastri
GCF_002102175.1,NZ_LQOX01000032.1,5788,5816659,62,M.gastri
GCF_002102175.1,NZ_LQOX01000033.1,1567,5816659,62,M.gastri
GCF_002102175.1,NZ_LQOX01000034.1,1546,5816659,62,M.gastri
GCF_002102175.1,NZ_LQOX01000035.1,14669,5816659,62,M.gastri
GCF_002102175.1,NZ_LQOX01000036.1,1444,5816659,62,M.gastri
GCF_002102175.1,NZ_LQOX01000037.1,1059,5816659,62,M.gastri
GCF_002102175.1,NZ_LQOX01000038.1,1338,5816659,62,M.gastri
GCF_002102175.1,NZ_LQOX01000039.1,1296,5816659,62,M.gastri
GCF_002102175.1,NZ_LQOX01000040.1,3905,5816659,62,M.gastri
GCF_002102175.1,NZ_LQOX01000041.1,69580,5816659,62,M.gastri
GCF_002102175.1,NZ_LQOX01000042.1,1247,5816659,62,M.gastri
GCF_002102175.1,NZ_LQOX01000043.1,1217,5816659,62,M.gastri
GCF_002102175.1,NZ_LQOX01000044.1,1148,5816659,62,M.gastri
GCF_002102175.1,NZ_LQOX01000045.1,1006,5816659,62,M.gastri
GCF_002102175.1,NZ_LQOX01000046.1,19117,5816659,62,M.gastri
GCF_002102175.1,NZ_LQOX01000047.1,24685,5816659,62,M.gastri
GCF_002102175.1,NZ_LQOX01000048.1,50875,5816659,62,M.gastri
GCF_002102175.1,NZ_LQOX01000049.1,25912,5816659,62,M.gastri
GCF_002102175.1,NZ_LQOX01000050.1,21492,5816659,62,M.gastri
GCF_002102175.1,NZ_LQOX01000051.1,1605,5816659,62,M.gastri
GCF_002102175.1,NZ_LQOX01000052.1,13915,5816659,62,M.gastri
GCF_002102175.1,NZ_LQOX01000053.1,1373,5816659,62,M.gastri
GCF_002102175.1,NZ_LQOX01000054.1,1135,5816659,62,M.gastri
GCF_002102175.1,NZ_LQOX01000055.1,238130,5816659,62,M.gastri
GCF_002102175.1,NZ_LQOX01000056.1,58952,5816659,62,M.gastri
GCF_002102175.1,NZ_LQOX01000057.1,2080,5816659,62,M.gastri
GCF_002102175.1,NZ_LQOX01000058.1,9707,5816659,62,M.gastri
GCF_002102175.1,NZ_LQOX01000059.1,6505,5816659,62,M.gastri
GCF_002102175.1,NZ_LQOX01000060.1,8882,5816659,62,M.gastri
GCF_002102175.1,NZ_LQOX01000061.1,25039,5816659,62,M.gastri
GCF_002102175.1,NZ_LQOX01000062.1,87430,5816659,62,M.gastri
GCF_002102175.1,NZ_LQOX01000063.1,19850,5816659,62,M.gastri
GCF_002102175.1,NZ_LQOX01000064.1,7270,5816659,62,M.gastri
GCF_002102175.1,NZ_LQOX01000065.1,3344,5816659,62,M.gastri
GCF_002102175.1,NZ_LQOX01000066.1,21917,5816659,62,M.gastri
GCF_002102175.1,NZ_LQOX01000067.1,8306,5816659,62,M.gastri
GCF_002102175.1,NZ_LQOX01000068.1,88293,5816659,62,M.gastri
GCF_002102175.1,NZ_LQOX01000069.1,9675,5816659,62,M.gastri
GCF_002102175.1,NZ_LQOX01000070.1,23573,5816659,62,M.gastri
GCF_002102175.1,NZ_LQOX01000071.1,25017,5816659,62,M.gastri
GCF_002102175.1,NZ_LQOX01000072.1,14478,5816659,62,M.gastri
GCF_002102175.1,NZ_LQOX01000073.1,25058,5816659,62,M.gastri
GCF_002102175.1,NZ_LQOX01000074.1,25458,5816659,62,M.gastri
GCF_002102175.1,NZ_LQOX01000075.1,8036,5816659,62,M.gastri
GCF_002102175.1,NZ_LQOX01000076.1,26264,5816659,62,M.gastri
GCF_002102175.1,NZ_LQOX01000077.1,97228,5816659,62,M.gastri
GCF_002102175.1,NZ_LQOX01000078.1,26191,5816659,62,M.gastri
GCF_002102175.1,NZ_LQOX01000079.1,26774,5816659,62,M.gastri
GCF_002102175.1,NZ_LQOX01000080.1,37761,5816659,62,M.gastri
GCF_002102175.1,NZ_LQOX01000081.1,20583,5816659,62,M.gastri
GCF_002102175.1,NZ_LQOX01000082.1,82725,5816659,62,M.gastri
GCF_002102175.1,NZ_LQOX01000083.1,1622,5816659,62,M.gastri
GCF_002102175.1,NZ_LQOX01000084.1,1448,5816659,62,M.gastri
GCF_002102175.1,NZ_LQOX01000085.1,28577,5816659,62,M.gastri
GCF_002102175.1,NZ_LQOX01000086.1,29214,5816659,62,M.gastri
GCF_002102175.1,NZ_LQOX01000087.1,8251,5816659,62,M.gastri
GCF_002102175.1,NZ_LQOX01000088.1,1812,5816659,62,M.gastri
GCF_002102175.1,NZ_LQOX01000089.1,43047,5816659,62,M.gastri
GCF_002102175.1,NZ_LQOX01000090.1,31227,5816659,62,M.gastri
GCF_002102175.1,NZ_LQOX01000091.1,18365,5816659,62,M.gastri
GCF_002102175.1,NZ_LQOX01000092.1,31650,5816659,62,M.gastri
GCF_002102175.1,NZ_LQOX01000093.1,49686,5816659,62,M.gastri
GCF_002102175.1,NZ_LQOX01000094.1,11879,5816659,62,M.gastri
GCF_002102175.1,NZ_LQOX01000095.1,1747,5816659,62,M.gastri
GCF_002102175.1,NZ_LQOX01000096.1,101339,5816659,62,M.gastri
GCF_002102175.1,NZ_LQOX01000097.1,50223,5816659,62,M.gastri
GCF_002102175.1,NZ_LQOX01000098.1,9854,5816659,62,M.gastri
GCF_002102175.1,NZ_LQOX01000099.1,51296,5816659,62,M.gastri
GCF_002102175.1,NZ_LQOX01000100.1,85262,5816659,62,M.gastri
GCF_002102175.1,NZ_LQOX01000101.1,108665,5816659,62,M.gastri
GCF_002102175.1,NZ_LQOX01000102.1,7993,5816659,62,M.gastri
GCF_002102175.1,NZ_LQOX01000103.1,85112,5816659,62,M.gastri
GCF_002102175.1,NZ_LQOX01000104.1,1918,5816659,62,M.gastri
GCF_002102175.1,NZ_LQOX01000105.1,19629,5816659,62,M.gastri
GCF_002102175.1,NZ_LQOX01000106.1,132998,5816659,62,M.gastri
GCF_002102175.1,NZ_LQOX01000107.1,31713,5816659,62,M.gastri
GCF_002102175.1,NZ_LQOX01000108.1,53864,5816659,62,M.gastri
GCF_002102175.1,NZ_LQOX01000109.1,92609,5816659,62,M.gastri
GCF_002102175.1,NZ_LQOX01000110.1,21702,5816659,62,M.gastri
GCF_002102175.1,NZ_LQOX01000111.1,66714,5816659,62,M.gastri
GCF_002102175.1,NZ_LQOX01000112.1,110000,5816659,62,M.gastri
GCF_002102175.1,NZ_LQOX01000113.1,77189,5816659,62,M.gastri
GCF_002102175.1,NZ_LQOX01000114.1,28557,5816659,62,M.gastri
GCF_002102175.1,NZ_LQOX01000115.1,140055,5816659,62,M.gastri
GCF_002102175.1,NZ_LQOX01000116.1,151764,5816659,62,M.gastri
GCF_002102175.1,NZ_LQOX01000117.1,50365,5816659,62,M.gastri
GCF_002102175.1,NZ_LQOX01000118.1,137103,5816659,62,M.gastri
GCF_002102175.1,NZ_LQOX01000119.1,154694,5816659,62,M.gastri
GCF_002102175.1,NZ_LQOX01000120.1,28956,5816659,62,M.gastri
GCF_002102175.1,NZ_LQOX01000121.1,106585,5816659,62,M.gastri
GCF_002102175.1,NZ_LQOX01000122.1,57774,5816659,62,M.gastri
GCF_002102175.1,NZ_LQOX01000123.1,37266,5816659,62,M.gastri
GCF_002102175.1,NZ_LQOX01000124.1,45424,5816659,62,M.gastri
GCF_002102175.1,NZ_LQOX01000125.1,45179,5816659,62,M.gastri
GCF_002102175.1,NZ_LQOX01000126.1,28503,5816659,62,M.gastri
GCF_002102175.1,NZ_LQOX01000127.1,10625,5816659,62,M.gastri
GCF_002102175.1,NZ_LQOX01000128.1,115619,5816659,62,M.gastri
GCF_002102175.1,NZ_LQOX01000129.1,224036,5816659,62,M.gastri
GCF_002102175.1,NZ_LQOX01000130.1,66738,5816659,62,M.gastri
GCF_002102175.1,NZ_LQOX01000131.1,144031,5816659,62,M.gastri
GCF_002102175.1,NZ_LQOX01000132.1,43305,5816659,62,M.gastri
GCF_002102175.1,NZ_LQOX01000133.1,44846,5816659,62,M.gastri
GCF_002102175.1,NZ_LQOX01000134.1,2728,5816659,62,M.gastri
GCF_002102175.1,NZ_LQOX01000135.1,1494,5816659,62,M.gastri
GCF_002102175.1,NZ_LQOX01000136.1,11004,5816659,62,M.gastri
GCF_002102175.1,NZ_LQOX01000137.1,14507,5816659,62,M.gastri
GCF_002102175.1,NZ_LQOX01000138.1,23521,5816659,62,M.gastri
GCF_002102175.1,NZ_LQOX01000139.1,52326,5816659,62,M.gastri
GCF_002102175.1,NZ_LQOX01000140.1,19995,5816659,62,M.gastri
GCF_002102175.1,NZ_LQOX01000141.1,1348,5816659,62,M.gastri
GCF_002102175.1,NZ_LQOX01000142.1,11605,5816659,62,M.gastri
GCF_002102175.1,NZ_LQOX01000143.1,84960,5816659,62,M.gastri
GCF_002102175.1,NZ_LQOX01000144.1,10291,5816659,62,M.gastri
GCF_002102175.1,NZ_LQOX01000145.1,7846,5816659,62,M.gastri
GCF_002102175.1,NZ_LQOX01000146.1,74496,5816659,62,M.gastri
GCF_002102175.1,NZ_LQOX01000147.1,157966,5816659,62,M.gastri
GCF_002102175.1,NZ_LQOX01000148.1,67458,5816659,62,M.gastri
GCF_002102175.1,NZ_LQOX01000149.1,12567,5816659,62,M.gastri
GCF_002102175.1,NZ_LQOX01000150.1,83414,5816659,62,M.gastri
GCF_002102175.1,NZ_LQOX01000151.1,23371,5816659,62,M.gastri
GCF_002102175.1,NZ_LQOX01000152.1,65731,5816659,62,M.gastri
GCF_002102175.1,NZ_LQOX01000153.1,107035,5816659,62,M.gastri
GCF_002102175.1,NZ_LQOX01000154.1,62555,5816659,62,M.gastri
GCF_000526915.1,NZ_JAGZ01000001.1,920843,4936071,148,M.genavense
GCF_000526915.1,NZ_JAGZ01000002.1,644532,4936071,148,M.genavense
GCF_000526915.1,NZ_JAGZ01000003.1,546499,4936071,148,M.genavense
GCF_000526915.1,NZ_JAGZ01000004.1,465365,4936071,148,M.genavense
GCF_000526915.1,NZ_JAGZ01000005.1,400200,4936071,148,M.genavense
GCF_000526915.1,NZ_JAGZ01000006.1,274860,4936071,148,M.genavense
GCF_000526915.1,NZ_JAGZ01000007.1,217267,4936071,148,M.genavense
GCF_000526915.1,NZ_JAGZ01000008.1,205610,4936071,148,M.genavense
GCF_000526915.1,NZ_JAGZ01000009.1,197036,4936071,148,M.genavense
GCF_000526915.1,NZ_JAGZ01000010.1,172200,4936071,148,M.genavense
GCF_000526915.1,NZ_JAGZ01000011.1,133009,4936071,148,M.genavense
GCF_000526915.1,NZ_JAGZ01000012.1,123153,4936071,148,M.genavense
GCF_000526915.1,NZ_JAGZ01000013.1,120948,4936071,148,M.genavense
GCF_000526915.1,NZ_JAGZ01000014.1,102323,4936071,148,M.genavense
GCF_000526915.1,NZ_JAGZ01000015.1,73130,4936071,148,M.genavense
GCF_000526915.1,NZ_JAGZ01000016.1,69230,4936071,148,M.genavense
GCF_000526915.1,NZ_JAGZ01000017.1,60893,4936071,148,M.genavense
GCF_000526915.1,NZ_JAGZ01000018.1,56937,4936071,148,M.genavense
GCF_000526915.1,NZ_JAGZ01000019.1,54013,4936071,148,M.genavense
GCF_000526915.1,NZ_JAGZ01000020.1,42828,4936071,148,M.genavense
GCF_000526915.1,NZ_JAGZ01000021.1,23433,4936071,148,M.genavense
GCF_000526915.1,NZ_JAGZ01000022.1,10947,4936071,148,M.genavense
GCF_000526915.1,NZ_JAGZ01000023.1,10236,4936071,148,M.genavense
GCF_000526915.1,NZ_JAGZ01000024.1,7198,4936071,148,M.genavense
GCF_000526915.1,NZ_JAGZ01000025.1,3381,4936071,148,M.genavense
GCF_000184435.1,NC_014814.1,5547747,5547747,100,M.gilvum
GCF_022370755.2,NZ_CP092364.2,6741306,6741306,131,M.goodii
GCF_002101675.1,NZ_LQOY01000001.1,1801,7601632,226,M.gordonae
GCF_002101675.1,NZ_LQOY01000002.1,4004,7601632,226,M.gordonae
GCF_002101675.1,NZ_LQOY01000003.1,43426,7601632,226,M.gordonae
GCF_002101675.1,NZ_LQOY01000004.1,2480,7601632,226,M.gordonae
GCF_002101675.1,NZ_LQOY01000005.1,78776,7601632,226,M.gordonae
GCF_002101675.1,NZ_LQOY01000006.1,1613,7601632,226,M.gordonae
GCF_002101675.1,NZ_LQOY01000007.1,48837,7601632,226,M.gordonae
GCF_002101675.1,NZ_LQOY01000008.1,7506,7601632,226,M.gordonae
GCF_002101675.1,NZ_LQOY01000009.1,5113,7601632,226,M.gordonae
GCF_002101675.1,NZ_LQOY01000010.1,5644,7601632,226,M.gordonae
GCF_002101675.1,NZ_LQOY01000011.1,7660,7601632,226,M.gordonae
GCF_002101675.1,NZ_LQOY01000012.1,87361,7601632,226,M.gordonae
GCF_002101675.1,NZ_LQOY01000013.1,11718,7601632,226,M.gordonae
GCF_002101675.1,NZ_LQOY01000014.1,128285,7601632,226,M.gordonae
GCF_002101675.1,NZ_LQOY01000015.1,138393,7601632,226,M.gordonae
GCF_002101675.1,NZ_LQOY01000016.1,130646,7601632,226,M.gordonae
GCF_002101675.1,NZ_LQOY01000017.1,1717,7601632,226,M.gordonae
GCF_002101675.1,NZ_LQOY01000018.1,33311,7601632,226,M.gordonae
GCF_002101675.1,NZ_LQOY01000019.1,119893,7601632,226,M.gordonae
GCF_002101675.1,NZ_LQOY01000020.1,13341,7601632,226,M.gordonae
GCF_002101675.1,NZ_LQOY01000021.1,7064,7601632,226,M.gordonae
GCF_002101675.1,NZ_LQOY01000022.1,122574,7601632,226,M.gordonae
GCF_002101675.1,NZ_LQOY01000023.1,38220,7601632,226,M.gordonae
GCF_002101675.1,NZ_LQOY01000024.1,3188,7601632,226,M.gordonae
GCF_002101675.1,NZ_LQOY01000025.1,75855,7601632,226,M.gordonae
GCF_002101675.1,NZ_LQOY01000026.1,66944,7601632,226,M.gordonae
GCF_002101675.1,NZ_LQOY01000027.1,13794,7601632,226,M.gordonae
GCF_002101675.1,NZ_LQOY01000028.1,1830,7601632,226,M.gordonae
GCF_002101675.1,NZ_LQOY01000029.1,25842,7601632,226,M.gordonae
GCF_002101675.1,NZ_LQOY01000030.1,24458,7601632,226,M.gordonae
GCF_002101675.1,NZ_LQOY01000031.1,60082,7601632,226,M.gordonae
GCF_002101675.1,NZ_LQOY01000032.1,92632,7601632,226,M.gordonae
GCF_002101675.1,NZ_LQOY01000033.1,115589,7601632,226,M.gordonae
GCF_002101675.1,NZ_LQOY01000034.1,5451,7601632,226,M.gordonae
GCF_002101675.1,NZ_LQOY01000035.1,4062,7601632,226,M.gordonae
GCF_002101675.1,NZ_LQOY01000036.1,2997,7601632,226,M.gordonae
GCF_002101675.1,NZ_LQOY01000037.1,16298,7601632,226,M.gordonae
GCF_002101675.1,NZ_LQOY01000038.1,61727,7601632,226,M.gordonae
GCF_002101675.1,NZ_LQOY01000039.1,41737,7601632,226,M.gordonae
GCF_002101675.1,NZ_LQOY01000040.1,93901,7601632,226,M.gordonae
GCF_002101675.1,NZ_LQOY01000041.1,34364,7601632,226,M.gordonae
GCF_002101675.1,NZ_LQOY01000042.1,21276,7601632,226,M.gordonae
GCF_002101675.1,NZ_LQOY01000043.1,6320,7601632,226,M.gordonae
GCF_002101675.1,NZ_LQOY01000044.1,36836,7601632,226,M.gordonae
GCF_002101675.1,NZ_LQOY01000045.1,10262,7601632,226,M.gordonae
GCF_002101675.1,NZ_LQOY01000046.1,1880,7601632,226,M.gordonae
GCF_002101675.1,NZ_LQOY01000047.1,20179,7601632,226,M.gordonae
GCF_002101675.1,NZ_LQOY01000048.1,16706,7601632,226,M.gordonae
GCF_002101675.1,NZ_LQOY01000049.1,48295,7601632,226,M.gordonae
GCF_002101675.1,NZ_LQOY01000050.1,55617,7601632,226,M.gordonae
GCF_002101675.1,NZ_LQOY01000051.1,2158,7601632,226,M.gordonae
GCF_002101675.1,NZ_LQOY01000052.1,50520,7601632,226,M.gordonae
GCF_002101675.1,NZ_LQOY01000053.1,62676,7601632,226,M.gordonae
GCF_002101675.1,NZ_LQOY01000054.1,1530,7601632,226,M.gordonae
GCF_002101675.1,NZ_LQOY01000055.1,51006,7601632,226,M.gordonae
GCF_002101675.1,NZ_LQOY01000056.1,11733,7601632,226,M.gordonae
GCF_002101675.1,NZ_LQOY01000057.1,1417,7601632,226,M.gordonae
GCF_002101675.1,NZ_LQOY01000058.1,18139,7601632,226,M.gordonae
GCF_002101675.1,NZ_LQOY01000059.1,31023,7601632,226,M.gordonae
GCF_002101675.1,NZ_LQOY01000060.1,3425,7601632,226,M.gordonae
GCF_002101675.1,NZ_LQOY01000061.1,53702,7601632,226,M.gordonae
GCF_002101675.1,NZ_LQOY01000062.1,4813,7601632,226,M.gordonae
GCF_002101675.1,NZ_LQOY01000063.1,9729,7601632,226,M.gordonae
GCF_002101675.1,NZ_LQOY01000064.1,2340,7601632,226,M.gordonae
GCF_002101675.1,NZ_LQOY01000065.1,30334,7601632,226,M.gordonae
GCF_002101675.1,NZ_LQOY01000066.1,1055,7601632,226,M.gordonae
GCF_002101675.1,NZ_LQOY01000067.1,46910,7601632,226,M.gordonae
GCF_002101675.1,NZ_LQOY01000068.1,1665,7601632,226,M.gordonae
GCF_002101675.1,NZ_LQOY01000069.1,58489,7601632,226,M.gordonae
GCF_002101675.1,NZ_LQOY01000070.1,57231,7601632,226,M.gordonae
GCF_002101675.1,NZ_LQOY01000071.1,44256,7601632,226,M.gordonae
GCF_002101675.1,NZ_LQOY01000072.1,82476,7601632,226,M.gordonae
GCF_002101675.1,NZ_LQOY01000073.1,39818,7601632,226,M.gordonae
GCF_002101675.1,NZ_LQOY01000074.1,12665,7601632,226,M.gordonae
GCF_002101675.1,NZ_LQOY01000075.1,1133,7601632,226,M.gordonae
GCF_002101675.1,NZ_LQOY01000076.1,10089,7601632,226,M.gordonae
GCF_002101675.1,NZ_LQOY01000077.1,13546,7601632,226,M.gordonae
GCF_002101675.1,NZ_LQOY01000078.1,74840,7601632,226,M.gordonae
GCF_002101675.1,NZ_LQOY01000079.1,4622,7601632,226,M.gordonae
GCF_002101675.1,NZ_LQOY01000080.1,97665,7601632,226,M.gordonae
GCF_002101675.1,NZ_LQOY01000081.1,224439,7601632,226,M.gordonae
GCF_002101675.1,NZ_LQOY01000082.1,51166,7601632,226,M.gordonae
GCF_002101675.1,NZ_LQOY01000083.1,36642,7601632,226,M.gordonae
GCF_002101675.1,NZ_LQOY01000084.1,36083,7601632,226,M.gordonae
GCF_002101675.1,NZ_LQOY01000085.1,1058,7601632,226,M.gordonae
GCF_002101675.1,NZ_LQOY01000086.1,30903,7601632,226,M.gordonae
GCF_002101675.1,NZ_LQOY01000087.1,30442,7601632,226,M.gordonae
GCF_002101675.1,NZ_LQOY01000088.1,3025,7601632,226,M.gordonae
GCF_002101675.1,NZ_LQOY01000089.1,57293,7601632,226,M.gordonae
GCF_002101675.1,NZ_LQOY01000090.1,4654,7601632,226,M.gordonae
GCF_002101675.1,NZ_LQOY01000091.1,5338,7601632,226,M.gordonae
GCF_002101675.1,NZ_LQOY01000092.1,31164,7601632,226,M.gordonae
GCF_002101675.1,NZ_LQOY01000093.1,74953,7601632,226,M.gordonae
GCF_002101675.1,NZ_LQOY01000094.1,32824,7601632,226,M.gordonae
GCF_002101675.1,NZ_LQOY01000095.1,121875,7601632,226,M.gordonae
GCF_002101675.1,NZ_LQOY01000096.1,30180,7601632,226,M.gordonae
GCF_002101675.1,NZ_LQOY01000097.1,1006,7601632,226,M.gordonae
GCF_002101675.1,NZ_LQOY01000098.1,29034,7601632,226,M.gordonae
GCF_002101675.1,NZ_LQOY01000099.1,6120,7601632,226,M.gordonae
GCF_002101675.1,NZ_LQOY01000100.1,28963,7601632,226,M.gordonae
GCF_002101675.1,NZ_LQOY01000101.1,4728,7601632,226,M.gordonae
GCF_002101675.1,NZ_LQOY01000102.1,33284,7601632,226,M.gordonae
GCF_002101675.1,NZ_LQOY01000103.1,1359,7601632,226,M.gordonae
GCF_002101675.1,NZ_LQOY01000104.1,28268,7601632,226,M.gordonae
GCF_002101675.1,NZ_LQOY01000105.1,28237,7601632,226,M.gordonae
GCF_002101675.1,NZ_LQOY01000106.1,28222,7601632,226,M.gordonae
GCF_002101675.1,NZ_LQOY01000107.1,1235,7601632,226,M.gordonae
GCF_002101675.1,NZ_LQOY01000108.1,61772,7601632,226,M.gordonae
GCF_002101675.1,NZ_LQOY01000109.1,23051,7601632,226,M.gordonae
GCF_002101675.1,NZ_LQOY01000110.1,8595,7601632,226,M.gordonae
GCF_002101675.1,NZ_LQOY01000111.1,21415,7601632,226,M.gordonae
GCF_002101675.1,NZ_LQOY01000112.1,38569,7601632,226,M.gordonae
GCF_002101675.1,NZ_LQOY01000113.1,4570,7601632,226,M.gordonae
GCF_002101675.1,NZ_LQOY01000114.1,19377,7601632,226,M.gordonae
GCF_002101675.1,NZ_LQOY01000115.1,1170,7601632,226,M.gordonae
GCF_002101675.1,NZ_LQOY01000116.1,83507,7601632,226,M.gordonae
GCF_002101675.1,NZ_LQOY01000117.1,26543,7601632,226,M.gordonae
GCF_002101675.1,NZ_LQOY01000118.1,1738,7601632,226,M.gordonae
GCF_002101675.1,NZ_LQOY01000119.1,55478,7601632,226,M.gordonae
GCF_002101675.1,NZ_LQOY01000120.1,2648,7601632,226,M.gordonae
GCF_002101675.1,NZ_LQOY01000121.1,13740,7601632,226,M.gordonae
GCF_002101675.1,NZ_LQOY01000122.1,1560,7601632,226,M.gordonae
GCF_002101675.1,NZ_LQOY01000123.1,26769,7601632,226,M.gordonae
GCF_002101675.1,NZ_LQOY01000124.1,1447,7601632,226,M.gordonae
GCF_002101675.1,NZ_LQOY01000125.1,1523,7601632,226,M.gordonae
GCF_002101675.1,NZ_LQOY01000126.1,12918,7601632,226,M.gordonae
GCF_002101675.1,NZ_LQOY01000127.1,1436,7601632,226,M.gordonae
GCF_002101675.1,NZ_LQOY01000128.1,1434,7601632,226,M.gordonae
GCF_002101675.1,NZ_LQOY01000129.1,1400,7601632,226,M.gordonae
GCF_002101675.1,NZ_LQOY01000130.1,11349,7601632,226,M.gordonae
GCF_002101675.1,NZ_LQOY01000131.1,1381,7601632,226,M.gordonae
GCF_002101675.1,NZ_LQOY01000132.1,1376,7601632,226,M.gordonae
GCF_002101675.1,NZ_LQOY01000133.1,45627,7601632,226,M.gordonae
GCF_002101675.1,NZ_LQOY01000134.1,1364,7601632,226,M.gordonae
GCF_002101675.1,NZ_LQOY01000135.1,6044,7601632,226,M.gordonae
GCF_002101675.1,NZ_LQOY01000136.1,11164,7601632,226,M.gordonae
GCF_002101675.1,NZ_LQOY01000137.1,1293,7601632,226,M.gordonae
GCF_002101675.1,NZ_LQOY01000138.1,1279,7601632,226,M.gordonae
GCF_002101675.1,NZ_LQOY01000139.1,1217,7601632,226,M.gordonae
GCF_002101675.1,NZ_LQOY01000140.1,1027,7601632,226,M.gordonae
GCF_002101675.1,NZ_LQOY01000141.1,14317,7601632,226,M.gordonae
GCF_002101675.1,NZ_LQOY01000142.1,24008,7601632,226,M.gordonae
GCF_002101675.1,NZ_LQOY01000143.1,39330,7601632,226,M.gordonae
GCF_002101675.1,NZ_LQOY01000144.1,4492,7601632,226,M.gordonae
GCF_002101675.1,NZ_LQOY01000145.1,1952,7601632,226,M.gordonae
GCF_002101675.1,NZ_LQOY01000146.1,55443,7601632,226,M.gordonae
GCF_002101675.1,NZ_LQOY01000147.1,1807,7601632,226,M.gordonae
GCF_002101675.1,NZ_LQOY01000148.1,1588,7601632,226,M.gordonae
GCF_002101675.1,NZ_LQOY01000149.1,1442,7601632,226,M.gordonae
GCF_002101675.1,NZ_LQOY01000150.1,51892,7601632,226,M.gordonae
GCF_002101675.1,NZ_LQOY01000151.1,77965,7601632,226,M.gordonae
GCF_002101675.1,NZ_LQOY01000152.1,69622,7601632,226,M.gordonae
GCF_002101675.1,NZ_LQOY01000153.1,68469,7601632,226,M.gordonae
GCF_002101675.1,NZ_LQOY01000154.1,1265,7601632,226,M.gordonae
GCF_002101675.1,NZ_LQOY01000155.1,201817,7601632,226,M.gordonae
GCF_002101675.1,NZ_LQOY01000156.1,1242,7601632,226,M.gordonae
GCF_002101675.1,NZ_LQOY01000157.1,1247,7601632,226,M.gordonae
GCF_002101675.1,NZ_LQOY01000158.1,12543,7601632,226,M.gordonae
GCF_002101675.1,NZ_LQOY01000159.1,9939,7601632,226,M.gordonae
GCF_002101675.1,NZ_LQOY01000160.1,3006,7601632,226,M.gordonae
GCF_002101675.1,NZ_LQOY01000161.1,6224,7601632,226,M.gordonae
GCF_002101675.1,NZ_LQOY01000162.1,2354,7601632,226,M.gordonae
GCF_002101675.1,NZ_LQOY01000163.1,5659,7601632,226,M.gordonae
GCF_002101675.1,NZ_LQOY01000164.1,2830,7601632,226,M.gordonae
GCF_002101675.1,NZ_LQOY01000165.1,11504,7601632,226,M.gordonae
GCF_002101675.1,NZ_LQOY01000166.1,10965,7601632,226,M.gordonae
GCF_002101675.1,NZ_LQOY01000167.1,1510,7601632,226,M.gordonae
GCF_002101675.1,NZ_LQOY01000168.1,3981,7601632,226,M.gordonae
GCF_002101675.1,NZ_LQOY01000169.1,23500,7601632,226,M.gordonae
GCF_002101675.1,NZ_LQOY01000170.1,20865,7601632,226,M.gordonae
GCF_002101675.1,NZ_LQOY01000171.1,9421,7601632,226,M.gordonae
GCF_002101675.1,NZ_LQOY01000172.1,4844,7601632,226,M.gordonae
GCF_002101675.1,NZ_LQOY01000173.1,20278,7601632,226,M.gordonae
GCF_002101675.1,NZ_LQOY01000174.1,13784,7601632,226,M.gordonae
GCF_002101675.1,NZ_LQOY01000175.1,24244,7601632,226,M.gordonae
GCF_002101675.1,NZ_LQOY01000176.1,1531,7601632,226,M.gordonae
GCF_002101675.1,NZ_LQOY01000177.1,1009,7601632,226,M.gordonae
GCF_002101675.1,NZ_LQOY01000178.1,1024,7601632,226,M.gordonae
GCF_002101675.1,NZ_LQOY01000179.1,1564,7601632,226,M.gordonae
GCF_002101675.1,NZ_LQOY01000180.1,27630,7601632,226,M.gordonae
GCF_002101675.1,NZ_LQOY01000181.1,7356,7601632,226,M.gordonae
GCF_002101675.1,NZ_LQOY01000182.1,1282,7601632,226,M.gordonae
GCF_002101675.1,NZ_LQOY01000183.1,8286,7601632,226,M.gordonae
GCF_002101675.1,NZ_LQOY01000184.1,1836,7601632,226,M.gordonae
GCF_002101675.1,NZ_LQOY01000185.1,32993,7601632,226,M.gordonae
GCF_002101675.1,NZ_LQOY01000186.1,8303,7601632,226,M.gordonae
GCF_002101675.1,NZ_LQOY01000187.1,8677,7601632,226,M.gordonae
GCF_002101675.1,NZ_LQOY01000188.1,2002,7601632,226,M.gordonae
GCF_002101675.1,NZ_LQOY01000189.1,9988,7601632,226,M.gordonae
GCF_002101675.1,NZ_LQOY01000190.1,9020,7601632,226,M.gordonae
GCF_002101675.1,NZ_LQOY01000191.1,3213,7601632,226,M.gordonae
GCF_002101675.1,NZ_LQOY01000192.1,7225,7601632,226,M.gordonae
GCF_002101675.1,NZ_LQOY01000193.1,11583,7601632,226,M.gordonae
GCF_002101675.1,NZ_LQOY01000194.1,2663,7601632,226,M.gordonae
GCF_002101675.1,NZ_LQOY01000195.1,1949,7601632,226,M.gordonae
GCF_002101675.1,NZ_LQOY01000196.1,4008,7601632,226,M.gordonae
GCF_002101675.1,NZ_LQOY01000197.1,92935,7601632,226,M.gordonae
GCF_002101675.1,NZ_LQOY01000198.1,13174,7601632,226,M.gordonae
GCF_002101675.1,NZ_LQOY01000199.1,11766,7601632,226,M.gordonae
GCF_002101675.1,NZ_LQOY01000200.1,59971,7601632,226,M.gordonae
GCF_002101675.1,NZ_LQOY01000201.1,13985,7601632,226,M.gordonae
GCF_002101675.1,NZ_LQOY01000202.1,13500,7601632,226,M.gordonae
GCF_002101675.1,NZ_LQOY01000203.1,14102,7601632,226,M.gordonae
GCF_002101675.1,NZ_LQOY01000204.1,14208,7601632,226,M.gordonae
GCF_002101675.1,NZ_LQOY01000205.1,68871,7601632,226,M.gordonae
GCF_002101675.1,NZ_LQOY01000206.1,2144,7601632,226,M.gordonae
GCF_002101675.1,NZ_LQOY01000207.1,181851,7601632,226,M.gordonae
GCF_002101675.1,NZ_LQOY01000208.1,13605,7601632,226,M.gordonae
GCF_002101675.1,NZ_LQOY01000209.1,14439,7601632,226,M.gordonae
GCF_002101675.1,NZ_LQOY01000210.1,70000,7601632,226,M.gordonae
GCF_002101675.1,NZ_LQOY01000211.1,33653,7601632,226,M.gordonae
GCF_002101675.1,NZ_LQOY01000212.1,14656,7601632,226,M.gordonae
GCF_002101675.1,NZ_LQOY01000213.1,1036,7601632,226,M.gordonae
GCF_002101675.1,NZ_LQOY01000214.1,15245,7601632,226,M.gordonae
GCF_002101675.1,NZ_LQOY01000215.1,16092,7601632,226,M.gordonae
GCF_002101675.1,NZ_LQOY01000216.1,65578,7601632,226,M.gordonae
GCF_002101675.1,NZ_LQOY01000217.1,2635,7601632,226,M.gordonae
GCF_002101675.1,NZ_LQOY01000218.1,2145,7601632,226,M.gordonae
GCF_002101675.1,NZ_LQOY01000219.1,15693,7601632,226,M.gordonae
GCF_002101675.1,NZ_LQOY01000220.1,17511,7601632,226,M.gordonae
GCF_002101675.1,NZ_LQOY01000221.1,6080,7601632,226,M.gordonae
GCF_002101675.1,NZ_LQOY01000222.1,16994,7601632,226,M.gordonae
GCF_002101675.1,NZ_LQOY01000223.1,18865,7601632,226,M.gordonae
GCF_002101675.1,NZ_LQOY01000224.1,17684,7601632,226,M.gordonae
GCF_002101675.1,NZ_LQOY01000225.1,18763,7601632,226,M.gordonae
GCF_002101675.1,NZ_LQOY01000226.1,55745,7601632,226,M.gordonae
GCF_002101675.1,NZ_LQOY01000227.1,83737,7601632,226,M.gordonae
GCF_002101675.1,NZ_LQOY01000228.1,3016,7601632,226,M.gordonae
GCF_002101675.1,NZ_LQOY01000229.1,44634,7601632,226,M.gordonae
GCF_002101675.1,NZ_LQOY01000230.1,86973,7601632,226,M.gordonae
GCF_002101675.1,NZ_LQOY01000231.1,2318,7601632,226,M.gordonae
GCF_002101675.1,NZ_LQOY01000232.1,4021,7601632,226,M.gordonae
GCF_002101675.1,NZ_LQOY01000233.1,19845,7601632,226,M.gordonae
GCF_002101675.1,NZ_LQOY01000234.1,13465,7601632,226,M.gordonae
GCF_002101675.1,NZ_LQOY01000235.1,5596,7601632,226,M.gordonae
GCF_002101675.1,NZ_LQOY01000236.1,61330,7601632,226,M.gordonae
GCF_002101675.1,NZ_LQOY01000237.1,16547,7601632,226,M.gordonae
GCF_002101675.1,NZ_LQOY01000238.1,56856,7601632,226,M.gordonae
GCF_002101675.1,NZ_LQOY01000239.1,3356,7601632,226,M.gordonae
GCF_002101675.1,NZ_LQOY01000240.1,3975,7601632,226,M.gordonae
GCF_002101675.1,NZ_LQOY01000241.1,112443,7601632,226,M.gordonae
GCF_002101675.1,NZ_LQOY01000242.1,106793,7601632,226,M.gordonae
GCF_002101675.1,NZ_LQOY01000243.1,58106,7601632,226,M.gordonae
GCF_002101675.1,NZ_LQOY01000244.1,65365,7601632,226,M.gordonae
GCF_002101675.1,NZ_LQOY01000245.1,25715,7601632,226,M.gordonae
GCF_002101675.1,NZ_LQOY01000246.1,47587,7601632,226,M.gordonae
GCF_002101675.1,NZ_LQOY01000247.1,1625,7601632,226,M.gordonae
GCF_002101675.1,NZ_LQOY01000248.1,94375,7601632,226,M.gordonae
GCF_002101675.1,NZ_LQOY01000249.1,69838,7601632,226,M.gordonae
GCF_002101675.1,NZ_LQOY01000250.1,2709,7601632,226,M.gordonae
GCF_002101675.1,NZ_LQOY01000251.1,60888,7601632,226,M.gordonae
GCF_002101675.1,NZ_LQOY01000252.1,47482,7601632,226,M.gordonae
GCF_002101675.1,NZ_LQOY01000253.1,60786,7601632,226,M.gordonae
GCF_002101675.1,NZ_LQOY01000254.1,15035,7601632,226,M.gordonae
GCF_002101675.1,NZ_LQOY01000255.1,72011,7601632,226,M.gordonae
GCF_002101675.1,NZ_LQOY01000256.1,1831,7601632,226,M.gordonae
GCF_002101675.1,NZ_LQOY01000257.1,74408,7601632,226,M.gordonae
GCF_002101675.1,NZ_LQOY01000258.1,3267,7601632,226,M.gordonae
GCF_002101675.1,NZ_LQOY01000259.1,2363,7601632,226,M.gordonae
GCF_002101675.1,NZ_LQOY01000260.1,77133,7601632,226,M.gordonae
GCF_008329645.1,NZ_CP043474.1,5637923,5637923,142,M.grossiae
GCF_025822555.1,NZ_JACKUC010000001.1,763,6709978,8,M.hackensackense
GCF_025822555.1,NZ_JACKUC010000002.1,746,6709978,8,M.hackensackense
GCF_025822555.1,NZ_JACKUC010000003.1,797,6709978,8,M.hackensackense
GCF_025822555.1,NZ_JACKUC010000004.1,764,6709978,8,M.hackensackense
GCF_025822555.1,NZ_JACKUC010000005.1,841,6709978,8,M.hackensackense
GCF_025822555.1,NZ_JACKUC010000006.1,815,6709978,8,M.hackensackense
GCF_025822555.1,NZ_JACKUC010000007.1,964,6709978,8,M.hackensackense
GCF_025822555.1,NZ_JACKUC010000008.1,888,6709978,8,M.hackensackense
GCF_025822555.1,NZ_JACKUC010000009.1,726,6709978,8,M.hackensackense
GCF_025822555.1,NZ_JACKUC010000010.1,714,6709978,8,M.hackensackense
GCF_025822555.1,NZ_JACKUC010000011.1,408,6709978,8,M.hackensackense
GCF_025822555.1,NZ_JACKUC010000012.1,394,6709978,8,M.hackensackense
GCF_025822555.1,NZ_JACKUC010000013.1,383,6709978,8,M.hackensackense
GCF_025822555.1,NZ_JACKUC010000014.1,364,6709978,8,M.hackensackense
GCF_025822555.1,NZ_JACKUC010000015.1,305,6709978,8,M.hackensackense
GCF_025822555.1,NZ_JACKUC010000016.1,2097,6709978,8,M.hackensackense
GCF_025822555.1,NZ_JACKUC010000017.1,2526,6709978,8,M.hackensackense
GCF_025822555.1,NZ_JACKUC010000018.1,3432,6709978,8,M.hackensackense
GCF_025822555.1,NZ_JACKUC010000019.1,2591,6709978,8,M.hackensackense
GCF_025822555.1,NZ_JACKUC010000020.1,116195,6709978,8,M.hackensackense
GCF_025822555.1,NZ_JACKUC010000021.1,82912,6709978,8,M.hackensackense
GCF_025822555.1,NZ_JACKUC010000022.1,51138,6709978,8,M.hackensackense
GCF_025822555.1,NZ_JACKUC010000023.1,28761,6709978,8,M.hackensackense
GCF_025822555.1,NZ_JACKUC010000024.1,1167,6709978,8,M.hackensackense
GCF_025822555.1,NZ_JACKUC010000025.1,1204,6709978,8,M.hackensackense
GCF_025822555.1,NZ_JACKUC010000026.1,1084,6709978,8,M.hackensackense
GCF_025822555.1,NZ_JACKUC010000027.1,1863,6709978,8,M.hackensackense
GCF_025822555.1,NZ_JACKUC010000028.1,285231,6709978,8,M.hackensackense
GCF_025822555.1,NZ_JACKUC010000029.1,1317408,6709978,8,M.hackensackense
GCF_025822555.1,NZ_JACKUC010000030.1,2203119,6709978,8,M.hackensackense
GCF_025822555.1,NZ_JACKUC010000031.1,850857,6709978,8,M.hackensackense
GCF_025822555.1,NZ_JACKUC010000032.1,341377,6709978,8,M.hackensackense
GCF_025822555.1,NZ_JACKUC010000033.1,2020,6709978,8,M.hackensackense
GCF_025822555.1,NZ_JACKUC010000034.1,358273,6709978,8,M.hackensackense
GCF_025822555.1,NZ_JACKUC010000035.1,1774,6709978,8,M.hackensackense
GCF_025822555.1,NZ_JACKUC010000036.1,1378,6709978,8,M.hackensackense
GCF_025822555.1,NZ_JACKUC010000037.1,156247,6709978,8,M.hackensackense
GCF_025822555.1,NZ_JACKUC010000038.1,622824,6709978,8,M.hackensackense
GCF_025822555.1,NZ_JACKUC010000039.1,1007,6709978,8,M.hackensackense
GCF_025822555.1,NZ_JACKUC010000040.1,1038,6709978,8,M.hackensackense
GCF_025822555.1,NZ_JACKUC010000041.1,448,6709978,8,M.hackensackense
GCF_025822555.1,NZ_JACKUC010000042.1,517,6709978,8,M.hackensackense
GCF_025822555.1,NZ_JACKUC010000043.1,552,6709978,8,M.hackensackense
GCF_025822555.1,NZ_JACKUC010000044.1,557,6709978,8,M.hackensackense
GCF_025822555.1,NZ_JACKUC010000045.1,587,6709978,8,M.hackensackense
GCF_025822555.1,NZ_JACKUC010000046.1,594,6709978,8,M.hackensackense
GCF_025822555.1,NZ_JACKUC010000047.1,626,6709978,8,M.hackensackense
GCF_025822555.1,NZ_JACKUC010000048.1,697,6709978,8,M.hackensackense
GCF_025822555.1,NZ_JACKUC010000049.1,414,6709978,8,M.hackensackense
GCF_025822555.1,NZ_JACKUC010000050.1,429,6709978,8,M.hackensackense
GCF_025822555.1,NZ_JACKUC010000051.1,23134,6709978,8,M.hackensackense
GCF_025822555.1,NZ_JACKUC010000052.1,1140,6709978,8,M.hackensackense
GCF_025822555.1,NZ_JACKUC010000053.1,232888,6709978,8,M.hackensackense
GCF_000340435.2,NZ_CP011883.2,4235765,4235765,48,M.haemophilum
GCF_900603025.1,NZ_LR026975.1,5269097,5269097,223,M.hassiacum
GCF_016861545.1,NZ_AP024310.1,4865109,4865109,169,M.heckeshornense
GCF_010730745.1,NZ_AP022615.1,5050576,5050576,68,M.heidelbergense
GCF_007714185.1,NZ_VMQV01000001.1,148120,5772032,182,M.helveticum
GCF_007714185.1,NZ_VMQV01000002.1,132505,5772032,182,M.helveticum
GCF_007714185.1,NZ_VMQV01000003.1,128402,5772032,182,M.helveticum
GCF_007714185.1,NZ_VMQV01000004.1,112894,5772032,182,M.helveticum
GCF_007714185.1,NZ_VMQV01000005.1,104930,5772032,182,M.helveticum
GCF_007714185.1,NZ_VMQV01000006.1,104443,5772032,182,M.helveticum
GCF_007714185.1,NZ_VMQV01000007.1,99419,5772032,182,M.helveticum
GCF_007714185.1,NZ_VMQV01000008.1,97309,5772032,182,M.helveticum
GCF_007714185.1,NZ_VMQV01000009.1,96218,5772032,182,M.helveticum
GCF_007714185.1,NZ_VMQV01000010.1,89368,5772032,182,M.helveticum
GCF_007714185.1,NZ_VMQV01000011.1,82859,5772032,182,M.helveticum
GCF_007714185.1,NZ_VMQV01000012.1,82201,5772032,182,M.helveticum
GCF_007714185.1,NZ_VMQV01000013.1,78446,5772032,182,M.helveticum
GCF_007714185.1,NZ_VMQV01000014.1,74215,5772032,182,M.helveticum
GCF_007714185.1,NZ_VMQV01000015.1,74091,5772032,182,M.helveticum
GCF_007714185.1,NZ_VMQV01000016.1,71635,5772032,182,M.helveticum
GCF_007714185.1,NZ_VMQV01000017.1,65221,5772032,182,M.helveticum
GCF_007714185.1,NZ_VMQV01000018.1,61777,5772032,182,M.helveticum
GCF_007714185.1,NZ_VMQV01000019.1,61439,5772032,182,M.helveticum
GCF_007714185.1,NZ_VMQV01000020.1,59619,5772032,182,M.helveticum
GCF_007714185.1,NZ_VMQV01000021.1,59158,5772032,182,M.helveticum
GCF_007714185.1,NZ_VMQV01000022.1,58367,5772032,182,M.helveticum
GCF_007714185.1,NZ_VMQV01000023.1,56147,5772032,182,M.helveticum
GCF_007714185.1,NZ_VMQV01000024.1,53287,5772032,182,M.helveticum
GCF_007714185.1,NZ_VMQV01000025.1,52658,5772032,182,M.helveticum
GCF_007714185.1,NZ_VMQV01000026.1,52395,5772032,182,M.helveticum
GCF_007714185.1,NZ_VMQV01000027.1,52035,5772032,182,M.helveticum
GCF_007714185.1,NZ_VMQV01000028.1,49823,5772032,182,M.helveticum
GCF_007714185.1,NZ_VMQV01000029.1,49313,5772032,182,M.helveticum
GCF_007714185.1,NZ_VMQV01000030.1,48618,5772032,182,M.helveticum
GCF_007714185.1,NZ_VMQV01000031.1,47036,5772032,182,M.helveticum
GCF_007714185.1,NZ_VMQV01000032.1,46910,5772032,182,M.helveticum
GCF_007714185.1,NZ_VMQV01000033.1,46004,5772032,182,M.helveticum
GCF_007714185.1,NZ_VMQV01000034.1,45691,5772032,182,M.helveticum
GCF_007714185.1,NZ_VMQV01000035.1,45373,5772032,182,M.helveticum
GCF_007714185.1,NZ_VMQV01000036.1,44866,5772032,182,M.helveticum
GCF_007714185.1,NZ_VMQV01000037.1,44816,5772032,182,M.helveticum
GCF_007714185.1,NZ_VMQV01000038.1,44312,5772032,182,M.helveticum
GCF_007714185.1,NZ_VMQV01000039.1,43904,5772032,182,M.helveticum
GCF_007714185.1,NZ_VMQV01000040.1,43437,5772032,182,M.helveticum
GCF_007714185.1,NZ_VMQV01000041.1,42270,5772032,182,M.helveticum
GCF_007714185.1,NZ_VMQV01000042.1,42257,5772032,182,M.helveticum
GCF_007714185.1,NZ_VMQV01000043.1,41323,5772032,182,M.helveticum
GCF_007714185.1,NZ_VMQV01000044.1,41259,5772032,182,M.helveticum
GCF_007714185.1,NZ_VMQV01000045.1,41211,5772032,182,M.helveticum
GCF_007714185.1,NZ_VMQV01000046.1,39785,5772032,182,M.helveticum
GCF_007714185.1,NZ_VMQV01000047.1,39295,5772032,182,M.helveticum
GCF_007714185.1,NZ_VMQV01000048.1,39103,5772032,182,M.helveticum
GCF_007714185.1,NZ_VMQV01000049.1,38662,5772032,182,M.helveticum
GCF_007714185.1,NZ_VMQV01000050.1,38192,5772032,182,M.helveticum
GCF_007714185.1,NZ_VMQV01000051.1,35566,5772032,182,M.helveticum
GCF_007714185.1,NZ_VMQV01000052.1,34439,5772032,182,M.helveticum
GCF_007714185.1,NZ_VMQV01000053.1,34424,5772032,182,M.helveticum
GCF_007714185.1,NZ_VMQV01000054.1,33172,5772032,182,M.helveticum
GCF_007714185.1,NZ_VMQV01000055.1,33132,5772032,182,M.helveticum
GCF_007714185.1,NZ_VMQV01000056.1,32000,5772032,182,M.helveticum
GCF_007714185.1,NZ_VMQV01000057.1,31577,5772032,182,M.helveticum
GCF_007714185.1,NZ_VMQV01000058.1,31440,5772032,182,M.helveticum
GCF_007714185.1,NZ_VMQV01000059.1,31409,5772032,182,M.helveticum
GCF_007714185.1,NZ_VMQV01000060.1,31199,5772032,182,M.helveticum
GCF_007714185.1,NZ_VMQV01000061.1,30860,5772032,182,M.helveticum
GCF_007714185.1,NZ_VMQV01000062.1,30775,5772032,182,M.helveticum
GCF_007714185.1,NZ_VMQV01000063.1,30244,5772032,182,M.helveticum
GCF_007714185.1,NZ_VMQV01000064.1,30111,5772032,182,M.helveticum
GCF_007714185.1,NZ_VMQV01000065.1,29718,5772032,182,M.helveticum
GCF_007714185.1,NZ_VMQV01000066.1,29537,5772032,182,M.helveticum
GCF_007714185.1,NZ_VMQV01000067.1,29315,5772032,182,M.helveticum
GCF_007714185.1,NZ_VMQV01000068.1,28976,5772032,182,M.helveticum
GCF_007714185.1,NZ_VMQV01000069.1,28899,5772032,182,M.helveticum
GCF_007714185.1,NZ_VMQV01000070.1,28417,5772032,182,M.helveticum
GCF_007714185.1,NZ_VMQV01000071.1,28060,5772032,182,M.helveticum
GCF_007714185.1,NZ_VMQV01000072.1,27178,5772032,182,M.helveticum
GCF_007714185.1,NZ_VMQV01000073.1,26988,5772032,182,M.helveticum
GCF_007714185.1,NZ_VMQV01000074.1,26771,5772032,182,M.helveticum
GCF_007714185.1,NZ_VMQV01000075.1,26405,5772032,182,M.helveticum
GCF_007714185.1,NZ_VMQV01000076.1,26402,5772032,182,M.helveticum
GCF_007714185.1,NZ_VMQV01000077.1,25853,5772032,182,M.helveticum
GCF_007714185.1,NZ_VMQV01000078.1,25693,5772032,182,M.helveticum
GCF_007714185.1,NZ_VMQV01000079.1,25472,5772032,182,M.helveticum
GCF_007714185.1,NZ_VMQV01000080.1,24738,5772032,182,M.helveticum
GCF_007714185.1,NZ_VMQV01000081.1,24116,5772032,182,M.helveticum
GCF_007714185.1,NZ_VMQV01000082.1,23786,5772032,182,M.helveticum
GCF_007714185.1,NZ_VMQV01000083.1,23531,5772032,182,M.helveticum
GCF_007714185.1,NZ_VMQV01000084.1,22839,5772032,182,M.helveticum
GCF_007714185.1,NZ_VMQV01000085.1,22491,5772032,182,M.helveticum
GCF_007714185.1,NZ_VMQV01000086.1,22009,5772032,182,M.helveticum
GCF_007714185.1,NZ_VMQV01000087.1,21973,5772032,182,M.helveticum
GCF_007714185.1,NZ_VMQV01000088.1,21959,5772032,182,M.helveticum
GCF_007714185.1,NZ_VMQV01000089.1,21890,5772032,182,M.helveticum
GCF_007714185.1,NZ_VMQV01000090.1,21842,5772032,182,M.helveticum
GCF_007714185.1,NZ_VMQV01000091.1,21144,5772032,182,M.helveticum
GCF_007714185.1,NZ_VMQV01000092.1,20062,5772032,182,M.helveticum
GCF_007714185.1,NZ_VMQV01000093.1,19972,5772032,182,M.helveticum
GCF_007714185.1,NZ_VMQV01000094.1,19687,5772032,182,M.helveticum
GCF_007714185.1,NZ_VMQV01000095.1,19514,5772032,182,M.helveticum
GCF_007714185.1,NZ_VMQV01000096.1,18961,5772032,182,M.helveticum
GCF_007714185.1,NZ_VMQV01000097.1,18950,5772032,182,M.helveticum
GCF_007714185.1,NZ_VMQV01000098.1,18855,5772032,182,M.helveticum
GCF_007714185.1,NZ_VMQV01000099.1,18619,5772032,182,M.helveticum
GCF_007714185.1,NZ_VMQV01000100.1,18514,5772032,182,M.helveticum
GCF_007714185.1,NZ_VMQV01000101.1,18359,5772032,182,M.helveticum
GCF_007714185.1,NZ_VMQV01000102.1,18266,5772032,182,M.helveticum
GCF_007714185.1,NZ_VMQV01000103.1,17796,5772032,182,M.helveticum
GCF_007714185.1,NZ_VMQV01000104.1,17779,5772032,182,M.helveticum
GCF_007714185.1,NZ_VMQV01000105.1,17740,5772032,182,M.helveticum
GCF_007714185.1,NZ_VMQV01000106.1,17726,5772032,182,M.helveticum
GCF_007714185.1,NZ_VMQV01000107.1,17668,5772032,182,M.helveticum
GCF_007714185.1,NZ_VMQV01000108.1,17617,5772032,182,M.helveticum
GCF_007714185.1,NZ_VMQV01000109.1,17482,5772032,182,M.helveticum
GCF_007714185.1,NZ_VMQV01000110.1,17474,5772032,182,M.helveticum
GCF_007714185.1,NZ_VMQV01000111.1,17329,5772032,182,M.helveticum
GCF_007714185.1,NZ_VMQV01000112.1,16795,5772032,182,M.helveticum
GCF_007714185.1,NZ_VMQV01000113.1,16689,5772032,182,M.helveticum
GCF_007714185.1,NZ_VMQV01000114.1,16113,5772032,182,M.helveticum
GCF_007714185.1,NZ_VMQV01000115.1,15971,5772032,182,M.helveticum
GCF_007714185.1,NZ_VMQV01000116.1,15634,5772032,182,M.helveticum
GCF_007714185.1,NZ_VMQV01000117.1,15505,5772032,182,M.helveticum
GCF_007714185.1,NZ_VMQV01000118.1,15294,5772032,182,M.helveticum
GCF_007714185.1,NZ_VMQV01000119.1,15203,5772032,182,M.helveticum
GCF_007714185.1,NZ_VMQV01000120.1,14895,5772032,182,M.helveticum
GCF_007714185.1,NZ_VMQV01000121.1,14799,5772032,182,M.helveticum
GCF_007714185.1,NZ_VMQV01000122.1,14560,5772032,182,M.helveticum
GCF_007714185.1,NZ_VMQV01000123.1,14455,5772032,182,M.helveticum
GCF_007714185.1,NZ_VMQV01000124.1,14287,5772032,182,M.helveticum
GCF_007714185.1,NZ_VMQV01000125.1,14140,5772032,182,M.helveticum
GCF_007714185.1,NZ_VMQV01000126.1,14025,5772032,182,M.helveticum
GCF_007714185.1,NZ_VMQV01000127.1,13925,5772032,182,M.helveticum
GCF_007714185.1,NZ_VMQV01000128.1,13531,5772032,182,M.helveticum
GCF_007714185.1,NZ_VMQV01000129.1,13202,5772032,182,M.helveticum
GCF_007714185.1,NZ_VMQV01000130.1,13082,5772032,182,M.helveticum
GCF_007714185.1,NZ_VMQV01000131.1,13052,5772032,182,M.helveticum
GCF_007714185.1,NZ_VMQV01000132.1,12775,5772032,182,M.helveticum
GCF_007714185.1,NZ_VMQV01000133.1,12648,5772032,182,M.helveticum
GCF_007714185.1,NZ_VMQV01000134.1,12527,5772032,182,M.helveticum
GCF_007714185.1,NZ_VMQV01000135.1,12481,5772032,182,M.helveticum
GCF_007714185.1,NZ_VMQV01000136.1,12082,5772032,182,M.helveticum
GCF_007714185.1,NZ_VMQV01000137.1,12075,5772032,182,M.helveticum
GCF_007714185.1,NZ_VMQV01000138.1,11930,5772032,182,M.helveticum
GCF_007714185.1,NZ_VMQV01000139.1,11483,5772032,182,M.helveticum
GCF_007714185.1,NZ_VMQV01000140.1,11390,5772032,182,M.helveticum
GCF_007714185.1,NZ_VMQV01000141.1,11181,5772032,182,M.helveticum
GCF_007714185.1,NZ_VMQV01000142.1,11123,5772032,182,M.helveticum
GCF_007714185.1,NZ_VMQV01000143.1,10783,5772032,182,M.helveticum
GCF_007714185.1,NZ_VMQV01000144.1,10560,5772032,182,M.helveticum
GCF_007714185.1,NZ_VMQV01000145.1,10495,5772032,182,M.helveticum
GCF_007714185.1,NZ_VMQV01000146.1,9886,5772032,182,M.helveticum
GCF_007714185.1,NZ_VMQV01000147.1,9773,5772032,182,M.helveticum
GCF_007714185.1,NZ_VMQV01000148.1,9698,5772032,182,M.helveticum
GCF_007714185.1,NZ_VMQV01000149.1,9517,5772032,182,M.helveticum
GCF_007714185.1,NZ_VMQV01000150.1,9488,5772032,182,M.helveticum
GCF_007714185.1,NZ_VMQV01000151.1,9465,5772032,182,M.helveticum
GCF_007714185.1,NZ_VMQV01000152.1,9421,5772032,182,M.helveticum
GCF_007714185.1,NZ_VMQV01000153.1,9287,5772032,182,M.helveticum
GCF_007714185.1,NZ_VMQV01000154.1,9270,5772032,182,M.helveticum
GCF_007714185.1,NZ_VMQV01000155.1,9266,5772032,182,M.helveticum
GCF_007714185.1,NZ_VMQV01000156.1,9239,5772032,182,M.helveticum
GCF_007714185.1,NZ_VMQV01000157.1,9030,5772032,182,M.helveticum
GCF_007714185.1,NZ_VMQV01000158.1,9019,5772032,182,M.helveticum
GCF_007714185.1,NZ_VMQV01000159.1,8950,5772032,182,M.helveticum
GCF_007714185.1,NZ_VMQV01000160.1,8717,5772032,182,M.helveticum
GCF_007714185.1,NZ_VMQV01000161.1,8531,5772032,182,M.helveticum
GCF_007714185.1,NZ_VMQV01000162.1,8503,5772032,182,M.helveticum
GCF_007714185.1,NZ_VMQV01000163.1,7897,5772032,182,M.helveticum
GCF_007714185.1,NZ_VMQV01000164.1,7801,5772032,182,M.helveticum
GCF_007714185.1,NZ_VMQV01000165.1,7812,5772032,182,M.helveticum
GCF_007714185.1,NZ_VMQV01000166.1,7680,5772032,182,M.helveticum
GCF_007714185.1,NZ_VMQV01000167.1,7267,5772032,182,M.helveticum
GCF_007714185.1,NZ_VMQV01000168.1,7129,5772032,182,M.helveticum
GCF_007714185.1,NZ_VMQV01000169.1,7102,5772032,182,M.helveticum
GCF_007714185.1,NZ_VMQV01000170.1,6975,5772032,182,M.helveticum
GCF_007714185.1,NZ_VMQV01000171.1,6910,5772032,182,M.helveticum
GCF_007714185.1,NZ_VMQV01000172.1,6835,5772032,182,M.helveticum
GCF_007714185.1,NZ_VMQV01000173.1,6821,5772032,182,M.helveticum
GCF_007714185.1,NZ_VMQV01000174.1,6803,5772032,182,M.helveticum
GCF_007714185.1,NZ_VMQV01000175.1,6780,5772032,182,M.helveticum
GCF_007714185.1,NZ_VMQV01000176.1,6626,5772032,182,M.helveticum
GCF_007714185.1,NZ_VMQV01000177.1,6602,5772032,182,M.helveticum
GCF_007714185.1,NZ_VMQV01000178.1,6389,5772032,182,M.helveticum
GCF_007714185.1,NZ_VMQV01000179.1,6313,5772032,182,M.helveticum
GCF_007714185.1,NZ_VMQV01000180.1,6233,5772032,182,M.helveticum
GCF_007714185.1,NZ_VMQV01000181.1,6179,5772032,182,M.helveticum
GCF_007714185.1,NZ_VMQV01000182.1,6136,5772032,182,M.helveticum
GCF_007714185.1,NZ_VMQV01000183.1,5758,5772032,182,M.helveticum
GCF_007714185.1,NZ_VMQV01000184.1,5738,5772032,182,M.helveticum
GCF_007714185.1,NZ_VMQV01000185.1,5736,5772032,182,M.helveticum
GCF_007714185.1,NZ_VMQV01000186.1,5730,5772032,182,M.helveticum
GCF_007714185.1,NZ_VMQV01000187.1,5537,5772032,182,M.helveticum
GCF_007714185.1,NZ_VMQV01000188.1,5431,5772032,182,M.helveticum
GCF_007714185.1,NZ_VMQV01000189.1,5472,5772032,182,M.helveticum
GCF_007714185.1,NZ_VMQV01000190.1,5423,5772032,182,M.helveticum
GCF_007714185.1,NZ_VMQV01000191.1,5418,5772032,182,M.helveticum
GCF_007714185.1,NZ_VMQV01000192.1,4921,5772032,182,M.helveticum
GCF_007714185.1,NZ_VMQV01000193.1,4826,5772032,182,M.helveticum
GCF_007714185.1,NZ_VMQV01000194.1,4699,5772032,182,M.helveticum
GCF_007714185.1,NZ_VMQV01000195.1,4451,5772032,182,M.helveticum
GCF_007714185.1,NZ_VMQV01000196.1,4375,5772032,182,M.helveticum
GCF_007714185.1,NZ_VMQV01000197.1,4271,5772032,182,M.helveticum
GCF_007714185.1,NZ_VMQV01000198.1,4222,5772032,182,M.helveticum
GCF_007714185.1,NZ_VMQV01000199.1,4021,5772032,182,M.helveticum
GCF_007714185.1,NZ_VMQV01000200.1,4008,5772032,182,M.helveticum
GCF_007714185.1,NZ_VMQV01000201.1,3972,5772032,182,M.helveticum
GCF_007714185.1,NZ_VMQV01000202.1,3901,5772032,182,M.helveticum
GCF_007714185.1,NZ_VMQV01000203.1,3840,5772032,182,M.helveticum
GCF_007714185.1,NZ_VMQV01000204.1,3775,5772032,182,M.helveticum
GCF_007714185.1,NZ_VMQV01000205.1,3716,5772032,182,M.helveticum
GCF_007714185.1,NZ_VMQV01000206.1,3674,5772032,182,M.helveticum
GCF_007714185.1,NZ_VMQV01000207.1,3624,5772032,182,M.helveticum
GCF_007714185.1,NZ_VMQV01000208.1,3523,5772032,182,M.helveticum
GCF_007714185.1,NZ_VMQV01000209.1,3419,5772032,182,M.helveticum
GCF_007714185.1,NZ_VMQV01000210.1,3384,5772032,182,M.helveticum
GCF_007714185.1,NZ_VMQV01000211.1,3373,5772032,182,M.helveticum
GCF_007714185.1,NZ_VMQV01000212.1,3272,5772032,182,M.helveticum
GCF_007714185.1,NZ_VMQV01000213.1,3269,5772032,182,M.helveticum
GCF_007714185.1,NZ_VMQV01000214.1,3212,5772032,182,M.helveticum
GCF_007714185.1,NZ_VMQV01000215.1,3184,5772032,182,M.helveticum
GCF_007714185.1,NZ_VMQV01000216.1,2826,5772032,182,M.helveticum
GCF_007714185.1,NZ_VMQV01000217.1,2735,5772032,182,M.helveticum
GCF_007714185.1,NZ_VMQV01000218.1,2686,5772032,182,M.helveticum
GCF_007714185.1,NZ_VMQV01000219.1,2681,5772032,182,M.helveticum
GCF_007714185.1,NZ_VMQV01000220.1,2508,5772032,182,M.helveticum
GCF_007714185.1,NZ_VMQV01000221.1,2477,5772032,182,M.helveticum
GCF_007714185.1,NZ_VMQV01000222.1,2451,5772032,182,M.helveticum
GCF_007714185.1,NZ_VMQV01000223.1,2443,5772032,182,M.helveticum
GCF_007714185.1,NZ_VMQV01000224.1,2437,5772032,182,M.helveticum
GCF_007714185.1,NZ_VMQV01000225.1,2296,5772032,182,M.helveticum
GCF_007714185.1,NZ_VMQV01000226.1,2293,5772032,182,M.helveticum
GCF_007714185.1,NZ_VMQV01000227.1,2188,5772032,182,M.helveticum
GCF_007714185.1,NZ_VMQV01000228.1,2158,5772032,182,M.helveticum
GCF_007714185.1,NZ_VMQV01000229.1,2134,5772032,182,M.helveticum
GCF_007714185.1,NZ_VMQV01000230.1,2107,5772032,182,M.helveticum
GCF_007714185.1,NZ_VMQV01000231.1,2055,5772032,182,M.helveticum
GCF_007714185.1,NZ_VMQV01000232.1,1996,5772032,182,M.helveticum
GCF_007714185.1,NZ_VMQV01000233.1,1922,5772032,182,M.helveticum
GCF_007714185.1,NZ_VMQV01000234.1,1918,5772032,182,M.helveticum
GCF_007714185.1,NZ_VMQV01000235.1,1898,5772032,182,M.helveticum
GCF_007714185.1,NZ_VMQV01000236.1,1880,5772032,182,M.helveticum
GCF_007714185.1,NZ_VMQV01000237.1,1779,5772032,182,M.helveticum
GCF_007714185.1,NZ_VMQV01000238.1,1769,5772032,182,M.helveticum
GCF_007714185.1,NZ_VMQV01000239.1,1768,5772032,182,M.helveticum
GCF_007714185.1,NZ_VMQV01000240.1,1747,5772032,182,M.helveticum
GCF_007714185.1,NZ_VMQV01000241.1,1721,5772032,182,M.helveticum
GCF_007714185.1,NZ_VMQV01000242.1,1689,5772032,182,M.helveticum
GCF_007714185.1,NZ_VMQV01000243.1,1675,5772032,182,M.helveticum
GCF_007714185.1,NZ_VMQV01000244.1,1663,5772032,182,M.helveticum
GCF_007714185.1,NZ_VMQV01000245.1,1643,5772032,182,M.helveticum
GCF_007714185.1,NZ_VMQV01000246.1,1608,5772032,182,M.helveticum
GCF_007714185.1,NZ_VMQV01000247.1,1607,5772032,182,M.helveticum
GCF_007714185.1,NZ_VMQV01000248.1,1606,5772032,182,M.helveticum
GCF_007714185.1,NZ_VMQV01000249.1,1549,5772032,182,M.helveticum
GCF_007714185.1,NZ_VMQV01000250.1,1526,5772032,182,M.helveticum
GCF_007714185.1,NZ_VMQV01000251.1,1516,5772032,182,M.helveticum
GCF_007714185.1,NZ_VMQV01000252.1,1499,5772032,182,M.helveticum
GCF_007714185.1,NZ_VMQV01000253.1,1463,5772032,182,M.helveticum
GCF_007714185.1,NZ_VMQV01000254.1,1427,5772032,182,M.helveticum
GCF_007714185.1,NZ_VMQV01000255.1,1418,5772032,182,M.helveticum
GCF_007714185.1,NZ_VMQV01000256.1,1399,5772032,182,M.helveticum
GCF_007714185.1,NZ_VMQV01000257.1,1390,5772032,182,M.helveticum
GCF_007714185.1,NZ_VMQV01000258.1,1374,5772032,182,M.helveticum
GCF_007714185.1,NZ_VMQV01000259.1,1372,5772032,182,M.helveticum
GCF_007714185.1,NZ_VMQV01000260.1,1352,5772032,182,M.helveticum
GCF_007714185.1,NZ_VMQV01000261.1,1342,5772032,182,M.helveticum
GCF_007714185.1,NZ_VMQV01000262.1,1331,5772032,182,M.helveticum
GCF_007714185.1,NZ_VMQV01000263.1,1328,5772032,182,M.helveticum
GCF_007714185.1,NZ_VMQV01000264.1,1306,5772032,182,M.helveticum
GCF_007714185.1,NZ_VMQV01000265.1,1258,5772032,182,M.helveticum
GCF_007714185.1,NZ_VMQV01000266.1,1255,5772032,182,M.helveticum
GCF_007714185.1,NZ_VMQV01000267.1,1210,5772032,182,M.helveticum
GCF_007714185.1,NZ_VMQV01000268.1,1156,5772032,182,M.helveticum
GCF_007714185.1,NZ_VMQV01000269.1,1081,5772032,182,M.helveticum
GCF_007714185.1,NZ_VMQV01000270.1,1010,5772032,182,M.helveticum
GCF_007714185.1,NZ_VMQV01000271.1,1009,5772032,182,M.helveticum
GCF_007714185.1,NZ_VMQV01000272.1,1006,5772032,182,M.helveticum
GCF_007714185.1,NZ_VMQV01000273.1,992,5772032,182,M.helveticum
GCF_007714185.1,NZ_VMQV01000274.1,980,5772032,182,M.helveticum
GCF_007714185.1,NZ_VMQV01000275.1,942,5772032,182,M.helveticum
GCF_007714185.1,NZ_VMQV01000276.1,936,5772032,182,M.helveticum
GCF_007714185.1,NZ_VMQV01000277.1,934,5772032,182,M.helveticum
GCF_007714185.1,NZ_VMQV01000278.1,902,5772032,182,M.helveticum
GCF_007714185.1,NZ_VMQV01000279.1,890,5772032,182,M.helveticum
GCF_007714185.1,NZ_VMQV01000280.1,863,5772032,182,M.helveticum
GCF_007714185.1,NZ_VMQV01000281.1,860,5772032,182,M.helveticum
GCF_007714185.1,NZ_VMQV01000282.1,859,5772032,182,M.helveticum
GCF_007714185.1,NZ_VMQV01000283.1,856,5772032,182,M.helveticum
GCF_007714185.1,NZ_VMQV01000284.1,826,5772032,182,M.helveticum
GCF_007714185.1,NZ_VMQV01000285.1,821,5772032,182,M.helveticum
GCF_007714185.1,NZ_VMQV01000286.1,815,5772032,182,M.helveticum
GCF_007714185.1,NZ_VMQV01000287.1,810,5772032,182,M.helveticum
GCF_007714185.1,NZ_VMQV01000288.1,800,5772032,182,M.helveticum
GCF_007714185.1,NZ_VMQV01000289.1,795,5772032,182,M.helveticum
GCF_007714185.1,NZ_VMQV01000290.1,790,5772032,182,M.helveticum
GCF_007714185.1,NZ_VMQV01000291.1,775,5772032,182,M.helveticum
GCF_007714185.1,NZ_VMQV01000292.1,765,5772032,182,M.helveticum
GCF_007714185.1,NZ_VMQV01000293.1,761,5772032,182,M.helveticum
GCF_007714185.1,NZ_VMQV01000294.1,759,5772032,182,M.helveticum
GCF_007714185.1,NZ_VMQV01000295.1,757,5772032,182,M.helveticum
GCF_007714185.1,NZ_VMQV01000296.1,743,5772032,182,M.helveticum
GCF_007714185.1,NZ_VMQV01000297.1,741,5772032,182,M.helveticum
GCF_007714185.1,NZ_VMQV01000298.1,734,5772032,182,M.helveticum
GCF_007714185.1,NZ_VMQV01000299.1,721,5772032,182,M.helveticum
GCF_007714185.1,NZ_VMQV01000300.1,714,5772032,182,M.helveticum
GCF_007714185.1,NZ_VMQV01000301.1,710,5772032,182,M.helveticum
GCF_007714185.1,NZ_VMQV01000302.1,706,5772032,182,M.helveticum
GCF_007714185.1,NZ_VMQV01000303.1,702,5772032,182,M.helveticum
GCF_007714185.1,NZ_VMQV01000304.1,695,5772032,182,M.helveticum
GCF_007714185.1,NZ_VMQV01000305.1,691,5772032,182,M.helveticum
GCF_007714185.1,NZ_VMQV01000306.1,686,5772032,182,M.helveticum
GCF_007714185.1,NZ_VMQV01000307.1,681,5772032,182,M.helveticum
GCF_007714185.1,NZ_VMQV01000308.1,677,5772032,182,M.helveticum
GCF_007714185.1,NZ_VMQV01000309.1,665,5772032,182,M.helveticum
GCF_007714185.1,NZ_VMQV01000310.1,663,5772032,182,M.helveticum
GCF_007714185.1,NZ_VMQV01000311.1,652,5772032,182,M.helveticum
GCF_007714185.1,NZ_VMQV01000312.1,628,5772032,182,M.helveticum
GCF_007714185.1,NZ_VMQV01000313.1,619,5772032,182,M.helveticum
GCF_007714185.1,NZ_VMQV01000314.1,612,5772032,182,M.helveticum
GCF_007714185.1,NZ_VMQV01000315.1,609,5772032,182,M.helveticum
GCF_007714185.1,NZ_VMQV01000316.1,583,5772032,182,M.helveticum
GCF_007714185.1,NZ_VMQV01000317.1,581,5772032,182,M.helveticum
GCF_007714185.1,NZ_VMQV01000318.1,580,5772032,182,M.helveticum
GCF_007714185.1,NZ_VMQV01000319.1,563,5772032,182,M.helveticum
GCF_007714185.1,NZ_VMQV01000320.1,561,5772032,182,M.helveticum
GCF_007714185.1,NZ_VMQV01000321.1,551,5772032,182,M.helveticum
GCF_007714185.1,NZ_VMQV01000322.1,551,5772032,182,M.helveticum
GCF_007714185.1,NZ_VMQV01000323.1,529,5772032,182,M.helveticum
GCF_007714185.1,NZ_VMQV01000324.1,524,5772032,182,M.helveticum
GCF_007714185.1,NZ_VMQV01000325.1,510,5772032,182,M.helveticum
GCF_007714185.1,NZ_VMQV01000326.1,496,5772032,182,M.helveticum
GCF_007714185.1,NZ_VMQV01000327.1,495,5772032,182,M.helveticum
GCF_007714185.1,NZ_VMQV01000328.1,494,5772032,182,M.helveticum
GCF_007714185.1,NZ_VMQV01000329.1,487,5772032,182,M.helveticum
GCF_007714185.1,NZ_VMQV01000330.1,482,5772032,182,M.helveticum
GCF_007714185.1,NZ_VMQV01000331.1,470,5772032,182,M.helveticum
GCF_007714185.1,NZ_VMQV01000332.1,449,5772032,182,M.helveticum
GCF_007714185.1,NZ_VMQV01000333.1,444,5772032,182,M.helveticum
GCF_007714185.1,NZ_VMQV01000334.1,437,5772032,182,M.helveticum
GCF_007714185.1,NZ_VMQV01000335.1,430,5772032,182,M.helveticum
GCF_007714185.1,NZ_VMQV01000336.1,422,5772032,182,M.helveticum
GCF_007714185.1,NZ_VMQV01000337.1,421,5772032,182,M.helveticum
GCF_007714185.1,NZ_VMQV01000338.1,419,5772032,182,M.helveticum
GCF_007714185.1,NZ_VMQV01000339.1,389,5772032,182,M.helveticum
GCF_007714185.1,NZ_VMQV01000340.1,388,5772032,182,M.helveticum
GCF_007714185.1,NZ_VMQV01000341.1,385,5772032,182,M.helveticum
GCF_007714185.1,NZ_VMQV01000342.1,375,5772032,182,M.helveticum
GCF_007714185.1,NZ_VMQV01000343.1,348,5772032,182,M.helveticum
GCF_007714185.1,NZ_VMQV01000344.1,336,5772032,182,M.helveticum
GCF_007714185.1,NZ_VMQV01000345.1,331,5772032,182,M.helveticum
GCF_007714185.1,NZ_VMQV01000346.1,329,5772032,182,M.helveticum
GCF_007714185.1,NZ_VMQV01000347.1,321,5772032,182,M.helveticum
GCF_007714185.1,NZ_VMQV01000348.1,314,5772032,182,M.helveticum
GCF_007714185.1,NZ_VMQV01000349.1,310,5772032,182,M.helveticum
GCF_007714185.1,NZ_VMQV01000350.1,305,5772032,182,M.helveticum
GCF_007714185.1,NZ_VMQV01000351.1,300,5772032,182,M.helveticum
GCF_007714185.1,NZ_VMQV01000352.1,278,5772032,182,M.helveticum
GCF_007714185.1,NZ_VMQV01000353.1,275,5772032,182,M.helveticum
GCF_007714185.1,NZ_VMQV01000354.1,273,5772032,182,M.helveticum
GCF_007714185.1,NZ_VMQV01000355.1,265,5772032,182,M.helveticum
GCF_007714185.1,NZ_VMQV01000356.1,265,5772032,182,M.helveticum
GCF_007714185.1,NZ_VMQV01000357.1,259,5772032,182,M.helveticum
GCF_007714185.1,NZ_VMQV01000358.1,259,5772032,182,M.helveticum
GCF_007714185.1,NZ_VMQV01000359.1,254,5772032,182,M.helveticum
GCF_007714185.1,NZ_VMQV01000360.1,254,5772032,182,M.helveticum
GCF_007714185.1,NZ_VMQV01000361.1,253,5772032,182,M.helveticum
GCF_007714185.1,NZ_VMQV01000362.1,253,5772032,182,M.helveticum
GCF_007714185.1,NZ_VMQV01000363.1,247,5772032,182,M.helveticum
GCF_007714185.1,NZ_VMQV01000364.1,246,5772032,182,M.helveticum
GCF_007714185.1,NZ_VMQV01000365.1,239,5772032,182,M.helveticum
GCF_007714185.1,NZ_VMQV01000366.1,239,5772032,182,M.helveticum
GCF_007714185.1,NZ_VMQV01000367.1,237,5772032,182,M.helveticum
GCF_007714185.1,NZ_VMQV01000368.1,236,5772032,182,M.helveticum
GCF_007714185.1,NZ_VMQV01000369.1,234,5772032,182,M.helveticum
GCF_007714185.1,NZ_VMQV01000370.1,233,5772032,182,M.helveticum
GCF_007714185.1,NZ_VMQV01000371.1,232,5772032,182,M.helveticum
GCF_007714185.1,NZ_VMQV01000372.1,230,5772032,182,M.helveticum
GCF_007714185.1,NZ_VMQV01000373.1,230,5772032,182,M.helveticum
GCF_007714185.1,NZ_VMQV01000374.1,229,5772032,182,M.helveticum
GCF_007714185.1,NZ_VMQV01000375.1,223,5772032,182,M.helveticum
GCF_007714185.1,NZ_VMQV01000376.1,221,5772032,182,M.helveticum
GCF_007714185.1,NZ_VMQV01000377.1,218,5772032,182,M.helveticum
GCF_007714185.1,NZ_VMQV01000378.1,218,5772032,182,M.helveticum
GCF_007714185.1,NZ_VMQV01000379.1,218,5772032,182,M.helveticum
GCF_007714185.1,NZ_VMQV01000380.1,216,5772032,182,M.helveticum
GCF_007714185.1,NZ_VMQV01000381.1,215,5772032,182,M.helveticum
GCF_007714185.1,NZ_VMQV01000382.1,213,5772032,182,M.helveticum
GCF_007714185.1,NZ_VMQV01000383.1,211,5772032,182,M.helveticum
GCF_007714185.1,NZ_VMQV01000384.1,207,5772032,182,M.helveticum
GCF_007714185.1,NZ_VMQV01000385.1,204,5772032,182,M.helveticum
GCF_007714185.1,NZ_VMQV01000386.1,204,5772032,182,M.helveticum
GCF_007714185.1,NZ_VMQV01000387.1,203,5772032,182,M.helveticum
GCF_010731895.1,NZ_AP022596.1,6400811,6400811,187,M.helvum
GCF_019645815.1,NZ_CP080997.1,5061737,5061737,64,M.heraklionensis
GCF_010729485.1,NZ_AP022609.1,4396654,4396654,70,M.hiberniae
GCF_010723735.1,NZ_BLLB01000001.1,185397,6160733,69,M.hippocampi
GCF_010723735.1,NZ_BLLB01000002.1,5948177,6160733,69,M.hippocampi
GCF_010723735.1,NZ_BLLB01000003.1,27159,6160733,69,M.hippocampi
GCF_027529605.1,NZ_JAPZPY010000001.1,1161583,5875958,84,M.hippophais
GCF_027529605.1,NZ_JAPZPY010000002.1,607689,5875958,84,M.hippophais
GCF_027529605.1,NZ_JAPZPY010000003.1,598653,5875958,84,M.hippophais
GCF_027529605.1,NZ_JAPZPY010000004.1,393863,5875958,84,M.hippophais
GCF_027529605.1,NZ_JAPZPY010000005.1,319503,5875958,84,M.hippophais
GCF_027529605.1,NZ_JAPZPY010000006.1,307607,5875958,84,M.hippophais
GCF_027529605.1,NZ_JAPZPY010000007.1,266353,5875958,84,M.hippophais
GCF_027529605.1,NZ_JAPZPY010000008.1,254278,5875958,84,M.hippophais
GCF_027529605.1,NZ_JAPZPY010000009.1,244693,5875958,84,M.hippophais
GCF_027529605.1,NZ_JAPZPY010000010.1,223100,5875958,84,M.hippophais
GCF_027529605.1,NZ_JAPZPY010000011.1,222900,5875958,84,M.hippophais
GCF_027529605.1,NZ_JAPZPY010000012.1,188349,5875958,84,M.hippophais
GCF_027529605.1,NZ_JAPZPY010000013.1,166686,5875958,84,M.hippophais
GCF_027529605.1,NZ_JAPZPY010000014.1,162127,5875958,84,M.hippophais
GCF_027529605.1,NZ_JAPZPY010000015.1,151979,5875958,84,M.hippophais
GCF_027529605.1,NZ_JAPZPY010000016.1,144208,5875958,84,M.hippophais
GCF_027529605.1,NZ_JAPZPY010000017.1,137025,5875958,84,M.hippophais
GCF_027529605.1,NZ_JAPZPY010000018.1,131348,5875958,84,M.hippophais
GCF_027529605.1,NZ_JAPZPY010000019.1,70621,5875958,84,M.hippophais
GCF_027529605.1,NZ_JAPZPY010000020.1,41869,5875958,84,M.hippophais
GCF_027529605.1,NZ_JAPZPY010000021.1,30616,5875958,84,M.hippophais
GCF_027529605.1,NZ_JAPZPY010000022.1,27176,5875958,84,M.hippophais
GCF_027529605.1,NZ_JAPZPY010000023.1,5551,5875958,84,M.hippophais
GCF_027529605.1,NZ_JAPZPY010000024.1,4222,5875958,84,M.hippophais
GCF_027529605.1,NZ_JAPZPY010000025.1,3793,5875958,84,M.hippophais
GCF_027529605.1,NZ_JAPZPY010000026.1,1521,5875958,84,M.hippophais
GCF_027529605.1,NZ_JAPZPY010000027.1,970,5875958,84,M.hippophais
GCF_027529605.1,NZ_JAPZPY010000028.1,801,5875958,84,M.hippophais
GCF_027529605.1,NZ_JAPZPY010000029.1,716,5875958,84,M.hippophais
GCF_027529605.1,NZ_JAPZPY010000030.1,623,5875958,84,M.hippophais
GCF_027529605.1,NZ_JAPZPY010000031.1,621,5875958,84,M.hippophais
GCF_027529605.1,NZ_JAPZPY010000032.1,583,5875958,84,M.hippophais
GCF_027529605.1,NZ_JAPZPY010000033.1,583,5875958,84,M.hippophais
GCF_027529605.1,NZ_JAPZPY010000034.1,571,5875958,84,M.hippophais
GCF_027529605.1,NZ_JAPZPY010000035.1,570,5875958,84,M.hippophais
GCF_027529605.1,NZ_JAPZPY010000036.1,540,5875958,84,M.hippophais
GCF_027529605.1,NZ_JAPZPY010000037.1,525,5875958,84,M.hippophais
GCF_027529605.1,NZ_JAPZPY010000038.1,521,5875958,84,M.hippophais
GCF_027529605.1,NZ_JAPZPY010000039.1,518,5875958,84,M.hippophais
GCF_027529605.1,NZ_JAPZPY010000040.1,503,5875958,84,M.hippophais
GCF_025822245.1,NZ_JACKTL010000001.1,1318,6529154,133,M.hodleri
GCF_025822245.1,NZ_JACKTL010000002.1,22408,6529154,133,M.hodleri
GCF_025822245.1,NZ_JACKTL010000003.1,2408,6529154,133,M.hodleri
GCF_025822245.1,NZ_JACKTL010000004.1,41260,6529154,133,M.hodleri
GCF_025822245.1,NZ_JACKTL010000005.1,134870,6529154,133,M.hodleri
GCF_025822245.1,NZ_JACKTL010000006.1,931,6529154,133,M.hodleri
GCF_025822245.1,NZ_JACKTL010000007.1,1157,6529154,133,M.hodleri
GCF_025822245.1,NZ_JACKTL010000008.1,238581,6529154,133,M.hodleri
GCF_025822245.1,NZ_JACKTL010000009.1,54036,6529154,133,M.hodleri
GCF_025822245.1,NZ_JACKTL010000010.1,58310,6529154,133,M.hodleri
GCF_025822245.1,NZ_JACKTL010000011.1,12817,6529154,133,M.hodleri
GCF_025822245.1,NZ_JACKTL010000012.1,27796,6529154,133,M.hodleri
GCF_025822245.1,NZ_JACKTL010000013.1,66343,6529154,133,M.hodleri
GCF_025822245.1,NZ_JACKTL010000014.1,2576,6529154,133,M.hodleri
GCF_025822245.1,NZ_JACKTL010000015.1,65763,6529154,133,M.hodleri
GCF_025822245.1,NZ_JACKTL010000016.1,47099,6529154,133,M.hodleri
GCF_025822245.1,NZ_JACKTL010000017.1,256007,6529154,133,M.hodleri
GCF_025822245.1,NZ_JACKTL010000018.1,49481,6529154,133,M.hodleri
GCF_025822245.1,NZ_JACKTL010000019.1,185841,6529154,133,M.hodleri
GCF_025822245.1,NZ_JACKTL010000020.1,229155,6529154,133,M.hodleri
GCF_025822245.1,NZ_JACKTL010000021.1,60190,6529154,133,M.hodleri
GCF_025822245.1,NZ_JACKTL010000022.1,18100,6529154,133,M.hodleri
GCF_025822245.1,NZ_JACKTL010000023.1,19406,6529154,133,M.hodleri
GCF_025822245.1,NZ_JACKTL010000024.1,336,6529154,133,M.hodleri
GCF_025822245.1,NZ_JACKTL010000025.1,21521,6529154,133,M.hodleri
GCF_025822245.1,NZ_JACKTL010000026.1,530696,6529154,133,M.hodleri
GCF_025822245.1,NZ_JACKTL010000027.1,126081,6529154,133,M.hodleri
GCF_025822245.1,NZ_JACKTL010000028.1,64492,6529154,133,M.hodleri
GCF_025822245.1,NZ_JACKTL010000029.1,26463,6529154,133,M.hodleri
GCF_025822245.1,NZ_JACKTL010000030.1,128796,6529154,133,M.hodleri
GCF_025822245.1,NZ_JACKTL010000031.1,731,6529154,133,M.hodleri
GCF_025822245.1,NZ_JACKTL010000032.1,960,6529154,133,M.hodleri
GCF_025822245.1,NZ_JACKTL010000033.1,561632,6529154,133,M.hodleri
GCF_025822245.1,NZ_JACKTL010000034.1,29844,6529154,133,M.hodleri
GCF_025822245.1,NZ_JACKTL010000035.1,34903,6529154,133,M.hodleri
GCF_025822245.1,NZ_JACKTL010000036.1,282541,6529154,133,M.hodleri
GCF_025822245.1,NZ_JACKTL010000037.1,982,6529154,133,M.hodleri
GCF_025822245.1,NZ_JACKTL010000038.1,139411,6529154,133,M.hodleri
GCF_025822245.1,NZ_JACKTL010000039.1,982,6529154,133,M.hodleri
GCF_025822245.1,NZ_JACKTL010000040.1,2178,6529154,133,M.hodleri
GCF_025822245.1,NZ_JACKTL010000041.1,143477,6529154,133,M.hodleri
GCF_025822245.1,NZ_JACKTL010000042.1,960,6529154,133,M.hodleri
GCF_025822245.1,NZ_JACKTL010000043.1,401016,6529154,133,M.hodleri
GCF_025822245.1,NZ_JACKTL010000044.1,15465,6529154,133,M.hodleri
GCF_025822245.1,NZ_JACKTL010000045.1,338,6529154,133,M.hodleri
GCF_025822245.1,NZ_JACKTL010000046.1,86182,6529154,133,M.hodleri
GCF_025822245.1,NZ_JACKTL010000047.1,2315,6529154,133,M.hodleri
GCF_025822245.1,NZ_JACKTL010000048.1,6665,6529154,133,M.hodleri
GCF_025822245.1,NZ_JACKTL010000049.1,2375,6529154,133,M.hodleri
GCF_025822245.1,NZ_JACKTL010000050.1,151383,6529154,133,M.hodleri
GCF_025822245.1,NZ_JACKTL010000051.1,59756,6529154,133,M.hodleri
GCF_025822245.1,NZ_JACKTL010000052.1,131152,6529154,133,M.hodleri
GCF_025822245.1,NZ_JACKTL010000053.1,286445,6529154,133,M.hodleri
GCF_025822245.1,NZ_JACKTL010000054.1,449,6529154,133,M.hodleri
GCF_025822245.1,NZ_JACKTL010000055.1,661,6529154,133,M.hodleri
GCF_025822245.1,NZ_JACKTL010000056.1,169004,6529154,133,M.hodleri
GCF_025822245.1,NZ_JACKTL010000057.1,5208,6529154,133,M.hodleri
GCF_025822245.1,NZ_JACKTL010000058.1,681,6529154,133,M.hodleri
GCF_025822245.1,NZ_JACKTL010000059.1,95871,6529154,133,M.hodleri
GCF_025822245.1,NZ_JACKTL010000060.1,580,6529154,133,M.hodleri
GCF_025822245.1,NZ_JACKTL010000061.1,92746,6529154,133,M.hodleri
GCF_025822245.1,NZ_JACKTL010000062.1,116236,6529154,133,M.hodleri
GCF_025822245.1,NZ_JACKTL010000063.1,45027,6529154,133,M.hodleri
GCF_025822245.1,NZ_JACKTL010000064.1,8225,6529154,133,M.hodleri
GCF_025822245.1,NZ_JACKTL010000065.1,113017,6529154,133,M.hodleri
GCF_025822245.1,NZ_JACKTL010000066.1,5206,6529154,133,M.hodleri
GCF_025822245.1,NZ_JACKTL010000067.1,174671,6529154,133,M.hodleri
GCF_025822245.1,NZ_JACKTL010000068.1,90413,6529154,133,M.hodleri
GCF_025822245.1,NZ_JACKTL010000069.1,174789,6529154,133,M.hodleri
GCF_025822245.1,NZ_JACKTL010000070.1,109796,6529154,133,M.hodleri
GCF_025822245.1,NZ_JACKTL010000071.1,21433,6529154,133,M.hodleri
GCF_025822245.1,NZ_JACKTL010000072.1,14282,6529154,133,M.hodleri
GCF_025822245.1,NZ_JACKTL010000073.1,348730,6529154,133,M.hodleri
GCF_025822245.1,NZ_JACKTL010000074.1,3244,6529154,133,M.hodleri
GCF_025822245.1,NZ_JACKTL010000075.1,1525,6529154,133,M.hodleri
GCF_025822245.1,NZ_JACKTL010000076.1,20525,6529154,133,M.hodleri
GCF_025822245.1,NZ_JACKTL010000077.1,320,6529154,133,M.hodleri
GCF_025822245.1,NZ_JACKTL010000078.1,59317,6529154,133,M.hodleri
GCF_025822245.1,NZ_JACKTL010000079.1,12799,6529154,133,M.hodleri
GCF_025822245.1,NZ_JACKTL010000080.1,5954,6529154,133,M.hodleri
GCF_025822245.1,NZ_JACKTL010000081.1,2514,6529154,133,M.hodleri
GCF_019645835.1,NZ_CP080998.1,5623714,5623714,124,M.holsaticum
GCF_963378105.1,NZ_OY726398.1,4794172,4794172,220,M.holstebronense
GCF_025823315.1,NZ_JACKVJ010000001.1,405332,6461255,22,M.houstonense
GCF_025823315.1,NZ_JACKVJ010000002.1,125104,6461255,22,M.houstonense
GCF_025823315.1,NZ_JACKVJ010000003.1,156126,6461255,22,M.houstonense
GCF_025823315.1,NZ_JACKVJ010000004.1,200665,6461255,22,M.houstonense
GCF_025823315.1,NZ_JACKVJ010000005.1,675946,6461255,22,M.houstonense
GCF_025823315.1,NZ_JACKVJ010000006.1,1258263,6461255,22,M.houstonense
GCF_025823315.1,NZ_JACKVJ010000007.1,565735,6461255,22,M.houstonense
GCF_025823315.1,NZ_JACKVJ010000008.1,21240,6461255,22,M.houstonense
GCF_025823315.1,NZ_JACKVJ010000009.1,64423,6461255,22,M.houstonense
GCF_025823315.1,NZ_JACKVJ010000010.1,942544,6461255,22,M.houstonense
GCF_025823315.1,NZ_JACKVJ010000011.1,69192,6461255,22,M.houstonense
GCF_025823315.1,NZ_JACKVJ010000012.1,90758,6461255,22,M.houstonense
GCF_025823315.1,NZ_JACKVJ010000013.1,363,6461255,22,M.houstonense
GCF_025823315.1,NZ_JACKVJ010000014.1,754,6461255,22,M.houstonense
GCF_025823315.1,NZ_JACKVJ010000015.1,108566,6461255,22,M.houstonense
GCF_025823315.1,NZ_JACKVJ010000016.1,111404,6461255,22,M.houstonense
GCF_025823315.1,NZ_JACKVJ010000017.1,374,6461255,22,M.houstonense
GCF_025823315.1,NZ_JACKVJ010000018.1,1664466,6461255,22,M.houstonense
GCF_002838065.1,NZ_PIZU01000001.1,353003,5575795,160,M.hubeiense
GCF_002838065.1,NZ_PIZU01000002.1,322743,5575795,160,M.hubeiense
GCF_002838065.1,NZ_PIZU01000003.1,270043,5575795,160,M.hubeiense
GCF_002838065.1,NZ_PIZU01000004.1,217082,5575795,160,M.hubeiense
GCF_002838065.1,NZ_PIZU01000005.1,206267,5575795,160,M.hubeiense
GCF_002838065.1,NZ_PIZU01000006.1,164347,5575795,160,M.hubeiense
GCF_002838065.1,NZ_PIZU01000007.1,164025,5575795,160,M.hubeiense
GCF_002838065.1,NZ_PIZU01000008.1,155545,5575795,160,M.hubeiense
GCF_002838065.1,NZ_PIZU01000009.1,147331,5575795,160,M.hubeiense
GCF_002838065.1,NZ_PIZU01000010.1,145518,5575795,160,M.hubeiense
GCF_002838065.1,NZ_PIZU01000011.1,138665,5575795,160,M.hubeiense
GCF_002838065.1,NZ_PIZU01000012.1,126469,5575795,160,M.hubeiense
GCF_002838065.1,NZ_PIZU01000013.1,126028,5575795,160,M.hubeiense
GCF_002838065.1,NZ_PIZU01000014.1,124346,5575795,160,M.hubeiense
GCF_002838065.1,NZ_PIZU01000015.1,121122,5575795,160,M.hubeiense
GCF_002838065.1,NZ_PIZU01000016.1,117476,5575795,160,M.hubeiense
GCF_002838065.1,NZ_PIZU01000017.1,114098,5575795,160,M.hubeiense
GCF_002838065.1,NZ_PIZU01000018.1,104482,5575795,160,M.hubeiense
GCF_002838065.1,NZ_PIZU01000019.1,103615,5575795,160,M.hubeiense
GCF_002838065.1,NZ_PIZU01000020.1,103583,5575795,160,M.hubeiense
GCF_002838065.1,NZ_PIZU01000021.1,101406,5575795,160,M.hubeiense
GCF_002838065.1,NZ_PIZU01000022.1,91738,5575795,160,M.hubeiense
GCF_002838065.1,NZ_PIZU01000023.1,80101,5575795,160,M.hubeiense
GCF_002838065.1,NZ_PIZU01000024.1,80037,5575795,160,M.hubeiense
GCF_002838065.1,NZ_PIZU01000025.1,74246,5575795,160,M.hubeiense
GCF_002838065.1,NZ_PIZU01000026.1,70924,5575795,160,M.hubeiense
GCF_002838065.1,NZ_PIZU01000027.1,70270,5575795,160,M.hubeiense
GCF_002838065.1,NZ_PIZU01000028.1,67585,5575795,160,M.hubeiense
GCF_002838065.1,NZ_PIZU01000029.1,64682,5575795,160,M.hubeiense
GCF_002838065.1,NZ_PIZU01000030.1,62607,5575795,160,M.hubeiense
GCF_002838065.1,NZ_PIZU01000031.1,60389,5575795,160,M.hubeiense
GCF_002838065.1,NZ_PIZU01000032.1,59062,5575795,160,M.hubeiense
GCF_002838065.1,NZ_PIZU01000033.1,58111,5575795,160,M.hubeiense
GCF_002838065.1,NZ_PIZU01000034.1,57777,5575795,160,M.hubeiense
GCF_002838065.1,NZ_PIZU01000035.1,50440,5575795,160,M.hubeiense
GCF_002838065.1,NZ_PIZU01000036.1,49632,5575795,160,M.hubeiense
GCF_002838065.1,NZ_PIZU01000037.1,47947,5575795,160,M.hubeiense
GCF_002838065.1,NZ_PIZU01000038.1,45559,5575795,160,M.hubeiense
GCF_002838065.1,NZ_PIZU01000039.1,42786,5575795,160,M.hubeiense
GCF_002838065.1,NZ_PIZU01000040.1,42579,5575795,160,M.hubeiense
GCF_002838065.1,NZ_PIZU01000041.1,39253,5575795,160,M.hubeiense
GCF_002838065.1,NZ_PIZU01000042.1,39210,5575795,160,M.hubeiense
GCF_002838065.1,NZ_PIZU01000043.1,37846,5575795,160,M.hubeiense
GCF_002838065.1,NZ_PIZU01000044.1,37781,5575795,160,M.hubeiense
GCF_002838065.1,NZ_PIZU01000045.1,34928,5575795,160,M.hubeiense
GCF_002838065.1,NZ_PIZU01000046.1,34504,5575795,160,M.hubeiense
GCF_002838065.1,NZ_PIZU01000047.1,33627,5575795,160,M.hubeiense
GCF_002838065.1,NZ_PIZU01000048.1,33074,5575795,160,M.hubeiense
GCF_002838065.1,NZ_PIZU01000049.1,30272,5575795,160,M.hubeiense
GCF_002838065.1,NZ_PIZU01000050.1,29667,5575795,160,M.hubeiense
GCF_002838065.1,NZ_PIZU01000051.1,27035,5575795,160,M.hubeiense
GCF_002838065.1,NZ_PIZU01000052.1,25686,5575795,160,M.hubeiense
GCF_002838065.1,NZ_PIZU01000053.1,25488,5575795,160,M.hubeiense
GCF_002838065.1,NZ_PIZU01000054.1,25463,5575795,160,M.hubeiense
GCF_002838065.1,NZ_PIZU01000055.1,23897,5575795,160,M.hubeiense
GCF_002838065.1,NZ_PIZU01000056.1,22689,5575795,160,M.hubeiense
GCF_002838065.1,NZ_PIZU01000057.1,21945,5575795,160,M.hubeiense
GCF_002838065.1,NZ_PIZU01000058.1,20883,5575795,160,M.hubeiense
GCF_002838065.1,NZ_PIZU01000059.1,20854,5575795,160,M.hubeiense
GCF_002838065.1,NZ_PIZU01000060.1,19593,5575795,160,M.hubeiense
GCF_002838065.1,NZ_PIZU01000061.1,19046,5575795,160,M.hubeiense
GCF_002838065.1,NZ_PIZU01000062.1,18766,5575795,160,M.hubeiense
GCF_002838065.1,NZ_PIZU01000063.1,18754,5575795,160,M.hubeiense
GCF_002838065.1,NZ_PIZU01000064.1,17634,5575795,160,M.hubeiense
GCF_002838065.1,NZ_PIZU01000065.1,16998,5575795,160,M.hubeiense
GCF_002838065.1,NZ_PIZU01000066.1,16653,5575795,160,M.hubeiense
GCF_002838065.1,NZ_PIZU01000067.1,16227,5575795,160,M.hubeiense
GCF_002838065.1,NZ_PIZU01000068.1,15802,5575795,160,M.hubeiense
GCF_002838065.1,NZ_PIZU01000069.1,14371,5575795,160,M.hubeiense
GCF_002838065.1,NZ_PIZU01000070.1,13555,5575795,160,M.hubeiense
GCF_002838065.1,NZ_PIZU01000071.1,12791,5575795,160,M.hubeiense
GCF_002838065.1,NZ_PIZU01000072.1,11222,5575795,160,M.hubeiense
GCF_002838065.1,NZ_PIZU01000073.1,10423,5575795,160,M.hubeiense
GCF_002838065.1,NZ_PIZU01000074.1,10261,5575795,160,M.hubeiense
GCF_002838065.1,NZ_PIZU01000075.1,10254,5575795,160,M.hubeiense
GCF_002838065.1,NZ_PIZU01000076.1,9637,5575795,160,M.hubeiense
GCF_002838065.1,NZ_PIZU01000077.1,9540,5575795,160,M.hubeiense
GCF_002838065.1,NZ_PIZU01000078.1,8294,5575795,160,M.hubeiense
GCF_002838065.1,NZ_PIZU01000079.1,8091,5575795,160,M.hubeiense
GCF_002838065.1,NZ_PIZU01000080.1,6543,5575795,160,M.hubeiense
GCF_002838065.1,NZ_PIZU01000081.1,5227,5575795,160,M.hubeiense
GCF_002838065.1,NZ_PIZU01000082.1,5072,5575795,160,M.hubeiense
GCF_002838065.1,NZ_PIZU01000083.1,4839,5575795,160,M.hubeiense
GCF_002838065.1,NZ_PIZU01000084.1,4689,5575795,160,M.hubeiense
GCF_002838065.1,NZ_PIZU01000085.1,4628,5575795,160,M.hubeiense
GCF_002838065.1,NZ_PIZU01000086.1,4574,5575795,160,M.hubeiense
GCF_002838065.1,NZ_PIZU01000087.1,4276,5575795,160,M.hubeiense
GCF_002838065.1,NZ_PIZU01000088.1,4040,5575795,160,M.hubeiense
GCF_002838065.1,NZ_PIZU01000089.1,3863,5575795,160,M.hubeiense
GCF_002838065.1,NZ_PIZU01000090.1,3600,5575795,160,M.hubeiense
GCF_002838065.1,NZ_PIZU01000091.1,3456,5575795,160,M.hubeiense
GCF_002838065.1,NZ_PIZU01000092.1,3076,5575795,160,M.hubeiense
GCF_002838065.1,NZ_PIZU01000093.1,3038,5575795,160,M.hubeiense
GCF_002838065.1,NZ_PIZU01000094.1,2690,5575795,160,M.hubeiense
GCF_002838065.1,NZ_PIZU01000095.1,2572,5575795,160,M.hubeiense
GCF_002838065.1,NZ_PIZU01000096.1,2562,5575795,160,M.hubeiense
GCF_002838065.1,NZ_PIZU01000097.1,2483,5575795,160,M.hubeiense
GCF_002838065.1,NZ_PIZU01000098.1,2340,5575795,160,M.hubeiense
GCF_002838065.1,NZ_PIZU01000099.1,2075,5575795,160,M.hubeiense
GCF_002838065.1,NZ_PIZU01000100.1,1990,5575795,160,M.hubeiense
GCF_002838065.1,NZ_PIZU01000101.1,1763,5575795,160,M.hubeiense
GCF_002838065.1,NZ_PIZU01000102.1,1757,5575795,160,M.hubeiense
GCF_002838065.1,NZ_PIZU01000103.1,1676,5575795,160,M.hubeiense
GCF_002838065.1,NZ_PIZU01000104.1,1635,5575795,160,M.hubeiense
GCF_002838065.1,NZ_PIZU01000105.1,1589,5575795,160,M.hubeiense
GCF_002838065.1,NZ_PIZU01000106.1,1537,5575795,160,M.hubeiense
GCF_002838065.1,NZ_PIZU01000107.1,1401,5575795,160,M.hubeiense
GCF_002838065.1,NZ_PIZU01000108.1,1366,5575795,160,M.hubeiense
GCF_002838065.1,NZ_PIZU01000109.1,1365,5575795,160,M.hubeiense
GCF_002838065.1,NZ_PIZU01000110.1,1344,5575795,160,M.hubeiense
GCF_002838065.1,NZ_PIZU01000111.1,1300,5575795,160,M.hubeiense
GCF_002838065.1,NZ_PIZU01000112.1,1280,5575795,160,M.hubeiense
GCF_002838065.1,NZ_PIZU01000113.1,1272,5575795,160,M.hubeiense
GCF_002838065.1,NZ_PIZU01000114.1,1260,5575795,160,M.hubeiense
GCF_002838065.1,NZ_PIZU01000115.1,1054,5575795,160,M.hubeiense
GCF_002838065.1,NZ_PIZU01000116.1,1043,5575795,160,M.hubeiense
GCF_002838065.1,NZ_PIZU01000117.1,1004,5575795,160,M.hubeiense
GCF_002838065.1,NZ_PIZU01000118.1,955,5575795,160,M.hubeiense
GCF_002838065.1,NZ_PIZU01000119.1,918,5575795,160,M.hubeiense
GCF_002838065.1,NZ_PIZU01000120.1,917,5575795,160,M.hubeiense
GCF_002838065.1,NZ_PIZU01000121.1,910,5575795,160,M.hubeiense
GCF_002838065.1,NZ_PIZU01000122.1,856,5575795,160,M.hubeiense
GCF_002838065.1,NZ_PIZU01000123.1,845,5575795,160,M.hubeiense
GCF_002838065.1,NZ_PIZU01000124.1,828,5575795,160,M.hubeiense
GCF_002838065.1,NZ_PIZU01000125.1,826,5575795,160,M.hubeiense
GCF_002838065.1,NZ_PIZU01000126.1,813,5575795,160,M.hubeiense
GCF_002838065.1,NZ_PIZU01000127.1,791,5575795,160,M.hubeiense
GCF_002838065.1,NZ_PIZU01000128.1,787,5575795,160,M.hubeiense
GCF_002838065.1,NZ_PIZU01000129.1,738,5575795,160,M.hubeiense
GCF_002838065.1,NZ_PIZU01000130.1,719,5575795,160,M.hubeiense
GCF_002838065.1,NZ_PIZU01000131.1,708,5575795,160,M.hubeiense
GCF_002838065.1,NZ_PIZU01000132.1,664,5575795,160,M.hubeiense
GCF_002838065.1,NZ_PIZU01000133.1,626,5575795,160,M.hubeiense
GCF_002838065.1,NZ_PIZU01000134.1,583,5575795,160,M.hubeiense
GCF_002838065.1,NZ_PIZU01000135.1,564,5575795,160,M.hubeiense
GCF_002838065.1,NZ_PIZU01000136.1,539,5575795,160,M.hubeiense
GCF_002838065.1,NZ_PIZU01000137.1,529,5575795,160,M.hubeiense
GCF_002838065.1,NZ_PIZU01000138.1,520,5575795,160,M.hubeiense
GCF_002838065.1,NZ_PIZU01000139.1,506,5575795,160,M.hubeiense
GCF_002838065.1,NZ_PIZU01000140.1,499,5575795,160,M.hubeiense
GCF_002838065.1,NZ_PIZU01000141.1,488,5575795,160,M.hubeiense
GCF_002838065.1,NZ_PIZU01000142.1,484,5575795,160,M.hubeiense
GCF_002838065.1,NZ_PIZU01000143.1,480,5575795,160,M.hubeiense
GCF_002838065.1,NZ_PIZU01000144.1,480,5575795,160,M.hubeiense
GCF_002838065.1,NZ_PIZU01000145.1,480,5575795,160,M.hubeiense
GCF_002838065.1,NZ_PIZU01000146.1,453,5575795,160,M.hubeiense
GCF_002838065.1,NZ_PIZU01000147.1,451,5575795,160,M.hubeiense
GCF_002838065.1,NZ_PIZU01000148.1,443,5575795,160,M.hubeiense
GCF_002838065.1,NZ_PIZU01000149.1,433,5575795,160,M.hubeiense
GCF_002838065.1,NZ_PIZU01000150.1,430,5575795,160,M.hubeiense
GCF_002838065.1,NZ_PIZU01000151.1,391,5575795,160,M.hubeiense
GCF_002838065.1,NZ_PIZU01000152.1,378,5575795,160,M.hubeiense
GCF_002838065.1,NZ_PIZU01000153.1,371,5575795,160,M.hubeiense
GCF_002838065.1,NZ_PIZU01000154.1,367,5575795,160,M.hubeiense
GCF_002838065.1,NZ_PIZU01000155.1,366,5575795,160,M.hubeiense
GCF_002838065.1,NZ_PIZU01000156.1,364,5575795,160,M.hubeiense
GCF_002838065.1,NZ_PIZU01000157.1,363,5575795,160,M.hubeiense
GCF_002838065.1,NZ_PIZU01000158.1,360,5575795,160,M.hubeiense
GCF_002838065.1,NZ_PIZU01000159.1,351,5575795,160,M.hubeiense
GCF_002838065.1,NZ_PIZU01000160.1,350,5575795,160,M.hubeiense
GCF_002838065.1,NZ_PIZU01000161.1,344,5575795,160,M.hubeiense
GCF_002838065.1,NZ_PIZU01000162.1,343,5575795,160,M.hubeiense
GCF_002838065.1,NZ_PIZU01000163.1,343,5575795,160,M.hubeiense
GCF_002838065.1,NZ_PIZU01000164.1,337,5575795,160,M.hubeiense
GCF_002838065.1,NZ_PIZU01000165.1,333,5575795,160,M.hubeiense
GCF_002838065.1,NZ_PIZU01000166.1,324,5575795,160,M.hubeiense
GCF_002838065.1,NZ_PIZU01000167.1,320,5575795,160,M.hubeiense
GCF_002838065.1,NZ_PIZU01000168.1,319,5575795,160,M.hubeiense
GCF_002838065.1,NZ_PIZU01000169.1,318,5575795,160,M.hubeiense
GCF_002838065.1,NZ_PIZU01000170.1,316,5575795,160,M.hubeiense
GCF_002838065.1,NZ_PIZU01000171.1,311,5575795,160,M.hubeiense
GCF_002838065.1,NZ_PIZU01000172.1,304,5575795,160,M.hubeiense
GCF_900078685.2,NZ_LT546165.1,7114,4849907,74,M.icosiumassiliensis
GCF_900078685.2,NZ_LT546166.1,3843338,4849907,74,M.icosiumassiliensis
GCF_900078685.2,NZ_LT546167.1,24028,4849907,74,M.icosiumassiliensis
GCF_900078685.2,NZ_LT546168.1,14118,4849907,74,M.icosiumassiliensis
GCF_900078685.2,NZ_LT546169.1,7479,4849907,74,M.icosiumassiliensis
GCF_900078685.2,NZ_LT546170.1,851084,4849907,74,M.icosiumassiliensis
GCF_900078685.2,NZ_LT546171.1,4714,4849907,74,M.icosiumassiliensis
GCF_900078685.2,NZ_LT546172.1,853,4849907,74,M.icosiumassiliensis
GCF_900078685.2,NZ_LT546173.1,983,4849907,74,M.icosiumassiliensis
GCF_900078685.2,NZ_LT546174.1,2382,4849907,74,M.icosiumassiliensis
GCF_900078685.2,NZ_LT546175.1,2531,4849907,74,M.icosiumassiliensis
GCF_900078685.2,NZ_LT546176.1,1901,4849907,74,M.icosiumassiliensis
GCF_900078685.2,NZ_LT546177.1,3390,4849907,74,M.icosiumassiliensis
GCF_900078685.2,NZ_LT546178.1,1132,4849907,74,M.icosiumassiliensis
GCF_900078685.2,NZ_LT546179.1,1920,4849907,74,M.icosiumassiliensis
GCF_900078685.2,NZ_LT546180.1,2134,4849907,74,M.icosiumassiliensis
GCF_900078685.2,NZ_LT546181.1,988,4849907,74,M.icosiumassiliensis
GCF_900078685.2,NZ_LT546182.1,1882,4849907,74,M.icosiumassiliensis
GCF_900078685.2,NZ_LT546183.1,2029,4849907,74,M.icosiumassiliensis
GCF_900078685.2,NZ_LT546184.1,1608,4849907,74,M.icosiumassiliensis
GCF_900078685.2,NZ_LT546185.1,1796,4849907,74,M.icosiumassiliensis
GCF_900078685.2,NZ_LT546186.1,4466,4849907,74,M.icosiumassiliensis
GCF_900078685.2,NZ_LT546187.1,2883,4849907,74,M.icosiumassiliensis
GCF_900078685.2,NZ_LT546188.1,3680,4849907,74,M.icosiumassiliensis
GCF_900078685.2,NZ_LT546189.1,1524,4849907,74,M.icosiumassiliensis
GCF_900078685.2,NZ_LT546190.1,1727,4849907,74,M.icosiumassiliensis
GCF_900078685.2,NZ_LT546191.1,3784,4849907,74,M.icosiumassiliensis
GCF_900078685.2,NZ_LT546192.1,1105,4849907,74,M.icosiumassiliensis
GCF_900078685.2,NZ_LT546193.1,844,4849907,74,M.icosiumassiliensis
GCF_900078685.2,NZ_LT546194.1,845,4849907,74,M.icosiumassiliensis
GCF_900078685.2,NZ_LT546195.1,5455,4849907,74,M.icosiumassiliensis
GCF_900078685.2,NZ_LT546196.1,1649,4849907,74,M.icosiumassiliensis
GCF_900078685.2,NZ_LT546197.1,18808,4849907,74,M.icosiumassiliensis
GCF_900078685.2,NZ_LT546198.1,2295,4849907,74,M.icosiumassiliensis
GCF_900078685.2,NZ_LT546199.1,1440,4849907,74,M.icosiumassiliensis
GCF_900078685.2,NZ_LT546200.1,1649,4849907,74,M.icosiumassiliensis
GCF_900078685.2,NZ_LT546201.1,3790,4849907,74,M.icosiumassiliensis
GCF_900078685.2,NZ_LT546202.1,2511,4849907,74,M.icosiumassiliensis
GCF_900078685.2,NZ_LT546203.1,8634,4849907,74,M.icosiumassiliensis
GCF_900078685.2,NZ_LT546204.1,2839,4849907,74,M.icosiumassiliensis
GCF_900078685.2,NZ_LT546205.1,891,4849907,74,M.icosiumassiliensis
GCF_900078685.2,NZ_LT546206.1,1684,4849907,74,M.icosiumassiliensis
GCF_001605725.1,NZ_CP011530.1,5573781,5573781,217,M.immunogenum
GCF_900566055.1,NZ_UPHQ01000001.1,11936,6187059,67,M.innocens
GCF_900566055.1,NZ_UPHQ01000002.1,10634,6187059,67,M.innocens
GCF_900566055.1,NZ_UPHQ01000003.1,3154,6187059,67,M.innocens
GCF_900566055.1,NZ_UPHQ01000004.1,32417,6187059,67,M.innocens
GCF_900566055.1,NZ_UPHQ01000005.1,3717,6187059,67,M.innocens
GCF_900566055.1,NZ_UPHQ01000006.1,178408,6187059,67,M.innocens
GCF_900566055.1,NZ_UPHQ01000007.1,20180,6187059,67,M.innocens
GCF_900566055.1,NZ_UPHQ01000008.1,20901,6187059,67,M.innocens
GCF_900566055.1,NZ_UPHQ01000009.1,20833,6187059,67,M.innocens
GCF_900566055.1,NZ_UPHQ01000010.1,8264,6187059,67,M.innocens
GCF_900566055.1,NZ_UPHQ01000011.1,33597,6187059,67,M.innocens
GCF_900566055.1,NZ_UPHQ01000012.1,1003,6187059,67,M.innocens
GCF_900566055.1,NZ_UPHQ01000013.1,9671,6187059,67,M.innocens
GCF_900566055.1,NZ_UPHQ01000014.1,18602,6187059,67,M.innocens
GCF_900566055.1,NZ_UPHQ01000015.1,1656,6187059,67,M.innocens
GCF_900566055.1,NZ_UPHQ01000016.1,31665,6187059,67,M.innocens
GCF_900566055.1,NZ_UPHQ01000017.1,18454,6187059,67,M.innocens
GCF_900566055.1,NZ_UPHQ01000018.1,1809,6187059,67,M.innocens
GCF_900566055.1,NZ_UPHQ01000019.1,5931,6187059,67,M.innocens
GCF_900566055.1,NZ_UPHQ01000020.1,28760,6187059,67,M.innocens
GCF_900566055.1,NZ_UPHQ01000021.1,62074,6187059,67,M.innocens
GCF_900566055.1,NZ_UPHQ01000022.1,27342,6187059,67,M.innocens
GCF_900566055.1,NZ_UPHQ01000023.1,12009,6187059,67,M.innocens
GCF_900566055.1,NZ_UPHQ01000024.1,28266,6187059,67,M.innocens
GCF_900566055.1,NZ_UPHQ01000025.1,50471,6187059,67,M.innocens
GCF_900566055.1,NZ_UPHQ01000026.1,15233,6187059,67,M.innocens
GCF_900566055.1,NZ_UPHQ01000027.1,20292,6187059,67,M.innocens
GCF_900566055.1,NZ_UPHQ01000028.1,4459,6187059,67,M.innocens
GCF_900566055.1,NZ_UPHQ01000029.1,12572,6187059,67,M.innocens
GCF_900566055.1,NZ_UPHQ01000030.1,14229,6187059,67,M.innocens
GCF_900566055.1,NZ_UPHQ01000031.1,30331,6187059,67,M.innocens
GCF_900566055.1,NZ_UPHQ01000032.1,30582,6187059,67,M.innocens
GCF_900566055.1,NZ_UPHQ01000033.1,67776,6187059,67,M.innocens
GCF_900566055.1,NZ_UPHQ01000034.1,11736,6187059,67,M.innocens
GCF_900566055.1,NZ_UPHQ01000035.1,14357,6187059,67,M.innocens
GCF_900566055.1,NZ_UPHQ01000036.1,76487,6187059,67,M.innocens
GCF_900566055.1,NZ_UPHQ01000037.1,45109,6187059,67,M.innocens
GCF_900566055.1,NZ_UPHQ01000038.1,24991,6187059,67,M.innocens
GCF_900566055.1,NZ_UPHQ01000039.1,5762,6187059,67,M.innocens
GCF_900566055.1,NZ_UPHQ01000040.1,60996,6187059,67,M.innocens
GCF_900566055.1,NZ_UPHQ01000041.1,1415,6187059,67,M.innocens
GCF_900566055.1,NZ_UPHQ01000042.1,1897,6187059,67,M.innocens
GCF_900566055.1,NZ_UPHQ01000043.1,28873,6187059,67,M.innocens
GCF_900566055.1,NZ_UPHQ01000044.1,11945,6187059,67,M.innocens
GCF_900566055.1,NZ_UPHQ01000045.1,53555,6187059,67,M.innocens
GCF_900566055.1,NZ_UPHQ01000046.1,28949,6187059,67,M.innocens
GCF_900566055.1,NZ_UPHQ01000047.1,2400,6187059,67,M.innocens
GCF_900566055.1,NZ_UPHQ01000048.1,41762,6187059,67,M.innocens
GCF_900566055.1,NZ_UPHQ01000049.1,35686,6187059,67,M.innocens
GCF_900566055.1,NZ_UPHQ01000050.1,14426,6187059,67,M.innocens
GCF_900566055.1,NZ_UPHQ01000051.1,50211,6187059,67,M.innocens
GCF_900566055.1,NZ_UPHQ01000052.1,59249,6187059,67,M.innocens
GCF_900566055.1,NZ_UPHQ01000053.1,3034,6187059,67,M.innocens
GCF_900566055.1,NZ_UPHQ01000054.1,28386,6187059,67,M.innocens
GCF_900566055.1,NZ_UPHQ01000055.1,25870,6187059,67,M.innocens
GCF_900566055.1,NZ_UPHQ01000056.1,78884,6187059,67,M.innocens
GCF_900566055.1,NZ_UPHQ01000057.1,26899,6187059,67,M.innocens
GCF_900566055.1,NZ_UPHQ01000058.1,6755,6187059,67,M.innocens
GCF_900566055.1,NZ_UPHQ01000059.1,6722,6187059,67,M.innocens
GCF_900566055.1,NZ_UPHQ01000060.1,19180,6187059,67,M.innocens
GCF_900566055.1,NZ_UPHQ01000061.1,3464,6187059,67,M.innocens
GCF_900566055.1,NZ_UPHQ01000062.1,37244,6187059,67,M.innocens
GCF_900566055.1,NZ_UPHQ01000063.1,56240,6187059,67,M.innocens
GCF_900566055.1,NZ_UPHQ01000064.1,58924,6187059,67,M.innocens
GCF_900566055.1,NZ_UPHQ01000065.1,13648,6187059,67,M.innocens
GCF_900566055.1,NZ_UPHQ01000066.1,6430,6187059,67,M.innocens
GCF_900566055.1,NZ_UPHQ01000067.1,10247,6187059,67,M.innocens
GCF_900566055.1,NZ_UPHQ01000068.1,15386,6187059,67,M.innocens
GCF_900566055.1,NZ_UPHQ01000069.1,10821,6187059,67,M.innocens
GCF_900566055.1,NZ_UPHQ01000070.1,50097,6187059,67,M.innocens
GCF_900566055.1,NZ_UPHQ01000071.1,2959,6187059,67,M.innocens
GCF_900566055.1,NZ_UPHQ01000072.1,2317,6187059,67,M.innocens
GCF_900566055.1,NZ_UPHQ01000073.1,37563,6187059,67,M.innocens
GCF_900566055.1,NZ_UPHQ01000074.1,12462,6187059,67,M.innocens
GCF_900566055.1,NZ_UPHQ01000075.1,11993,6187059,67,M.innocens
GCF_900566055.1,NZ_UPHQ01000076.1,9798,6187059,67,M.innocens
GCF_900566055.1,NZ_UPHQ01000077.1,4946,6187059,67,M.innocens
GCF_900566055.1,NZ_UPHQ01000078.1,13793,6187059,67,M.innocens
GCF_900566055.1,NZ_UPHQ01000079.1,10532,6187059,67,M.innocens
GCF_900566055.1,NZ_UPHQ01000080.1,76703,6187059,67,M.innocens
GCF_900566055.1,NZ_UPHQ01000081.1,9160,6187059,67,M.innocens
GCF_900566055.1,NZ_UPHQ01000082.1,3508,6187059,67,M.innocens
GCF_900566055.1,NZ_UPHQ01000083.1,12612,6187059,67,M.innocens
GCF_900566055.1,NZ_UPHQ01000084.1,16286,6187059,67,M.innocens
GCF_900566055.1,NZ_UPHQ01000085.1,4445,6187059,67,M.innocens
GCF_900566055.1,NZ_UPHQ01000086.1,4675,6187059,67,M.innocens
GCF_900566055.1,NZ_UPHQ01000087.1,36850,6187059,67,M.innocens
GCF_900566055.1,NZ_UPHQ01000088.1,12232,6187059,67,M.innocens
GCF_900566055.1,NZ_UPHQ01000089.1,2878,6187059,67,M.innocens
GCF_900566055.1,NZ_UPHQ01000090.1,10767,6187059,67,M.innocens
GCF_900566055.1,NZ_UPHQ01000091.1,22516,6187059,67,M.innocens
GCF_900566055.1,NZ_UPHQ01000092.1,5107,6187059,67,M.innocens
GCF_900566055.1,NZ_UPHQ01000093.1,29347,6187059,67,M.innocens
GCF_900566055.1,NZ_UPHQ01000094.1,13763,6187059,67,M.innocens
GCF_900566055.1,NZ_UPHQ01000095.1,4398,6187059,67,M.innocens
GCF_900566055.1,NZ_UPHQ01000096.1,7251,6187059,67,M.innocens
GCF_900566055.1,NZ_UPHQ01000097.1,15224,6187059,67,M.innocens
GCF_900566055.1,NZ_UPHQ01000098.1,6251,6187059,67,M.innocens
GCF_900566055.1,NZ_UPHQ01000099.1,68848,6187059,67,M.innocens
GCF_900566055.1,NZ_UPHQ01000100.1,23511,6187059,67,M.innocens
GCF_900566055.1,NZ_UPHQ01000101.1,48487,6187059,67,M.innocens
GCF_900566055.1,NZ_UPHQ01000102.1,26072,6187059,67,M.innocens
GCF_900566055.1,NZ_UPHQ01000103.1,51276,6187059,67,M.innocens
GCF_900566055.1,NZ_UPHQ01000104.1,128018,6187059,67,M.innocens
GCF_900566055.1,NZ_UPHQ01000105.1,1739,6187059,67,M.innocens
GCF_900566055.1,NZ_UPHQ01000106.1,1312,6187059,67,M.innocens
GCF_900566055.1,NZ_UPHQ01000107.1,13939,6187059,67,M.innocens
GCF_900566055.1,NZ_UPHQ01000108.1,4631,6187059,67,M.innocens
GCF_900566055.1,NZ_UPHQ01000109.1,25310,6187059,67,M.innocens
GCF_900566055.1,NZ_UPHQ01000110.1,3346,6187059,67,M.innocens
GCF_900566055.1,NZ_UPHQ01000111.1,8358,6187059,67,M.innocens
GCF_900566055.1,NZ_UPHQ01000112.1,18378,6187059,67,M.innocens
GCF_900566055.1,NZ_UPHQ01000113.1,10609,6187059,67,M.innocens
GCF_900566055.1,NZ_UPHQ01000114.1,10328,6187059,67,M.innocens
GCF_900566055.1,NZ_UPHQ01000115.1,1457,6187059,67,M.innocens
GCF_900566055.1,NZ_UPHQ01000116.1,15463,6187059,67,M.innocens
GCF_900566055.1,NZ_UPHQ01000117.1,26949,6187059,67,M.innocens
GCF_900566055.1,NZ_UPHQ01000118.1,39999,6187059,67,M.innocens
GCF_900566055.1,NZ_UPHQ01000119.1,1233,6187059,67,M.innocens
GCF_900566055.1,NZ_UPHQ01000120.1,5689,6187059,67,M.innocens
GCF_900566055.1,NZ_UPHQ01000121.1,39702,6187059,67,M.innocens
GCF_900566055.1,NZ_UPHQ01000122.1,52943,6187059,67,M.innocens
GCF_900566055.1,NZ_UPHQ01000123.1,33825,6187059,67,M.innocens
GCF_900566055.1,NZ_UPHQ01000124.1,17890,6187059,67,M.innocens
GCF_900566055.1,NZ_UPHQ01000125.1,8731,6187059,67,M.innocens
GCF_900566055.1,NZ_UPHQ01000126.1,9925,6187059,67,M.innocens
GCF_900566055.1,NZ_UPHQ01000127.1,5833,6187059,67,M.innocens
GCF_900566055.1,NZ_UPHQ01000128.1,23806,6187059,67,M.innocens
GCF_900566055.1,NZ_UPHQ01000129.1,2357,6187059,67,M.innocens
GCF_900566055.1,NZ_UPHQ01000130.1,15627,6187059,67,M.innocens
GCF_900566055.1,NZ_UPHQ01000131.1,11993,6187059,67,M.innocens
GCF_900566055.1,NZ_UPHQ01000132.1,9309,6187059,67,M.innocens
GCF_900566055.1,NZ_UPHQ01000133.1,8485,6187059,67,M.innocens
GCF_900566055.1,NZ_UPHQ01000134.1,1355,6187059,67,M.innocens
GCF_900566055.1,NZ_UPHQ01000135.1,10430,6187059,67,M.innocens
GCF_900566055.1,NZ_UPHQ01000136.1,1900,6187059,67,M.innocens
GCF_900566055.1,NZ_UPHQ01000137.1,12102,6187059,67,M.innocens
GCF_900566055.1,NZ_UPHQ01000138.1,33370,6187059,67,M.innocens
GCF_900566055.1,NZ_UPHQ01000139.1,1088,6187059,67,M.innocens
GCF_900566055.1,NZ_UPHQ01000140.1,57282,6187059,67,M.innocens
GCF_900566055.1,NZ_UPHQ01000141.1,5599,6187059,67,M.innocens
GCF_900566055.1,NZ_UPHQ01000142.1,5076,6187059,67,M.innocens
GCF_900566055.1,NZ_UPHQ01000143.1,3068,6187059,67,M.innocens
GCF_900566055.1,NZ_UPHQ01000144.1,4010,6187059,67,M.innocens
GCF_900566055.1,NZ_UPHQ01000145.1,1688,6187059,67,M.innocens
GCF_900566055.1,NZ_UPHQ01000146.1,3582,6187059,67,M.innocens
GCF_900566055.1,NZ_UPHQ01000147.1,4141,6187059,67,M.innocens
GCF_900566055.1,NZ_UPHQ01000148.1,2088,6187059,67,M.innocens
GCF_900566055.1,NZ_UPHQ01000149.1,15523,6187059,67,M.innocens
GCF_900566055.1,NZ_UPHQ01000150.1,1943,6187059,67,M.innocens
GCF_900566055.1,NZ_UPHQ01000151.1,1977,6187059,67,M.innocens
GCF_900566055.1,NZ_UPHQ01000152.1,4514,6187059,67,M.innocens
GCF_900566055.1,NZ_UPHQ01000153.1,4571,6187059,67,M.innocens
GCF_900566055.1,NZ_UPHQ01000154.1,9562,6187059,67,M.innocens
GCF_900566055.1,NZ_UPHQ01000155.1,4817,6187059,67,M.innocens
GCF_900566055.1,NZ_UPHQ01000156.1,21318,6187059,67,M.innocens
GCF_900566055.1,NZ_UPHQ01000157.1,13580,6187059,67,M.innocens
GCF_900566055.1,NZ_UPHQ01000158.1,4843,6187059,67,M.innocens
GCF_900566055.1,NZ_UPHQ01000159.1,52325,6187059,67,M.innocens
GCF_900566055.1,NZ_UPHQ01000160.1,45559,6187059,67,M.innocens
GCF_900566055.1,NZ_UPHQ01000161.1,14053,6187059,67,M.innocens
GCF_900566055.1,NZ_UPHQ01000162.1,7947,6187059,67,M.innocens
GCF_900566055.1,NZ_UPHQ01000163.1,1390,6187059,67,M.innocens
GCF_900566055.1,NZ_UPHQ01000164.1,3310,6187059,67,M.innocens
GCF_900566055.1,NZ_UPHQ01000165.1,67765,6187059,67,M.innocens
GCF_900566055.1,NZ_UPHQ01000166.1,6761,6187059,67,M.innocens
GCF_900566055.1,NZ_UPHQ01000167.1,14270,6187059,67,M.innocens
GCF_900566055.1,NZ_UPHQ01000168.1,32974,6187059,67,M.innocens
GCF_900566055.1,NZ_UPHQ01000169.1,20080,6187059,67,M.innocens
GCF_900566055.1,NZ_UPHQ01000170.1,3106,6187059,67,M.innocens
GCF_900566055.1,NZ_UPHQ01000171.1,52243,6187059,67,M.innocens
GCF_900566055.1,NZ_UPHQ01000172.1,41479,6187059,67,M.innocens
GCF_900566055.1,NZ_UPHQ01000173.1,15715,6187059,67,M.innocens
GCF_900566055.1,NZ_UPHQ01000174.1,10187,6187059,67,M.innocens
GCF_900566055.1,NZ_UPHQ01000175.1,2032,6187059,67,M.innocens
GCF_900566055.1,NZ_UPHQ01000176.1,15291,6187059,67,M.innocens
GCF_900566055.1,NZ_UPHQ01000177.1,28536,6187059,67,M.innocens
GCF_900566055.1,NZ_UPHQ01000178.1,24436,6187059,67,M.innocens
GCF_900566055.1,NZ_UPHQ01000179.1,7780,6187059,67,M.innocens
GCF_900566055.1,NZ_UPHQ01000180.1,1364,6187059,67,M.innocens
GCF_900566055.1,NZ_UPHQ01000181.1,2392,6187059,67,M.innocens
GCF_900566055.1,NZ_UPHQ01000182.1,1563,6187059,67,M.innocens
GCF_900566055.1,NZ_UPHQ01000183.1,14741,6187059,67,M.innocens
GCF_900566055.1,NZ_UPHQ01000184.1,38533,6187059,67,M.innocens
GCF_900566055.1,NZ_UPHQ01000185.1,21661,6187059,67,M.innocens
GCF_900566055.1,NZ_UPHQ01000186.1,22440,6187059,67,M.innocens
GCF_900566055.1,NZ_UPHQ01000187.1,16587,6187059,67,M.innocens
GCF_900566055.1,NZ_UPHQ01000188.1,3883,6187059,67,M.innocens
GCF_900566055.1,NZ_UPHQ01000189.1,32876,6187059,67,M.innocens
GCF_900566055.1,NZ_UPHQ01000190.1,27663,6187059,67,M.innocens
GCF_900566055.1,NZ_UPHQ01000191.1,23798,6187059,67,M.innocens
GCF_900566055.1,NZ_UPHQ01000192.1,57669,6187059,67,M.innocens
GCF_900566055.1,NZ_UPHQ01000193.1,1889,6187059,67,M.innocens
GCF_900566055.1,NZ_UPHQ01000194.1,7165,6187059,67,M.innocens
GCF_900566055.1,NZ_UPHQ01000195.1,15739,6187059,67,M.innocens
GCF_900566055.1,NZ_UPHQ01000196.1,11827,6187059,67,M.innocens
GCF_900566055.1,NZ_UPHQ01000197.1,60834,6187059,67,M.innocens
GCF_900566055.1,NZ_UPHQ01000198.1,14302,6187059,67,M.innocens
GCF_900566055.1,NZ_UPHQ01000199.1,8419,6187059,67,M.innocens
GCF_900566055.1,NZ_UPHQ01000200.1,8161,6187059,67,M.innocens
GCF_900566055.1,NZ_UPHQ01000201.1,5167,6187059,67,M.innocens
GCF_900566055.1,NZ_UPHQ01000202.1,1882,6187059,67,M.innocens
GCF_900566055.1,NZ_UPHQ01000203.1,17696,6187059,67,M.innocens
GCF_900566055.1,NZ_UPHQ01000204.1,2445,6187059,67,M.innocens
GCF_900566055.1,NZ_UPHQ01000205.1,8967,6187059,67,M.innocens
GCF_900566055.1,NZ_UPHQ01000206.1,1096,6187059,67,M.innocens
GCF_900566055.1,NZ_UPHQ01000207.1,5288,6187059,67,M.innocens
GCF_900566055.1,NZ_UPHQ01000208.1,1896,6187059,67,M.innocens
GCF_900566055.1,NZ_UPHQ01000209.1,17718,6187059,67,M.innocens
GCF_900566055.1,NZ_UPHQ01000210.1,9810,6187059,67,M.innocens
GCF_900566055.1,NZ_UPHQ01000211.1,27404,6187059,67,M.innocens
GCF_900566055.1,NZ_UPHQ01000212.1,50899,6187059,67,M.innocens
GCF_900566055.1,NZ_UPHQ01000213.1,17789,6187059,67,M.innocens
GCF_900566055.1,NZ_UPHQ01000214.1,12488,6187059,67,M.innocens
GCF_900566055.1,NZ_UPHQ01000215.1,31439,6187059,67,M.innocens
GCF_900566055.1,NZ_UPHQ01000216.1,41500,6187059,67,M.innocens
GCF_900566055.1,NZ_UPHQ01000217.1,11012,6187059,67,M.innocens
GCF_900566055.1,NZ_UPHQ01000218.1,2988,6187059,67,M.innocens
GCF_900566055.1,NZ_UPHQ01000219.1,15892,6187059,67,M.innocens
GCF_900566055.1,NZ_UPHQ01000220.1,1138,6187059,67,M.innocens
GCF_900566055.1,NZ_UPHQ01000221.1,42201,6187059,67,M.innocens
GCF_900566055.1,NZ_UPHQ01000222.1,37255,6187059,67,M.innocens
GCF_900566055.1,NZ_UPHQ01000223.1,6295,6187059,67,M.innocens
GCF_900566055.1,NZ_UPHQ01000224.1,79665,6187059,67,M.innocens
GCF_900566055.1,NZ_UPHQ01000225.1,2522,6187059,67,M.innocens
GCF_900566055.1,NZ_UPHQ01000226.1,71561,6187059,67,M.innocens
GCF_900566055.1,NZ_UPHQ01000227.1,10508,6187059,67,M.innocens
GCF_900566055.1,NZ_UPHQ01000228.1,11350,6187059,67,M.innocens
GCF_900566055.1,NZ_UPHQ01000229.1,15395,6187059,67,M.innocens
GCF_900566055.1,NZ_UPHQ01000230.1,2475,6187059,67,M.innocens
GCF_900566055.1,NZ_UPHQ01000231.1,1800,6187059,67,M.innocens
GCF_900566055.1,NZ_UPHQ01000232.1,19385,6187059,67,M.innocens
GCF_900566055.1,NZ_UPHQ01000233.1,3277,6187059,67,M.innocens
GCF_900566055.1,NZ_UPHQ01000234.1,13670,6187059,67,M.innocens
GCF_900566055.1,NZ_UPHQ01000235.1,5687,6187059,67,M.innocens
GCF_900566055.1,NZ_UPHQ01000236.1,8579,6187059,67,M.innocens
GCF_900566055.1,NZ_UPHQ01000237.1,67751,6187059,67,M.innocens
GCF_900566055.1,NZ_UPHQ01000238.1,3252,6187059,67,M.innocens
GCF_900566055.1,NZ_UPHQ01000239.1,3231,6187059,67,M.innocens
GCF_900566055.1,NZ_UPHQ01000240.1,11109,6187059,67,M.innocens
GCF_900566055.1,NZ_UPHQ01000241.1,5783,6187059,67,M.innocens
GCF_900566055.1,NZ_UPHQ01000242.1,48877,6187059,67,M.innocens
GCF_900566055.1,NZ_UPHQ01000243.1,1856,6187059,67,M.innocens
GCF_900566055.1,NZ_UPHQ01000244.1,1583,6187059,67,M.innocens
GCF_900566055.1,NZ_UPHQ01000245.1,8960,6187059,67,M.innocens
GCF_900566055.1,NZ_UPHQ01000246.1,17801,6187059,67,M.innocens
GCF_900566055.1,NZ_UPHQ01000247.1,7445,6187059,67,M.innocens
GCF_900566055.1,NZ_UPHQ01000248.1,57400,6187059,67,M.innocens
GCF_900566055.1,NZ_UPHQ01000249.1,12141,6187059,67,M.innocens
GCF_900566055.1,NZ_UPHQ01000250.1,14884,6187059,67,M.innocens
GCF_900566055.1,NZ_UPHQ01000251.1,29239,6187059,67,M.innocens
GCF_900566055.1,NZ_UPHQ01000252.1,2136,6187059,67,M.innocens
GCF_900566055.1,NZ_UPHQ01000253.1,70941,6187059,67,M.innocens
GCF_900566055.1,NZ_UPHQ01000254.1,32418,6187059,67,M.innocens
GCF_900566055.1,NZ_UPHQ01000255.1,20229,6187059,67,M.innocens
GCF_900566055.1,NZ_UPHQ01000256.1,68955,6187059,67,M.innocens
GCF_900566055.1,NZ_UPHQ01000257.1,2294,6187059,67,M.innocens
GCF_900566055.1,NZ_UPHQ01000258.1,7102,6187059,67,M.innocens
GCF_900566055.1,NZ_UPHQ01000259.1,6116,6187059,67,M.innocens
GCF_900566055.1,NZ_UPHQ01000260.1,4439,6187059,67,M.innocens
GCF_900566055.1,NZ_UPHQ01000261.1,11651,6187059,67,M.innocens
GCF_900566055.1,NZ_UPHQ01000262.1,1437,6187059,67,M.innocens
GCF_900566055.1,NZ_UPHQ01000263.1,44638,6187059,67,M.innocens
GCF_900566055.1,NZ_UPHQ01000264.1,1693,6187059,67,M.innocens
GCF_900566055.1,NZ_UPHQ01000265.1,50441,6187059,67,M.innocens
GCF_900566055.1,NZ_UPHQ01000266.1,1008,6187059,67,M.innocens
GCF_900566055.1,NZ_UPHQ01000267.1,3328,6187059,67,M.innocens
GCF_900566055.1,NZ_UPHQ01000268.1,2063,6187059,67,M.innocens
GCF_900566055.1,NZ_UPHQ01000269.1,9210,6187059,67,M.innocens
GCF_900566055.1,NZ_UPHQ01000270.1,36355,6187059,67,M.innocens
GCF_900566055.1,NZ_UPHQ01000271.1,17209,6187059,67,M.innocens
GCF_900566055.1,NZ_UPHQ01000272.1,26250,6187059,67,M.innocens
GCF_900566055.1,NZ_UPHQ01000273.1,1212,6187059,67,M.innocens
GCF_900566055.1,NZ_UPHQ01000274.1,47015,6187059,67,M.innocens
GCF_900566055.1,NZ_UPHQ01000275.1,11235,6187059,67,M.innocens
GCF_900566055.1,NZ_UPHQ01000276.1,89859,6187059,67,M.innocens
GCF_900566055.1,NZ_UPHQ01000277.1,16080,6187059,67,M.innocens
GCF_900566055.1,NZ_UPHQ01000278.1,16807,6187059,67,M.innocens
GCF_900566055.1,NZ_UPHQ01000279.1,4687,6187059,67,M.innocens
GCF_900566055.1,NZ_UPHQ01000280.1,4025,6187059,67,M.innocens
GCF_900566055.1,NZ_UPHQ01000281.1,8884,6187059,67,M.innocens
GCF_900566055.1,NZ_UPHQ01000282.1,16970,6187059,67,M.innocens
GCF_900566055.1,NZ_UPHQ01000283.1,59223,6187059,67,M.innocens
GCF_900566055.1,NZ_UPHQ01000284.1,4702,6187059,67,M.innocens
GCF_900566055.1,NZ_UPHQ01000285.1,12888,6187059,67,M.innocens
GCF_900566055.1,NZ_UPHQ01000286.1,29227,6187059,67,M.innocens
GCF_900566055.1,NZ_UPHQ01000287.1,6045,6187059,67,M.innocens
GCF_900566055.1,NZ_UPHQ01000288.1,12724,6187059,67,M.innocens
GCF_900566055.1,NZ_UPHQ01000289.1,12962,6187059,67,M.innocens
GCF_900566055.1,NZ_UPHQ01000290.1,1047,6187059,67,M.innocens
GCF_900566055.1,NZ_UPHQ01000291.1,7438,6187059,67,M.innocens
GCF_900566055.1,NZ_UPHQ01000292.1,15118,6187059,67,M.innocens
GCF_900566055.1,NZ_UPHQ01000293.1,1069,6187059,67,M.innocens
GCF_900566055.1,NZ_UPHQ01000294.1,3183,6187059,67,M.innocens
GCF_900566055.1,NZ_UPHQ01000295.1,3499,6187059,67,M.innocens
GCF_900566055.1,NZ_UPHQ01000296.1,18310,6187059,67,M.innocens
GCF_900566055.1,NZ_UPHQ01000297.1,1308,6187059,67,M.innocens
GCF_900566055.1,NZ_UPHQ01000298.1,1444,6187059,67,M.innocens
GCF_900566055.1,NZ_UPHQ01000299.1,1678,6187059,67,M.innocens
GCF_900566055.1,NZ_UPHQ01000300.1,8485,6187059,67,M.innocens
GCF_900566055.1,NZ_UPHQ01000301.1,1608,6187059,67,M.innocens
GCF_900566055.1,NZ_UPHQ01000302.1,1301,6187059,67,M.innocens
GCF_900566055.1,NZ_UPHQ01000303.1,11059,6187059,67,M.innocens
GCF_900566055.1,NZ_UPHQ01000304.1,2113,6187059,67,M.innocens
GCF_900566055.1,NZ_UPHQ01000305.1,2024,6187059,67,M.innocens
GCF_900566055.1,NZ_UPHQ01000306.1,20774,6187059,67,M.innocens
GCF_900566055.1,NZ_UPHQ01000307.1,4587,6187059,67,M.innocens
GCF_900566055.1,NZ_UPHQ01000308.1,1160,6187059,67,M.innocens
GCF_900566055.1,NZ_UPHQ01000309.1,23359,6187059,67,M.innocens
GCF_900566055.1,NZ_UPHQ01000310.1,1792,6187059,67,M.innocens
GCF_900566055.1,NZ_UPHQ01000311.1,36562,6187059,67,M.innocens
GCF_900566055.1,NZ_UPHQ01000312.1,27095,6187059,67,M.innocens
GCF_900566055.1,NZ_UPHQ01000313.1,24607,6187059,67,M.innocens
GCF_900566055.1,NZ_UPHQ01000314.1,20648,6187059,67,M.innocens
GCF_900566055.1,NZ_UPHQ01000315.1,11623,6187059,67,M.innocens
GCF_900566055.1,NZ_UPHQ01000316.1,11399,6187059,67,M.innocens
GCF_900566055.1,NZ_UPHQ01000317.1,8545,6187059,67,M.innocens
GCF_900566055.1,NZ_UPHQ01000318.1,6872,6187059,67,M.innocens
GCF_900566055.1,NZ_UPHQ01000319.1,4619,6187059,67,M.innocens
GCF_900566055.1,NZ_UPHQ01000320.1,4212,6187059,67,M.innocens
GCF_900566055.1,NZ_UPHQ01000321.1,4044,6187059,67,M.innocens
GCF_900566055.1,NZ_UPHQ01000322.1,3996,6187059,67,M.innocens
GCF_900566055.1,NZ_UPHQ01000323.1,3892,6187059,67,M.innocens
GCF_900566055.1,NZ_UPHQ01000324.1,3442,6187059,67,M.innocens
GCF_900566055.1,NZ_UPHQ01000325.1,3401,6187059,67,M.innocens
GCF_900566055.1,NZ_UPHQ01000326.1,3110,6187059,67,M.innocens
GCF_900566055.1,NZ_UPHQ01000327.1,3111,6187059,67,M.innocens
GCF_900566055.1,NZ_UPHQ01000328.1,3086,6187059,67,M.innocens
GCF_900566055.1,NZ_UPHQ01000329.1,3074,6187059,67,M.innocens
GCF_900566055.1,NZ_UPHQ01000330.1,2878,6187059,67,M.innocens
GCF_900566055.1,NZ_UPHQ01000331.1,2663,6187059,67,M.innocens
GCF_900566055.1,NZ_UPHQ01000332.1,2321,6187059,67,M.innocens
GCF_900566055.1,NZ_UPHQ01000333.1,2270,6187059,67,M.innocens
GCF_900566055.1,NZ_UPHQ01000334.1,2255,6187059,67,M.innocens
GCF_900566055.1,NZ_UPHQ01000335.1,2254,6187059,67,M.innocens
GCF_900566055.1,NZ_UPHQ01000336.1,2163,6187059,67,M.innocens
GCF_900566055.1,NZ_UPHQ01000337.1,2128,6187059,67,M.innocens
GCF_900566055.1,NZ_UPHQ01000338.1,2031,6187059,67,M.innocens
GCF_900566055.1,NZ_UPHQ01000339.1,1965,6187059,67,M.innocens
GCF_900566055.1,NZ_UPHQ01000340.1,1883,6187059,67,M.innocens
GCF_900566055.1,NZ_UPHQ01000341.1,1873,6187059,67,M.innocens
GCF_900566055.1,NZ_UPHQ01000342.1,1742,6187059,67,M.innocens
GCF_900566055.1,NZ_UPHQ01000343.1,1640,6187059,67,M.innocens
GCF_900566055.1,NZ_UPHQ01000344.1,1591,6187059,67,M.innocens
GCF_900566055.1,NZ_UPHQ01000345.1,1580,6187059,67,M.innocens
GCF_900566055.1,NZ_UPHQ01000346.1,1554,6187059,67,M.innocens
GCF_900566055.1,NZ_UPHQ01000347.1,1521,6187059,67,M.innocens
GCF_900566055.1,NZ_UPHQ01000348.1,1510,6187059,67,M.innocens
GCF_900566055.1,NZ_UPHQ01000349.1,1474,6187059,67,M.innocens
GCF_900566055.1,NZ_UPHQ01000350.1,1445,6187059,67,M.innocens
GCF_900566055.1,NZ_UPHQ01000351.1,1438,6187059,67,M.innocens
GCF_900566055.1,NZ_UPHQ01000352.1,1430,6187059,67,M.innocens
GCF_900566055.1,NZ_UPHQ01000353.1,1350,6187059,67,M.innocens
GCF_900566055.1,NZ_UPHQ01000354.1,1312,6187059,67,M.innocens
GCF_900566055.1,NZ_UPHQ01000355.1,1275,6187059,67,M.innocens
GCF_900566055.1,NZ_UPHQ01000356.1,1228,6187059,67,M.innocens
GCF_900566055.1,NZ_UPHQ01000357.1,1214,6187059,67,M.innocens
GCF_900566055.1,NZ_UPHQ01000358.1,1122,6187059,67,M.innocens
GCF_900566055.1,NZ_UPHQ01000359.1,1119,6187059,67,M.innocens
GCF_900566055.1,NZ_UPHQ01000360.1,1057,6187059,67,M.innocens
GCF_900566055.1,NZ_UPHQ01000361.1,1019,6187059,67,M.innocens
GCF_010731615.1,NZ_AP022618.1,4577045,4577045,189,M.insubricum
GCF_900078675.2,NZ_LT546234.1,4197,5929237,18,M.interjectum
GCF_900078675.2,NZ_LT546235.1,4524,5929237,18,M.interjectum
GCF_900078675.2,NZ_LT546236.1,867435,5929237,18,M.interjectum
GCF_900078675.2,NZ_LT546237.1,4995064,5929237,18,M.interjectum
GCF_900078675.2,NZ_LT546238.1,2450,5929237,18,M.interjectum
GCF_900078675.2,NZ_LT546239.1,7371,5929237,18,M.interjectum
GCF_900078675.2,NZ_LT546240.1,962,5929237,18,M.interjectum
GCF_900078675.2,NZ_LT546241.1,3260,5929237,18,M.interjectum
GCF_900078675.2,NZ_LT546242.1,2646,5929237,18,M.interjectum
GCF_900078675.2,NZ_LT546243.1,908,5929237,18,M.interjectum
GCF_900078675.2,NZ_LT546244.1,812,5929237,18,M.interjectum
GCF_900078675.2,NZ_LT546245.1,1017,5929237,18,M.interjectum
GCF_900078675.2,NZ_LT546246.1,2705,5929237,18,M.interjectum
GCF_900078675.2,NZ_LT546247.1,1061,5929237,18,M.interjectum
GCF_900078675.2,NZ_LT546248.1,811,5929237,18,M.interjectum
GCF_900078675.2,NZ_LT546249.1,971,5929237,18,M.interjectum
GCF_900078675.2,NZ_LT546250.1,1096,5929237,18,M.interjectum
GCF_900078675.2,NZ_LT546251.1,8137,5929237,18,M.interjectum
GCF_900078675.2,NZ_LT546252.1,2777,5929237,18,M.interjectum
GCF_900078675.2,NZ_LT546253.1,1379,5929237,18,M.interjectum
GCF_900078675.2,NZ_LT546254.1,4832,5929237,18,M.interjectum
GCF_900078675.2,NZ_LT546255.1,1362,5929237,18,M.interjectum
GCF_900078675.2,NZ_LT546256.1,1264,5929237,18,M.interjectum
GCF_900078675.2,NZ_LT546257.1,3716,5929237,18,M.interjectum
GCF_900078675.2,NZ_LT546258.1,1114,5929237,18,M.interjectum
GCF_900078675.2,NZ_LT546259.1,969,5929237,18,M.interjectum
GCF_900078675.2,NZ_LT546260.1,1432,5929237,18,M.interjectum
GCF_900078675.2,NZ_LT546261.1,2990,5929237,18,M.interjectum
GCF_900078675.2,NZ_LT546262.1,963,5929237,18,M.interjectum
GCF_900078675.2,NZ_LT546263.1,1012,5929237,18,M.interjectum
GCF_025822065.1,NZ_JACKTC010000001.1,1206,6885661,172,M.intermedium
GCF_025822065.1,NZ_JACKTC010000002.1,60422,6885661,172,M.intermedium
GCF_025822065.1,NZ_JACKTC010000003.1,72198,6885661,172,M.intermedium
GCF_025822065.1,NZ_JACKTC010000004.1,1061,6885661,172,M.intermedium
GCF_025822065.1,NZ_JACKTC010000005.1,85082,6885661,172,M.intermedium
GCF_025822065.1,NZ_JACKTC010000006.1,64107,6885661,172,M.intermedium
GCF_025822065.1,NZ_JACKTC010000007.1,217243,6885661,172,M.intermedium
GCF_025822065.1,NZ_JACKTC010000008.1,32884,6885661,172,M.intermedium
GCF_025822065.1,NZ_JACKTC010000009.1,72675,6885661,172,M.intermedium
GCF_025822065.1,NZ_JACKTC010000010.1,73021,6885661,172,M.intermedium
GCF_025822065.1,NZ_JACKTC010000011.1,755,6885661,172,M.intermedium
GCF_025822065.1,NZ_JACKTC010000012.1,277957,6885661,172,M.intermedium
GCF_025822065.1,NZ_JACKTC010000013.1,142864,6885661,172,M.intermedium
GCF_025822065.1,NZ_JACKTC010000014.1,84475,6885661,172,M.intermedium
GCF_025822065.1,NZ_JACKTC010000015.1,22275,6885661,172,M.intermedium
GCF_025822065.1,NZ_JACKTC010000016.1,2130,6885661,172,M.intermedium
GCF_025822065.1,NZ_JACKTC010000017.1,160121,6885661,172,M.intermedium
GCF_025822065.1,NZ_JACKTC010000018.1,302813,6885661,172,M.intermedium
GCF_025822065.1,NZ_JACKTC010000019.1,616,6885661,172,M.intermedium
GCF_025822065.1,NZ_JACKTC010000020.1,2324,6885661,172,M.intermedium
GCF_025822065.1,NZ_JACKTC010000021.1,155619,6885661,172,M.intermedium
GCF_025822065.1,NZ_JACKTC010000022.1,175053,6885661,172,M.intermedium
GCF_025822065.1,NZ_JACKTC010000023.1,250,6885661,172,M.intermedium
GCF_025822065.1,NZ_JACKTC010000024.1,102878,6885661,172,M.intermedium
GCF_025822065.1,NZ_JACKTC010000025.1,177987,6885661,172,M.intermedium
GCF_025822065.1,NZ_JACKTC010000026.1,15662,6885661,172,M.intermedium
GCF_025822065.1,NZ_JACKTC010000027.1,1221,6885661,172,M.intermedium
GCF_025822065.1,NZ_JACKTC010000028.1,63573,6885661,172,M.intermedium
GCF_025822065.1,NZ_JACKTC010000029.1,1131,6885661,172,M.intermedium
GCF_025822065.1,NZ_JACKTC010000030.1,15224,6885661,172,M.intermedium
GCF_025822065.1,NZ_JACKTC010000031.1,67309,6885661,172,M.intermedium
GCF_025822065.1,NZ_JACKTC010000032.1,293,6885661,172,M.intermedium
GCF_025822065.1,NZ_JACKTC010000033.1,195521,6885661,172,M.intermedium
GCF_025822065.1,NZ_JACKTC010000034.1,2834,6885661,172,M.intermedium
GCF_025822065.1,NZ_JACKTC010000035.1,189058,6885661,172,M.intermedium
GCF_025822065.1,NZ_JACKTC010000036.1,437,6885661,172,M.intermedium
GCF_025822065.1,NZ_JACKTC010000037.1,269464,6885661,172,M.intermedium
GCF_025822065.1,NZ_JACKTC010000038.1,517,6885661,172,M.intermedium
GCF_025822065.1,NZ_JACKTC010000039.1,6816,6885661,172,M.intermedium
GCF_025822065.1,NZ_JACKTC010000040.1,12889,6885661,172,M.intermedium
GCF_025822065.1,NZ_JACKTC010000041.1,165507,6885661,172,M.intermedium
GCF_025822065.1,NZ_JACKTC010000042.1,3211,6885661,172,M.intermedium
GCF_025822065.1,NZ_JACKTC010000043.1,148917,6885661,172,M.intermedium
GCF_025822065.1,NZ_JACKTC010000044.1,3807,6885661,172,M.intermedium
GCF_025822065.1,NZ_JACKTC010000045.1,10583,6885661,172,M.intermedium
GCF_025822065.1,NZ_JACKTC010000046.1,2083,6885661,172,M.intermedium
GCF_025822065.1,NZ_JACKTC010000047.1,184277,6885661,172,M.intermedium
GCF_025822065.1,NZ_JACKTC010000048.1,998,6885661,172,M.intermedium
GCF_025822065.1,NZ_JACKTC010000049.1,35501,6885661,172,M.intermedium
GCF_025822065.1,NZ_JACKTC010000050.1,18282,6885661,172,M.intermedium
GCF_025822065.1,NZ_JACKTC010000051.1,262,6885661,172,M.intermedium
GCF_025822065.1,NZ_JACKTC010000052.1,47381,6885661,172,M.intermedium
GCF_025822065.1,NZ_JACKTC010000053.1,15462,6885661,172,M.intermedium
GCF_025822065.1,NZ_JACKTC010000054.1,4349,6885661,172,M.intermedium
GCF_025822065.1,NZ_JACKTC010000055.1,957,6885661,172,M.intermedium
GCF_025822065.1,NZ_JACKTC010000056.1,4648,6885661,172,M.intermedium
GCF_025822065.1,NZ_JACKTC010000057.1,3684,6885661,172,M.intermedium
GCF_025822065.1,NZ_JACKTC010000058.1,48495,6885661,172,M.intermedium
GCF_025822065.1,NZ_JACKTC010000059.1,13207,6885661,172,M.intermedium
GCF_025822065.1,NZ_JACKTC010000060.1,28337,6885661,172,M.intermedium
GCF_025822065.1,NZ_JACKTC010000061.1,193898,6885661,172,M.intermedium
GCF_025822065.1,NZ_JACKTC010000062.1,418452,6885661,172,M.intermedium
GCF_025822065.1,NZ_JACKTC010000063.1,300,6885661,172,M.intermedium
GCF_025822065.1,NZ_JACKTC010000064.1,24029,6885661,172,M.intermedium
GCF_025822065.1,NZ_JACKTC010000065.1,6157,6885661,172,M.intermedium
GCF_025822065.1,NZ_JACKTC010000066.1,886,6885661,172,M.intermedium
GCF_025822065.1,NZ_JACKTC010000067.1,2827,6885661,172,M.intermedium
GCF_025822065.1,NZ_JACKTC010000068.1,2820,6885661,172,M.intermedium
GCF_025822065.1,NZ_JACKTC010000069.1,7693,6885661,172,M.intermedium
GCF_025822065.1,NZ_JACKTC010000070.1,51713,6885661,172,M.intermedium
GCF_025822065.1,NZ_JACKTC010000071.1,12401,6885661,172,M.intermedium
GCF_025822065.1,NZ_JACKTC010000072.1,852,6885661,172,M.intermedium
GCF_025822065.1,NZ_JACKTC010000073.1,6429,6885661,172,M.intermedium
GCF_025822065.1,NZ_JACKTC010000074.1,10478,6885661,172,M.intermedium
GCF_025822065.1,NZ_JACKTC010000075.1,137500,6885661,172,M.intermedium
GCF_025822065.1,NZ_JACKTC010000076.1,1582,6885661,172,M.intermedium
GCF_025822065.1,NZ_JACKTC010000077.1,109313,6885661,172,M.intermedium
GCF_025822065.1,NZ_JACKTC010000078.1,35479,6885661,172,M.intermedium
GCF_025822065.1,NZ_JACKTC010000079.1,40751,6885661,172,M.intermedium
GCF_025822065.1,NZ_JACKTC010000080.1,16989,6885661,172,M.intermedium
GCF_025822065.1,NZ_JACKTC010000081.1,1024,6885661,172,M.intermedium
GCF_025822065.1,NZ_JACKTC010000082.1,1053,6885661,172,M.intermedium
GCF_025822065.1,NZ_JACKTC010000083.1,261,6885661,172,M.intermedium
GCF_025822065.1,NZ_JACKTC010000084.1,44390,6885661,172,M.intermedium
GCF_025822065.1,NZ_JACKTC010000085.1,775,6885661,172,M.intermedium
GCF_025822065.1,NZ_JACKTC010000086.1,29853,6885661,172,M.intermedium
GCF_025822065.1,NZ_JACKTC010000087.1,87220,6885661,172,M.intermedium
GCF_025822065.1,NZ_JACKTC010000088.1,47860,6885661,172,M.intermedium
GCF_025822065.1,NZ_JACKTC010000089.1,30187,6885661,172,M.intermedium
GCF_025822065.1,NZ_JACKTC010000090.1,185413,6885661,172,M.intermedium
GCF_025822065.1,NZ_JACKTC010000091.1,28719,6885661,172,M.intermedium
GCF_025822065.1,NZ_JACKTC010000092.1,29552,6885661,172,M.intermedium
GCF_025822065.1,NZ_JACKTC010000093.1,75541,6885661,172,M.intermedium
GCF_025822065.1,NZ_JACKTC010000094.1,24114,6885661,172,M.intermedium
GCF_025822065.1,NZ_JACKTC010000095.1,21162,6885661,172,M.intermedium
GCF_025822065.1,NZ_JACKTC010000096.1,6256,6885661,172,M.intermedium
GCF_025822065.1,NZ_JACKTC010000097.1,442735,6885661,172,M.intermedium
GCF_025822065.1,NZ_JACKTC010000098.1,932,6885661,172,M.intermedium
GCF_025822065.1,NZ_JACKTC010000099.1,2262,6885661,172,M.intermedium
GCF_025822065.1,NZ_JACKTC010000100.1,849,6885661,172,M.intermedium
GCF_025822065.1,NZ_JACKTC010000101.1,48987,6885661,172,M.intermedium
GCF_025822065.1,NZ_JACKTC010000102.1,92686,6885661,172,M.intermedium
GCF_025822065.1,NZ_JACKTC010000103.1,2428,6885661,172,M.intermedium
GCF_025822065.1,NZ_JACKTC010000104.1,72570,6885661,172,M.intermedium
GCF_025822065.1,NZ_JACKTC010000105.1,866,6885661,172,M.intermedium
GCF_025822065.1,NZ_JACKTC010000106.1,169186,6885661,172,M.intermedium
GCF_025822065.1,NZ_JACKTC010000107.1,104418,6885661,172,M.intermedium
GCF_025822065.1,NZ_JACKTC010000108.1,125268,6885661,172,M.intermedium
GCF_025822065.1,NZ_JACKTC010000109.1,115180,6885661,172,M.intermedium
GCF_025822065.1,NZ_JACKTC010000110.1,106748,6885661,172,M.intermedium
GCF_025822065.1,NZ_JACKTC010000111.1,36704,6885661,172,M.intermedium
GCF_020736005.1,NZ_CP085945.1,5621211,5621211,3,M.intracellulare
GCF_002219285.1,NZ_CP015278.1,5865644,5865644,3,M.intracellulare_chimaera
GCF_000418535.1,NC_021715.1,5521023,5521023,3,M.intracellulare_yongonense
GCF_002101705.1,NZ_LQPC01000001.1,15954,6335651,143,M.iranicum
GCF_002101705.1,NZ_LQPC01000002.1,208099,6335651,143,M.iranicum
GCF_002101705.1,NZ_LQPC01000003.1,1043,6335651,143,M.iranicum
GCF_002101705.1,NZ_LQPC01000004.1,47361,6335651,143,M.iranicum
GCF_002101705.1,NZ_LQPC01000005.1,2533,6335651,143,M.iranicum
GCF_002101705.1,NZ_LQPC01000006.1,29814,6335651,143,M.iranicum
GCF_002101705.1,NZ_LQPC01000007.1,50588,6335651,143,M.iranicum
GCF_002101705.1,NZ_LQPC01000008.1,1765,6335651,143,M.iranicum
GCF_002101705.1,NZ_LQPC01000009.1,50817,6335651,143,M.iranicum
GCF_002101705.1,NZ_LQPC01000010.1,50942,6335651,143,M.iranicum
GCF_002101705.1,NZ_LQPC01000011.1,22316,6335651,143,M.iranicum
GCF_002101705.1,NZ_LQPC01000012.1,21262,6335651,143,M.iranicum
GCF_002101705.1,NZ_LQPC01000013.1,11095,6335651,143,M.iranicum
GCF_002101705.1,NZ_LQPC01000014.1,65966,6335651,143,M.iranicum
GCF_002101705.1,NZ_LQPC01000015.1,69302,6335651,143,M.iranicum
GCF_002101705.1,NZ_LQPC01000016.1,14593,6335651,143,M.iranicum
GCF_002101705.1,NZ_LQPC01000017.1,21362,6335651,143,M.iranicum
GCF_002101705.1,NZ_LQPC01000018.1,91961,6335651,143,M.iranicum
GCF_002101705.1,NZ_LQPC01000019.1,293291,6335651,143,M.iranicum
GCF_002101705.1,NZ_LQPC01000020.1,352333,6335651,143,M.iranicum
GCF_002101705.1,NZ_LQPC01000021.1,65073,6335651,143,M.iranicum
GCF_002101705.1,NZ_LQPC01000022.1,60759,6335651,143,M.iranicum
GCF_002101705.1,NZ_LQPC01000023.1,17768,6335651,143,M.iranicum
GCF_002101705.1,NZ_LQPC01000024.1,2297,6335651,143,M.iranicum
GCF_002101705.1,NZ_LQPC01000025.1,1163,6335651,143,M.iranicum
GCF_002101705.1,NZ_LQPC01000026.1,395241,6335651,143,M.iranicum
GCF_002101705.1,NZ_LQPC01000027.1,279838,6335651,143,M.iranicum
GCF_002101705.1,NZ_LQPC01000028.1,340893,6335651,143,M.iranicum
GCF_002101705.1,NZ_LQPC01000029.1,240675,6335651,143,M.iranicum
GCF_002101705.1,NZ_LQPC01000030.1,490036,6335651,143,M.iranicum
GCF_002101705.1,NZ_LQPC01000031.1,240641,6335651,143,M.iranicum
GCF_002101705.1,NZ_LQPC01000032.1,151882,6335651,143,M.iranicum
GCF_002101705.1,NZ_LQPC01000033.1,1499,6335651,143,M.iranicum
GCF_002101705.1,NZ_LQPC01000034.1,25102,6335651,143,M.iranicum
GCF_002101705.1,NZ_LQPC01000035.1,61869,6335651,143,M.iranicum
GCF_002101705.1,NZ_LQPC01000036.1,16009,6335651,143,M.iranicum
GCF_002101705.1,NZ_LQPC01000037.1,91184,6335651,143,M.iranicum
GCF_002101705.1,NZ_LQPC01000038.1,7575,6335651,143,M.iranicum
GCF_002101705.1,NZ_LQPC01000039.1,102753,6335651,143,M.iranicum
GCF_002101705.1,NZ_LQPC01000040.1,2643,6335651,143,M.iranicum
GCF_002101705.1,NZ_LQPC01000041.1,114110,6335651,143,M.iranicum
GCF_002101705.1,NZ_LQPC01000042.1,40614,6335651,143,M.iranicum
GCF_002101705.1,NZ_LQPC01000043.1,101134,6335651,143,M.iranicum
GCF_002101705.1,NZ_LQPC01000044.1,22051,6335651,143,M.iranicum
GCF_002101705.1,NZ_LQPC01000045.1,62167,6335651,143,M.iranicum
GCF_002101705.1,NZ_LQPC01000046.1,23300,6335651,143,M.iranicum
GCF_002101705.1,NZ_LQPC01000047.1,598340,6335651,143,M.iranicum
GCF_002101705.1,NZ_LQPC01000048.1,1284,6335651,143,M.iranicum
GCF_002101705.1,NZ_LQPC01000049.1,113757,6335651,143,M.iranicum
GCF_002101705.1,NZ_LQPC01000050.1,102695,6335651,143,M.iranicum
GCF_002101705.1,NZ_LQPC01000051.1,99791,6335651,143,M.iranicum
GCF_002101705.1,NZ_LQPC01000052.1,88108,6335651,143,M.iranicum
GCF_002101705.1,NZ_LQPC01000053.1,3980,6335651,143,M.iranicum
GCF_002101705.1,NZ_LQPC01000054.1,224015,6335651,143,M.iranicum
GCF_002101705.1,NZ_LQPC01000055.1,5923,6335651,143,M.iranicum
GCF_002101705.1,NZ_LQPC01000056.1,30327,6335651,143,M.iranicum
GCF_002101705.1,NZ_LQPC01000057.1,5457,6335651,143,M.iranicum
GCF_002101705.1,NZ_LQPC01000058.1,2929,6335651,143,M.iranicum
GCF_002101705.1,NZ_LQPC01000059.1,2636,6335651,143,M.iranicum
GCF_002101705.1,NZ_LQPC01000060.1,2590,6335651,143,M.iranicum
GCF_002101705.1,NZ_LQPC01000061.1,2053,6335651,143,M.iranicum
GCF_002101705.1,NZ_LQPC01000062.1,2053,6335651,143,M.iranicum
GCF_002101705.1,NZ_LQPC01000063.1,1697,6335651,143,M.iranicum
GCF_002101705.1,NZ_LQPC01000064.1,3167,6335651,143,M.iranicum
GCF_002101705.1,NZ_LQPC01000065.1,256103,6335651,143,M.iranicum
GCF_002101705.1,NZ_LQPC01000066.1,1336,6335651,143,M.iranicum
GCF_002101705.1,NZ_LQPC01000067.1,38610,6335651,143,M.iranicum
GCF_002101705.1,NZ_LQPC01000068.1,1334,6335651,143,M.iranicum
GCF_002101705.1,NZ_LQPC01000069.1,1332,6335651,143,M.iranicum
GCF_002101705.1,NZ_LQPC01000070.1,1189,6335651,143,M.iranicum
GCF_002101705.1,NZ_LQPC01000071.1,1040,6335651,143,M.iranicum
GCF_002101705.1,NZ_LQPC01000072.1,1154,6335651,143,M.iranicum
GCF_002101705.1,NZ_LQPC01000073.1,75719,6335651,143,M.iranicum
GCF_002101705.1,NZ_LQPC01000074.1,1090,6335651,143,M.iranicum
GCF_002101705.1,NZ_LQPC01000075.1,29385,6335651,143,M.iranicum
GCF_002101705.1,NZ_LQPC01000076.1,143188,6335651,143,M.iranicum
GCF_002101705.1,NZ_LQPC01000077.1,1061,6335651,143,M.iranicum
GCF_002101705.1,NZ_LQPC01000078.1,1032,6335651,143,M.iranicum
GCF_002101705.1,NZ_LQPC01000079.1,44051,6335651,143,M.iranicum
GCF_002101705.1,NZ_LQPC01000080.1,1059,6335651,143,M.iranicum
GCF_002101705.1,NZ_LQPC01000081.1,24108,6335651,143,M.iranicum
GCF_002101705.1,NZ_LQPC01000082.1,41385,6335651,143,M.iranicum
GCF_000157895.3,NC_022663.1,6432277,6432277,14,M.kansasii
GCF_026011875.1,NZ_BRXH01000001.1,479113,6484216,120,M.kiyosense
GCF_026011875.1,NZ_BRXH01000002.1,427598,6484216,120,M.kiyosense
GCF_026011875.1,NZ_BRXH01000003.1,360668,6484216,120,M.kiyosense
GCF_026011875.1,NZ_BRXH01000004.1,289678,6484216,120,M.kiyosense
GCF_026011875.1,NZ_BRXH01000005.1,218882,6484216,120,M.kiyosense
GCF_026011875.1,NZ_BRXH01000006.1,208396,6484216,120,M.kiyosense
GCF_026011875.1,NZ_BRXH01000007.1,200851,6484216,120,M.kiyosense
GCF_026011875.1,NZ_BRXH01000008.1,199809,6484216,120,M.kiyosense
GCF_026011875.1,NZ_BRXH01000009.1,188658,6484216,120,M.kiyosense
GCF_026011875.1,NZ_BRXH01000010.1,142156,6484216,120,M.kiyosense
GCF_026011875.1,NZ_BRXH01000011.1,141824,6484216,120,M.kiyosense
GCF_026011875.1,NZ_BRXH01000012.1,138521,6484216,120,M.kiyosense
GCF_026011875.1,NZ_BRXH01000013.1,136109,6484216,120,M.kiyosense
GCF_026011875.1,NZ_BRXH01000014.1,126187,6484216,120,M.kiyosense
GCF_026011875.1,NZ_BRXH01000015.1,104379,6484216,120,M.kiyosense
GCF_026011875.1,NZ_BRXH01000016.1,96207,6484216,120,M.kiyosense
GCF_026011875.1,NZ_BRXH01000017.1,94799,6484216,120,M.kiyosense
GCF_026011875.1,NZ_BRXH01000018.1,94298,6484216,120,M.kiyosense
GCF_026011875.1,NZ_BRXH01000019.1,89894,6484216,120,M.kiyosense
GCF_026011875.1,NZ_BRXH01000020.1,82250,6484216,120,M.kiyosense
GCF_026011875.1,NZ_BRXH01000021.1,81557,6484216,120,M.kiyosense
GCF_026011875.1,NZ_BRXH01000022.1,80031,6484216,120,M.kiyosense
GCF_026011875.1,NZ_BRXH01000023.1,72710,6484216,120,M.kiyosense
GCF_026011875.1,NZ_BRXH01000024.1,70937,6484216,120,M.kiyosense
GCF_026011875.1,NZ_BRXH01000025.1,70591,6484216,120,M.kiyosense
GCF_026011875.1,NZ_BRXH01000026.1,68053,6484216,120,M.kiyosense
GCF_026011875.1,NZ_BRXH01000027.1,63621,6484216,120,M.kiyosense
GCF_026011875.1,NZ_BRXH01000028.1,59199,6484216,120,M.kiyosense
GCF_026011875.1,NZ_BRXH01000029.1,59073,6484216,120,M.kiyosense
GCF_026011875.1,NZ_BRXH01000030.1,59066,6484216,120,M.kiyosense
GCF_026011875.1,NZ_BRXH01000031.1,56668,6484216,120,M.kiyosense
GCF_026011875.1,NZ_BRXH01000032.1,56459,6484216,120,M.kiyosense
GCF_026011875.1,NZ_BRXH01000033.1,55019,6484216,120,M.kiyosense
GCF_026011875.1,NZ_BRXH01000034.1,50921,6484216,120,M.kiyosense
GCF_026011875.1,NZ_BRXH01000035.1,50812,6484216,120,M.kiyosense
GCF_026011875.1,NZ_BRXH01000036.1,47566,6484216,120,M.kiyosense
GCF_026011875.1,NZ_BRXH01000037.1,46584,6484216,120,M.kiyosense
GCF_026011875.1,NZ_BRXH01000038.1,44742,6484216,120,M.kiyosense
GCF_026011875.1,NZ_BRXH01000039.1,43641,6484216,120,M.kiyosense
GCF_026011875.1,NZ_BRXH01000040.1,43365,6484216,120,M.kiyosense
GCF_026011875.1,NZ_BRXH01000041.1,41721,6484216,120,M.kiyosense
GCF_026011875.1,NZ_BRXH01000042.1,39894,6484216,120,M.kiyosense
GCF_026011875.1,NZ_BRXH01000043.1,39755,6484216,120,M.kiyosense
GCF_026011875.1,NZ_BRXH01000044.1,39599,6484216,120,M.kiyosense
GCF_026011875.1,NZ_BRXH01000045.1,39260,6484216,120,M.kiyosense
GCF_026011875.1,NZ_BRXH01000046.1,36192,6484216,120,M.kiyosense
GCF_026011875.1,NZ_BRXH01000047.1,35051,6484216,120,M.kiyosense
GCF_026011875.1,NZ_BRXH01000048.1,34744,6484216,120,M.kiyosense
GCF_026011875.1,NZ_BRXH01000049.1,33268,6484216,120,M.kiyosense
GCF_026011875.1,NZ_BRXH01000050.1,32982,6484216,120,M.kiyosense
GCF_026011875.1,NZ_BRXH01000051.1,32804,6484216,120,M.kiyosense
GCF_026011875.1,NZ_BRXH01000052.1,30805,6484216,120,M.kiyosense
GCF_026011875.1,NZ_BRXH01000053.1,30630,6484216,120,M.kiyosense
GCF_026011875.1,NZ_BRXH01000054.1,30584,6484216,120,M.kiyosense
GCF_026011875.1,NZ_BRXH01000055.1,30041,6484216,120,M.kiyosense
GCF_026011875.1,NZ_BRXH01000056.1,30032,6484216,120,M.kiyosense
GCF_026011875.1,NZ_BRXH01000057.1,28803,6484216,120,M.kiyosense
GCF_026011875.1,NZ_BRXH01000058.1,26637,6484216,120,M.kiyosense
GCF_026011875.1,NZ_BRXH01000059.1,25354,6484216,120,M.kiyosense
GCF_026011875.1,NZ_BRXH01000060.1,25301,6484216,120,M.kiyosense
GCF_026011875.1,NZ_BRXH01000061.1,25199,6484216,120,M.kiyosense
GCF_026011875.1,NZ_BRXH01000062.1,24721,6484216,120,M.kiyosense
GCF_026011875.1,NZ_BRXH01000063.1,24166,6484216,120,M.kiyosense
GCF_026011875.1,NZ_BRXH01000064.1,23850,6484216,120,M.kiyosense
GCF_026011875.1,NZ_BRXH01000065.1,23679,6484216,120,M.kiyosense
GCF_026011875.1,NZ_BRXH01000066.1,23406,6484216,120,M.kiyosense
GCF_026011875.1,NZ_BRXH01000067.1,23404,6484216,120,M.kiyosense
GCF_026011875.1,NZ_BRXH01000068.1,23175,6484216,120,M.kiyosense
GCF_026011875.1,NZ_BRXH01000069.1,23137,6484216,120,M.kiyosense
GCF_026011875.1,NZ_BRXH01000070.1,22485,6484216,120,M.kiyosense
GCF_026011875.1,NZ_BRXH01000071.1,22288,6484216,120,M.kiyosense
GCF_026011875.1,NZ_BRXH01000072.1,22195,6484216,120,M.kiyosense
GCF_026011875.1,NZ_BRXH01000073.1,22032,6484216,120,M.kiyosense
GCF_026011875.1,NZ_BRXH01000074.1,21619,6484216,120,M.kiyosense
GCF_026011875.1,NZ_BRXH01000075.1,20826,6484216,120,M.kiyosense
GCF_026011875.1,NZ_BRXH01000076.1,20235,6484216,120,M.kiyosense
GCF_026011875.1,NZ_BRXH01000077.1,20217,6484216,120,M.kiyosense
GCF_026011875.1,NZ_BRXH01000078.1,20051,6484216,120,M.kiyosense
GCF_026011875.1,NZ_BRXH01000079.1,17918,6484216,120,M.kiyosense
GCF_026011875.1,NZ_BRXH01000080.1,17287,6484216,120,M.kiyosense
GCF_026011875.1,NZ_BRXH01000081.1,16950,6484216,120,M.kiyosense
GCF_026011875.1,NZ_BRXH01000082.1,16796,6484216,120,M.kiyosense
GCF_026011875.1,NZ_BRXH01000083.1,16362,6484216,120,M.kiyosense
GCF_026011875.1,NZ_BRXH01000084.1,15801,6484216,120,M.kiyosense
GCF_026011875.1,NZ_BRXH01000085.1,15752,6484216,120,M.kiyosense
GCF_026011875.1,NZ_BRXH01000086.1,15527,6484216,120,M.kiyosense
GCF_026011875.1,NZ_BRXH01000087.1,15000,6484216,120,M.kiyosense
GCF_026011875.1,NZ_BRXH01000088.1,14358,6484216,120,M.kiyosense
GCF_026011875.1,NZ_BRXH01000089.1,14326,6484216,120,M.kiyosense
GCF_026011875.1,NZ_BRXH01000090.1,13994,6484216,120,M.kiyosense
GCF_026011875.1,NZ_BRXH01000091.1,13267,6484216,120,M.kiyosense
GCF_026011875.1,NZ_BRXH01000092.1,12891,6484216,120,M.kiyosense
GCF_026011875.1,NZ_BRXH01000093.1,11262,6484216,120,M.kiyosense
GCF_026011875.1,NZ_BRXH01000094.1,11182,6484216,120,M.kiyosense
GCF_026011875.1,NZ_BRXH01000095.1,9845,6484216,120,M.kiyosense
GCF_026011875.1,NZ_BRXH01000096.1,9771,6484216,120,M.kiyosense
GCF_026011875.1,NZ_BRXH01000097.1,9276,6484216,120,M.kiyosense
GCF_026011875.1,NZ_BRXH01000098.1,8696,6484216,120,M.kiyosense
GCF_026011875.1,NZ_BRXH01000099.1,8365,6484216,120,M.kiyosense
GCF_026011875.1,NZ_BRXH01000100.1,8171,6484216,120,M.kiyosense
GCF_026011875.1,NZ_BRXH01000101.1,7878,6484216,120,M.kiyosense
GCF_026011875.1,NZ_BRXH01000102.1,7855,6484216,120,M.kiyosense
GCF_026011875.1,NZ_BRXH01000103.1,7677,6484216,120,M.kiyosense
GCF_026011875.1,NZ_BRXH01000104.1,7392,6484216,120,M.kiyosense
GCF_026011875.1,NZ_BRXH01000105.1,6715,6484216,120,M.kiyosense
GCF_026011875.1,NZ_BRXH01000106.1,5545,6484216,120,M.kiyosense
GCF_026011875.1,NZ_BRXH01000107.1,5302,6484216,120,M.kiyosense
GCF_026011875.1,NZ_BRXH01000108.1,5210,6484216,120,M.kiyosense
GCF_026011875.1,NZ_BRXH01000109.1,4392,6484216,120,M.kiyosense
GCF_026011875.1,NZ_BRXH01000110.1,4198,6484216,120,M.kiyosense
GCF_026011875.1,NZ_BRXH01000111.1,3054,6484216,120,M.kiyosense
GCF_026011875.1,NZ_BRXH01000112.1,2717,6484216,120,M.kiyosense
GCF_026011875.1,NZ_BRXH01000113.1,2714,6484216,120,M.kiyosense
GCF_026011875.1,NZ_BRXH01000114.1,2520,6484216,120,M.kiyosense
GCF_026011875.1,NZ_BRXH01000115.1,2493,6484216,120,M.kiyosense
GCF_026011875.1,NZ_BRXH01000116.1,2239,6484216,120,M.kiyosense
GCF_026011875.1,NZ_BRXH01000117.1,2206,6484216,120,M.kiyosense
GCF_026011875.1,NZ_BRXH01000118.1,2119,6484216,120,M.kiyosense
GCF_026011875.1,NZ_BRXH01000119.1,2064,6484216,120,M.kiyosense
GCF_026011875.1,NZ_BRXH01000120.1,1954,6484216,120,M.kiyosense
GCF_026011875.1,NZ_BRXH01000121.1,1598,6484216,120,M.kiyosense
GCF_026011875.1,NZ_BRXH01000122.1,1469,6484216,120,M.kiyosense
GCF_026011875.1,NZ_BRXH01000123.1,1396,6484216,120,M.kiyosense
GCF_026011875.1,NZ_BRXH01000124.1,1350,6484216,120,M.kiyosense
GCF_026011875.1,NZ_BRXH01000125.1,1316,6484216,120,M.kiyosense
GCF_026011875.1,NZ_BRXH01000126.1,1281,6484216,120,M.kiyosense
GCF_026011875.1,NZ_BRXH01000127.1,1273,6484216,120,M.kiyosense
GCF_026011875.1,NZ_BRXH01000128.1,1265,6484216,120,M.kiyosense
GCF_026011875.1,NZ_BRXH01000129.1,1140,6484216,120,M.kiyosense
GCF_026011875.1,NZ_BRXH01000130.1,1131,6484216,120,M.kiyosense
GCF_026011875.1,NZ_BRXH01000131.1,1034,6484216,120,M.kiyosense
GCF_026011875.1,NZ_BRXH01000132.1,870,6484216,120,M.kiyosense
GCF_026011875.1,NZ_BRXH01000133.1,831,6484216,120,M.kiyosense
GCF_026011875.1,NZ_BRXH01000134.1,823,6484216,120,M.kiyosense
GCF_026011875.1,NZ_BRXH01000135.1,815,6484216,120,M.kiyosense
GCF_026011875.1,NZ_BRXH01000136.1,802,6484216,120,M.kiyosense
GCF_026011875.1,NZ_BRXH01000137.1,718,6484216,120,M.kiyosense
GCF_026011875.1,NZ_BRXH01000138.1,608,6484216,120,M.kiyosense
GCF_026011875.1,NZ_BRXH01000139.1,575,6484216,120,M.kiyosense
GCF_026011875.1,NZ_BRXH01000140.1,557,6484216,120,M.kiyosense
GCF_026011875.1,NZ_BRXH01000141.1,541,6484216,120,M.kiyosense
GCF_026011875.1,NZ_BRXH01000142.1,491,6484216,120,M.kiyosense
GCF_026011875.1,NZ_BRXH01000143.1,473,6484216,120,M.kiyosense
GCF_026011875.1,NZ_BRXH01000144.1,453,6484216,120,M.kiyosense
GCF_026011875.1,NZ_BRXH01000145.1,424,6484216,120,M.kiyosense
GCF_026011875.1,NZ_BRXH01000146.1,406,6484216,120,M.kiyosense
GCF_026011875.1,NZ_BRXH01000147.1,402,6484216,120,M.kiyosense
GCF_026011875.1,NZ_BRXH01000148.1,397,6484216,120,M.kiyosense
GCF_026011875.1,NZ_BRXH01000149.1,395,6484216,120,M.kiyosense
GCF_026011875.1,NZ_BRXH01000150.1,379,6484216,120,M.kiyosense
GCF_026011875.1,NZ_BRXH01000151.1,366,6484216,120,M.kiyosense
GCF_026011875.1,NZ_BRXH01000152.1,360,6484216,120,M.kiyosense
GCF_026011875.1,NZ_BRXH01000153.1,356,6484216,120,M.kiyosense
GCF_026011875.1,NZ_BRXH01000154.1,347,6484216,120,M.kiyosense
GCF_026011875.1,NZ_BRXH01000155.1,303,6484216,120,M.kiyosense
GCF_026011875.1,NZ_BRXH01000156.1,277,6484216,120,M.kiyosense
GCF_026011875.1,NZ_BRXH01000157.1,267,6484216,120,M.kiyosense
GCF_026011875.1,NZ_BRXH01000158.1,266,6484216,120,M.kiyosense
GCF_026011875.1,NZ_BRXH01000159.1,265,6484216,120,M.kiyosense
GCF_026011875.1,NZ_BRXH01000160.1,253,6484216,120,M.kiyosense
GCF_026011875.1,NZ_BRXH01000161.1,251,6484216,120,M.kiyosense
GCF_026011875.1,NZ_BRXH01000162.1,246,6484216,120,M.kiyosense
GCF_026011875.1,NZ_BRXH01000163.1,244,6484216,120,M.kiyosense
GCF_026011875.1,NZ_BRXH01000164.1,236,6484216,120,M.kiyosense
GCF_026011875.1,NZ_BRXH01000165.1,235,6484216,120,M.kiyosense
GCF_026011875.1,NZ_BRXH01000166.1,226,6484216,120,M.kiyosense
GCF_026011875.1,NZ_BRXH01000167.1,223,6484216,120,M.kiyosense
GCF_026011875.1,NZ_BRXH01000168.1,223,6484216,120,M.kiyosense
GCF_026011875.1,NZ_BRXH01000169.1,223,6484216,120,M.kiyosense
GCF_026011875.1,NZ_BRXH01000170.1,223,6484216,120,M.kiyosense
GCF_026011875.1,NZ_BRXH01000171.1,223,6484216,120,M.kiyosense
GCF_026011875.1,NZ_BRXH01000172.1,223,6484216,120,M.kiyosense
GCF_026011875.1,NZ_BRXH01000173.1,223,6484216,120,M.kiyosense
GCF_026011875.1,NZ_BRXH01000174.1,223,6484216,120,M.kiyosense
GCF_026011875.1,NZ_BRXH01000175.1,223,6484216,120,M.kiyosense
GCF_026011875.1,NZ_BRXH01000176.1,223,6484216,120,M.kiyosense
GCF_026011875.1,NZ_BRXH01000177.1,223,6484216,120,M.kiyosense
GCF_026011875.1,NZ_BRXH01000178.1,222,6484216,120,M.kiyosense
GCF_026011875.1,NZ_BRXH01000179.1,222,6484216,120,M.kiyosense
GCF_026011875.1,NZ_BRXH01000180.1,221,6484216,120,M.kiyosense
GCF_026011875.1,NZ_BRXH01000181.1,221,6484216,120,M.kiyosense
GCF_026011875.1,NZ_BRXH01000182.1,221,6484216,120,M.kiyosense
GCF_026011875.1,NZ_BRXH01000183.1,220,6484216,120,M.kiyosense
GCF_026011875.1,NZ_BRXH01000184.1,220,6484216,120,M.kiyosense
GCF_026011875.1,NZ_BRXH01000185.1,216,6484216,120,M.kiyosense
GCF_026011875.1,NZ_BRXH01000186.1,214,6484216,120,M.kiyosense
GCF_963378075.1,NZ_OY726394.1,4341397,4341397,17,M.kokjensenii
GCF_025822605.1,NZ_JACKTY010000001.1,1721,6920863,137,M.komossense
GCF_025822605.1,NZ_JACKTY010000002.1,1956,6920863,137,M.komossense
GCF_025822605.1,NZ_JACKTY010000003.1,10852,6920863,137,M.komossense
GCF_025822605.1,NZ_JACKTY010000004.1,156685,6920863,137,M.komossense
GCF_025822605.1,NZ_JACKTY010000005.1,13623,6920863,137,M.komossense
GCF_025822605.1,NZ_JACKTY010000006.1,399,6920863,137,M.komossense
GCF_025822605.1,NZ_JACKTY010000007.1,32387,6920863,137,M.komossense
GCF_025822605.1,NZ_JACKTY010000008.1,5028,6920863,137,M.komossense
GCF_025822605.1,NZ_JACKTY010000009.1,72933,6920863,137,M.komossense
GCF_025822605.1,NZ_JACKTY010000010.1,64041,6920863,137,M.komossense
GCF_025822605.1,NZ_JACKTY010000011.1,23564,6920863,137,M.komossense
GCF_025822605.1,NZ_JACKTY010000012.1,506975,6920863,137,M.komossense
GCF_025822605.1,NZ_JACKTY010000013.1,30563,6920863,137,M.komossense
GCF_025822605.1,NZ_JACKTY010000014.1,330422,6920863,137,M.komossense
GCF_025822605.1,NZ_JACKTY010000015.1,356,6920863,137,M.komossense
GCF_025822605.1,NZ_JACKTY010000016.1,46779,6920863,137,M.komossense
GCF_025822605.1,NZ_JACKTY010000017.1,607,6920863,137,M.komossense
GCF_025822605.1,NZ_JACKTY010000018.1,254150,6920863,137,M.komossense
GCF_025822605.1,NZ_JACKTY010000019.1,225,6920863,137,M.komossense
GCF_025822605.1,NZ_JACKTY010000020.1,424215,6920863,137,M.komossense
GCF_025822605.1,NZ_JACKTY010000021.1,99942,6920863,137,M.komossense
GCF_025822605.1,NZ_JACKTY010000022.1,53892,6920863,137,M.komossense
GCF_025822605.1,NZ_JACKTY010000023.1,3351,6920863,137,M.komossense
GCF_025822605.1,NZ_JACKTY010000024.1,106917,6920863,137,M.komossense
GCF_025822605.1,NZ_JACKTY010000025.1,5778,6920863,137,M.komossense
GCF_025822605.1,NZ_JACKTY010000026.1,323,6920863,137,M.komossense
GCF_025822605.1,NZ_JACKTY010000027.1,207,6920863,137,M.komossense
GCF_025822605.1,NZ_JACKTY010000028.1,543263,6920863,137,M.komossense
GCF_025822605.1,NZ_JACKTY010000029.1,602087,6920863,137,M.komossense
GCF_025822605.1,NZ_JACKTY010000030.1,321788,6920863,137,M.komossense
GCF_025822605.1,NZ_JACKTY010000031.1,403347,6920863,137,M.komossense
GCF_025822605.1,NZ_JACKTY010000032.1,167358,6920863,137,M.komossense
GCF_025822605.1,NZ_JACKTY010000033.1,415236,6920863,137,M.komossense
GCF_025822605.1,NZ_JACKTY010000034.1,535,6920863,137,M.komossense
GCF_025822605.1,NZ_JACKTY010000035.1,74961,6920863,137,M.komossense
GCF_025822605.1,NZ_JACKTY010000036.1,333,6920863,137,M.komossense
GCF_025822605.1,NZ_JACKTY010000037.1,119483,6920863,137,M.komossense
GCF_025822605.1,NZ_JACKTY010000038.1,84440,6920863,137,M.komossense
GCF_025822605.1,NZ_JACKTY010000039.1,127198,6920863,137,M.komossense
GCF_025822605.1,NZ_JACKTY010000040.1,162079,6920863,137,M.komossense
GCF_025822605.1,NZ_JACKTY010000041.1,161097,6920863,137,M.komossense
GCF_025822605.1,NZ_JACKTY010000042.1,31803,6920863,137,M.komossense
GCF_025822605.1,NZ_JACKTY010000043.1,85509,6920863,137,M.komossense
GCF_025822605.1,NZ_JACKTY010000044.1,495,6920863,137,M.komossense
GCF_025822605.1,NZ_JACKTY010000045.1,82242,6920863,137,M.komossense
GCF_025822605.1,NZ_JACKTY010000046.1,102276,6920863,137,M.komossense
GCF_025822605.1,NZ_JACKTY010000047.1,245648,6920863,137,M.komossense
GCF_025822605.1,NZ_JACKTY010000048.1,96209,6920863,137,M.komossense
GCF_025822605.1,NZ_JACKTY010000049.1,424768,6920863,137,M.komossense
GCF_025822605.1,NZ_JACKTY010000050.1,95971,6920863,137,M.komossense
GCF_025822605.1,NZ_JACKTY010000051.1,191363,6920863,137,M.komossense
GCF_025822605.1,NZ_JACKTY010000052.1,90951,6920863,137,M.komossense
GCF_025822605.1,NZ_JACKTY010000053.1,547,6920863,137,M.komossense
GCF_025822605.1,NZ_JACKTY010000054.1,1384,6920863,137,M.komossense
GCF_025822605.1,NZ_JACKTY010000055.1,532,6920863,137,M.komossense
GCF_025822605.1,NZ_JACKTY010000056.1,635,6920863,137,M.komossense
GCF_025822605.1,NZ_JACKTY010000057.1,39434,6920863,137,M.komossense
GCF_010731835.1,NZ_AP022594.1,4155701,4155701,27,M.koreensis
GCF_014263315.1,NZ_CP045081.1,5345311,5345311,219,M.kubicae
GCF_002086285.1,NZ_MVHU01000001.1,341306,4815853,19,M.kumamotonensis
GCF_002086285.1,NZ_MVHU01000002.1,283327,4815853,19,M.kumamotonensis
GCF_002086285.1,NZ_MVHU01000003.1,247555,4815853,19,M.kumamotonensis
GCF_002086285.1,NZ_MVHU01000004.1,191471,4815853,19,M.kumamotonensis
GCF_002086285.1,NZ_MVHU01000005.1,189326,4815853,19,M.kumamotonensis
GCF_002086285.1,NZ_MVHU01000006.1,176755,4815853,19,M.kumamotonensis
GCF_002086285.1,NZ_MVHU01000007.1,174157,4815853,19,M.kumamotonensis
GCF_002086285.1,NZ_MVHU01000008.1,137577,4815853,19,M.kumamotonensis
GCF_002086285.1,NZ_MVHU01000009.1,132079,4815853,19,M.kumamotonensis
GCF_002086285.1,NZ_MVHU01000010.1,129379,4815853,19,M.kumamotonensis
GCF_002086285.1,NZ_MVHU01000011.1,121211,4815853,19,M.kumamotonensis
GCF_002086285.1,NZ_MVHU01000012.1,117517,4815853,19,M.kumamotonensis
GCF_002086285.1,NZ_MVHU01000013.1,112291,4815853,19,M.kumamotonensis
GCF_002086285.1,NZ_MVHU01000014.1,110718,4815853,19,M.kumamotonensis
GCF_002086285.1,NZ_MVHU01000015.1,101548,4815853,19,M.kumamotonensis
GCF_002086285.1,NZ_MVHU01000016.1,97495,4815853,19,M.kumamotonensis
GCF_002086285.1,NZ_MVHU01000017.1,96587,4815853,19,M.kumamotonensis
GCF_002086285.1,NZ_MVHU01000018.1,91910,4815853,19,M.kumamotonensis
GCF_002086285.1,NZ_MVHU01000019.1,86829,4815853,19,M.kumamotonensis
GCF_002086285.1,NZ_MVHU01000020.1,85984,4815853,19,M.kumamotonensis
GCF_002086285.1,NZ_MVHU01000021.1,84257,4815853,19,M.kumamotonensis
GCF_002086285.1,NZ_MVHU01000022.1,81951,4815853,19,M.kumamotonensis
GCF_002086285.1,NZ_MVHU01000023.1,81290,4815853,19,M.kumamotonensis
GCF_002086285.1,NZ_MVHU01000024.1,69191,4815853,19,M.kumamotonensis
GCF_002086285.1,NZ_MVHU01000025.1,64297,4815853,19,M.kumamotonensis
GCF_002086285.1,NZ_MVHU01000026.1,61282,4815853,19,M.kumamotonensis
GCF_002086285.1,NZ_MVHU01000027.1,60967,4815853,19,M.kumamotonensis
GCF_002086285.1,NZ_MVHU01000028.1,60398,4815853,19,M.kumamotonensis
GCF_002086285.1,NZ_MVHU01000029.1,60234,4815853,19,M.kumamotonensis
GCF_002086285.1,NZ_MVHU01000030.1,57475,4815853,19,M.kumamotonensis
GCF_002086285.1,NZ_MVHU01000031.1,56363,4815853,19,M.kumamotonensis
GCF_002086285.1,NZ_MVHU01000032.1,54730,4815853,19,M.kumamotonensis
GCF_002086285.1,NZ_MVHU01000033.1,45327,4815853,19,M.kumamotonensis
GCF_002086285.1,NZ_MVHU01000034.1,45277,4815853,19,M.kumamotonensis
GCF_002086285.1,NZ_MVHU01000035.1,44082,4815853,19,M.kumamotonensis
GCF_002086285.1,NZ_MVHU01000036.1,43969,4815853,19,M.kumamotonensis
GCF_002086285.1,NZ_MVHU01000037.1,43576,4815853,19,M.kumamotonensis
GCF_002086285.1,NZ_MVHU01000038.1,42214,4815853,19,M.kumamotonensis
GCF_002086285.1,NZ_MVHU01000039.1,39763,4815853,19,M.kumamotonensis
GCF_002086285.1,NZ_MVHU01000040.1,34984,4815853,19,M.kumamotonensis
GCF_002086285.1,NZ_MVHU01000041.1,34195,4815853,19,M.kumamotonensis
GCF_002086285.1,NZ_MVHU01000042.1,30647,4815853,19,M.kumamotonensis
GCF_002086285.1,NZ_MVHU01000043.1,30189,4815853,19,M.kumamotonensis
GCF_002086285.1,NZ_MVHU01000044.1,30136,4815853,19,M.kumamotonensis
GCF_002086285.1,NZ_MVHU01000045.1,26667,4815853,19,M.kumamotonensis
GCF_002086285.1,NZ_MVHU01000046.1,26326,4815853,19,M.kumamotonensis
GCF_002086285.1,NZ_MVHU01000047.1,26261,4815853,19,M.kumamotonensis
GCF_002086285.1,NZ_MVHU01000048.1,26250,4815853,19,M.kumamotonensis
GCF_002086285.1,NZ_MVHU01000049.1,26191,4815853,19,M.kumamotonensis
GCF_002086285.1,NZ_MVHU01000050.1,25734,4815853,19,M.kumamotonensis
GCF_002086285.1,NZ_MVHU01000051.1,22942,4815853,19,M.kumamotonensis
GCF_002086285.1,NZ_MVHU01000052.1,21921,4815853,19,M.kumamotonensis
GCF_002086285.1,NZ_MVHU01000053.1,21294,4815853,19,M.kumamotonensis
GCF_002086285.1,NZ_MVHU01000054.1,21283,4815853,19,M.kumamotonensis
GCF_002086285.1,NZ_MVHU01000055.1,20684,4815853,19,M.kumamotonensis
GCF_002086285.1,NZ_MVHU01000056.1,19179,4815853,19,M.kumamotonensis
GCF_002086285.1,NZ_MVHU01000057.1,18740,4815853,19,M.kumamotonensis
GCF_002086285.1,NZ_MVHU01000058.1,17758,4815853,19,M.kumamotonensis
GCF_002086285.1,NZ_MVHU01000059.1,17255,4815853,19,M.kumamotonensis
GCF_002086285.1,NZ_MVHU01000060.1,16272,4815853,19,M.kumamotonensis
GCF_002086285.1,NZ_MVHU01000061.1,12941,4815853,19,M.kumamotonensis
GCF_002086285.1,NZ_MVHU01000062.1,11441,4815853,19,M.kumamotonensis
GCF_002086285.1,NZ_MVHU01000063.1,11095,4815853,19,M.kumamotonensis
GCF_002086285.1,NZ_MVHU01000064.1,11002,4815853,19,M.kumamotonensis
GCF_002086285.1,NZ_MVHU01000065.1,8324,4815853,19,M.kumamotonensis
GCF_002086285.1,NZ_MVHU01000066.1,8159,4815853,19,M.kumamotonensis
GCF_002086285.1,NZ_MVHU01000067.1,7627,4815853,19,M.kumamotonensis
GCF_002086285.1,NZ_MVHU01000068.1,7533,4815853,19,M.kumamotonensis
GCF_002086285.1,NZ_MVHU01000069.1,6439,4815853,19,M.kumamotonensis
GCF_002086285.1,NZ_MVHU01000070.1,6251,4815853,19,M.kumamotonensis
GCF_002086285.1,NZ_MVHU01000071.1,5656,4815853,19,M.kumamotonensis
GCF_002086285.1,NZ_MVHU01000072.1,5307,4815853,19,M.kumamotonensis
GCF_002086285.1,NZ_MVHU01000073.1,4705,4815853,19,M.kumamotonensis
GCF_002086285.1,NZ_MVHU01000074.1,4337,4815853,19,M.kumamotonensis
GCF_002086285.1,NZ_MVHU01000075.1,3572,4815853,19,M.kumamotonensis
GCF_002086285.1,NZ_MVHU01000076.1,2969,4815853,19,M.kumamotonensis
GCF_002086285.1,NZ_MVHU01000077.1,2852,4815853,19,M.kumamotonensis
GCF_002086285.1,NZ_MVHU01000078.1,2728,4815853,19,M.kumamotonensis
GCF_002086285.1,NZ_MVHU01000079.1,2528,4815853,19,M.kumamotonensis
GCF_002086285.1,NZ_MVHU01000080.1,2512,4815853,19,M.kumamotonensis
GCF_002086285.1,NZ_MVHU01000081.1,2249,4815853,19,M.kumamotonensis
GCF_002086285.1,NZ_MVHU01000082.1,2231,4815853,19,M.kumamotonensis
GCF_002086285.1,NZ_MVHU01000083.1,2129,4815853,19,M.kumamotonensis
GCF_002086285.1,NZ_MVHU01000084.1,2033,4815853,19,M.kumamotonensis
GCF_002086285.1,NZ_MVHU01000085.1,1985,4815853,19,M.kumamotonensis
GCF_002086285.1,NZ_MVHU01000086.1,1817,4815853,19,M.kumamotonensis
GCF_002086285.1,NZ_MVHU01000087.1,1732,4815853,19,M.kumamotonensis
GCF_002086285.1,NZ_MVHU01000088.1,1701,4815853,19,M.kumamotonensis
GCF_002086285.1,NZ_MVHU01000089.1,1687,4815853,19,M.kumamotonensis
GCF_002086285.1,NZ_MVHU01000090.1,1491,4815853,19,M.kumamotonensis
GCF_002086285.1,NZ_MVHU01000091.1,1485,4815853,19,M.kumamotonensis
GCF_002086285.1,NZ_MVHU01000092.1,1481,4815853,19,M.kumamotonensis
GCF_002086285.1,NZ_MVHU01000093.1,1477,4815853,19,M.kumamotonensis
GCF_002086285.1,NZ_MVHU01000094.1,1476,4815853,19,M.kumamotonensis
GCF_002086285.1,NZ_MVHU01000095.1,1467,4815853,19,M.kumamotonensis
GCF_002086285.1,NZ_MVHU01000096.1,1351,4815853,19,M.kumamotonensis
GCF_002086285.1,NZ_MVHU01000097.1,1348,4815853,19,M.kumamotonensis
GCF_002086285.1,NZ_MVHU01000098.1,1335,4815853,19,M.kumamotonensis
GCF_002086285.1,NZ_MVHU01000099.1,1332,4815853,19,M.kumamotonensis
GCF_002086285.1,NZ_MVHU01000100.1,1289,4815853,19,M.kumamotonensis
GCF_002086285.1,NZ_MVHU01000101.1,1248,4815853,19,M.kumamotonensis
GCF_002086285.1,NZ_MVHU01000102.1,1115,4815853,19,M.kumamotonensis
GCF_002086285.1,NZ_MVHU01000103.1,1096,4815853,19,M.kumamotonensis
GCF_002086285.1,NZ_MVHU01000104.1,1069,4815853,19,M.kumamotonensis
GCF_002086285.1,NZ_MVHU01000105.1,1059,4815853,19,M.kumamotonensis
GCF_002086285.1,NZ_MVHU01000106.1,1032,4815853,19,M.kumamotonensis
GCF_002086285.1,NZ_MVHU01000107.1,926,4815853,19,M.kumamotonensis
GCF_002086285.1,NZ_MVHU01000108.1,905,4815853,19,M.kumamotonensis
GCF_002086285.1,NZ_MVHU01000109.1,876,4815853,19,M.kumamotonensis
GCF_002086285.1,NZ_MVHU01000110.1,870,4815853,19,M.kumamotonensis
GCF_002086285.1,NZ_MVHU01000111.1,841,4815853,19,M.kumamotonensis
GCF_002086285.1,NZ_MVHU01000112.1,697,4815853,19,M.kumamotonensis
GCF_002086285.1,NZ_MVHU01000113.1,656,4815853,19,M.kumamotonensis
GCF_002086285.1,NZ_MVHU01000114.1,656,4815853,19,M.kumamotonensis
GCF_002086285.1,NZ_MVHU01000115.1,624,4815853,19,M.kumamotonensis
GCF_002086285.1,NZ_MVHU01000116.1,600,4815853,19,M.kumamotonensis
GCF_002086285.1,NZ_MVHU01000117.1,590,4815853,19,M.kumamotonensis
GCF_002086285.1,NZ_MVHU01000118.1,505,4815853,19,M.kumamotonensis
GCF_002086285.1,NZ_MVHU01000119.1,419,4815853,19,M.kumamotonensis
GCF_002086285.1,NZ_MVHU01000120.1,350,4815853,19,M.kumamotonensis
GCF_002086285.1,NZ_MVHU01000121.1,318,4815853,19,M.kumamotonensis
GCF_002086285.1,NZ_MVHU01000122.1,313,4815853,19,M.kumamotonensis
GCF_002086285.1,NZ_MVHU01000123.1,313,4815853,19,M.kumamotonensis
GCF_002086285.1,NZ_MVHU01000124.1,244,4815853,19,M.kumamotonensis
GCF_002086285.1,NZ_MVHU01000125.1,238,4815853,19,M.kumamotonensis
GCF_002086285.1,NZ_MVHU01000126.1,217,4815853,19,M.kumamotonensis
GCF_002086285.1,NZ_MVHU01000127.1,216,4815853,19,M.kumamotonensis
GCF_002086285.1,NZ_MVHU01000128.1,213,4815853,19,M.kumamotonensis
GCF_003254575.1,NZ_QJUA01000001.1,409598,5759757,109,M.kyogaense
GCF_003254575.1,NZ_QJUA01000002.1,265340,5759757,109,M.kyogaense
GCF_003254575.1,NZ_QJUA01000003.1,220704,5759757,109,M.kyogaense
GCF_003254575.1,NZ_QJUA01000004.1,219043,5759757,109,M.kyogaense
GCF_003254575.1,NZ_QJUA01000005.1,213595,5759757,109,M.kyogaense
GCF_003254575.1,NZ_QJUA01000006.1,203013,5759757,109,M.kyogaense
GCF_003254575.1,NZ_QJUA01000007.1,173258,5759757,109,M.kyogaense
GCF_003254575.1,NZ_QJUA01000008.1,156859,5759757,109,M.kyogaense
GCF_003254575.1,NZ_QJUA01000009.1,154320,5759757,109,M.kyogaense
GCF_003254575.1,NZ_QJUA01000010.1,149069,5759757,109,M.kyogaense
GCF_003254575.1,NZ_QJUA01000011.1,129428,5759757,109,M.kyogaense
GCF_003254575.1,NZ_QJUA01000012.1,127369,5759757,109,M.kyogaense
GCF_003254575.1,NZ_QJUA01000013.1,115733,5759757,109,M.kyogaense
GCF_003254575.1,NZ_QJUA01000014.1,112878,5759757,109,M.kyogaense
GCF_003254575.1,NZ_QJUA01000015.1,109880,5759757,109,M.kyogaense
GCF_003254575.1,NZ_QJUA01000016.1,109453,5759757,109,M.kyogaense
GCF_003254575.1,NZ_QJUA01000017.1,102117,5759757,109,M.kyogaense
GCF_003254575.1,NZ_QJUA01000018.1,99428,5759757,109,M.kyogaense
GCF_003254575.1,NZ_QJUA01000019.1,99332,5759757,109,M.kyogaense
GCF_003254575.1,NZ_QJUA01000020.1,92950,5759757,109,M.kyogaense
GCF_003254575.1,NZ_QJUA01000021.1,91515,5759757,109,M.kyogaense
GCF_003254575.1,NZ_QJUA01000022.1,91095,5759757,109,M.kyogaense
GCF_003254575.1,NZ_QJUA01000023.1,88904,5759757,109,M.kyogaense
GCF_003254575.1,NZ_QJUA01000024.1,88141,5759757,109,M.kyogaense
GCF_003254575.1,NZ_QJUA01000025.1,85790,5759757,109,M.kyogaense
GCF_003254575.1,NZ_QJUA01000026.1,82071,5759757,109,M.kyogaense
GCF_003254575.1,NZ_QJUA01000027.1,73528,5759757,109,M.kyogaense
GCF_003254575.1,NZ_QJUA01000028.1,72958,5759757,109,M.kyogaense
GCF_003254575.1,NZ_QJUA01000029.1,71488,5759757,109,M.kyogaense
GCF_003254575.1,NZ_QJUA01000030.1,67083,5759757,109,M.kyogaense
GCF_003254575.1,NZ_QJUA01000031.1,66749,5759757,109,M.kyogaense
GCF_003254575.1,NZ_QJUA01000032.1,65916,5759757,109,M.kyogaense
GCF_003254575.1,NZ_QJUA01000033.1,62974,5759757,109,M.kyogaense
GCF_003254575.1,NZ_QJUA01000034.1,61727,5759757,109,M.kyogaense
GCF_003254575.1,NZ_QJUA01000035.1,61486,5759757,109,M.kyogaense
GCF_003254575.1,NZ_QJUA01000036.1,61446,5759757,109,M.kyogaense
GCF_003254575.1,NZ_QJUA01000037.1,56035,5759757,109,M.kyogaense
GCF_003254575.1,NZ_QJUA01000038.1,55863,5759757,109,M.kyogaense
GCF_003254575.1,NZ_QJUA01000039.1,54575,5759757,109,M.kyogaense
GCF_003254575.1,NZ_QJUA01000040.1,51838,5759757,109,M.kyogaense
GCF_003254575.1,NZ_QJUA01000041.1,50241,5759757,109,M.kyogaense
GCF_003254575.1,NZ_QJUA01000042.1,48591,5759757,109,M.kyogaense
GCF_003254575.1,NZ_QJUA01000043.1,48039,5759757,109,M.kyogaense
GCF_003254575.1,NZ_QJUA01000044.1,44575,5759757,109,M.kyogaense
GCF_003254575.1,NZ_QJUA01000045.1,41878,5759757,109,M.kyogaense
GCF_003254575.1,NZ_QJUA01000046.1,40018,5759757,109,M.kyogaense
GCF_003254575.1,NZ_QJUA01000047.1,35339,5759757,109,M.kyogaense
GCF_003254575.1,NZ_QJUA01000048.1,33847,5759757,109,M.kyogaense
GCF_003254575.1,NZ_QJUA01000049.1,33457,5759757,109,M.kyogaense
GCF_003254575.1,NZ_QJUA01000050.1,33009,5759757,109,M.kyogaense
GCF_003254575.1,NZ_QJUA01000051.1,31116,5759757,109,M.kyogaense
GCF_003254575.1,NZ_QJUA01000052.1,31050,5759757,109,M.kyogaense
GCF_003254575.1,NZ_QJUA01000053.1,30294,5759757,109,M.kyogaense
GCF_003254575.1,NZ_QJUA01000054.1,26842,5759757,109,M.kyogaense
GCF_003254575.1,NZ_QJUA01000055.1,26693,5759757,109,M.kyogaense
GCF_003254575.1,NZ_QJUA01000056.1,25565,5759757,109,M.kyogaense
GCF_003254575.1,NZ_QJUA01000057.1,24878,5759757,109,M.kyogaense
GCF_003254575.1,NZ_QJUA01000058.1,23443,5759757,109,M.kyogaense
GCF_003254575.1,NZ_QJUA01000059.1,22256,5759757,109,M.kyogaense
GCF_003254575.1,NZ_QJUA01000060.1,22096,5759757,109,M.kyogaense
GCF_003254575.1,NZ_QJUA01000061.1,21054,5759757,109,M.kyogaense
GCF_003254575.1,NZ_QJUA01000062.1,20961,5759757,109,M.kyogaense
GCF_003254575.1,NZ_QJUA01000063.1,20693,5759757,109,M.kyogaense
GCF_003254575.1,NZ_QJUA01000064.1,20180,5759757,109,M.kyogaense
GCF_003254575.1,NZ_QJUA01000065.1,19117,5759757,109,M.kyogaense
GCF_003254575.1,NZ_QJUA01000066.1,19019,5759757,109,M.kyogaense
GCF_003254575.1,NZ_QJUA01000067.1,18917,5759757,109,M.kyogaense
GCF_003254575.1,NZ_QJUA01000068.1,18511,5759757,109,M.kyogaense
GCF_003254575.1,NZ_QJUA01000069.1,16287,5759757,109,M.kyogaense
GCF_003254575.1,NZ_QJUA01000070.1,15897,5759757,109,M.kyogaense
GCF_003254575.1,NZ_QJUA01000071.1,15311,5759757,109,M.kyogaense
GCF_003254575.1,NZ_QJUA01000072.1,14995,5759757,109,M.kyogaense
GCF_003254575.1,NZ_QJUA01000073.1,14769,5759757,109,M.kyogaense
GCF_003254575.1,NZ_QJUA01000074.1,13151,5759757,109,M.kyogaense
GCF_003254575.1,NZ_QJUA01000075.1,13148,5759757,109,M.kyogaense
GCF_003254575.1,NZ_QJUA01000076.1,13111,5759757,109,M.kyogaense
GCF_003254575.1,NZ_QJUA01000077.1,11578,5759757,109,M.kyogaense
GCF_003254575.1,NZ_QJUA01000078.1,10571,5759757,109,M.kyogaense
GCF_003254575.1,NZ_QJUA01000079.1,10260,5759757,109,M.kyogaense
GCF_003254575.1,NZ_QJUA01000080.1,9803,5759757,109,M.kyogaense
GCF_003254575.1,NZ_QJUA01000081.1,9495,5759757,109,M.kyogaense
GCF_003254575.1,NZ_QJUA01000082.1,7244,5759757,109,M.kyogaense
GCF_003254575.1,NZ_QJUA01000083.1,6826,5759757,109,M.kyogaense
GCF_003254575.1,NZ_QJUA01000084.1,6102,5759757,109,M.kyogaense
GCF_003254575.1,NZ_QJUA01000085.1,5424,5759757,109,M.kyogaense
GCF_003254575.1,NZ_QJUA01000086.1,5288,5759757,109,M.kyogaense
GCF_003254575.1,NZ_QJUA01000087.1,4672,5759757,109,M.kyogaense
GCF_003254575.1,NZ_QJUA01000088.1,4349,5759757,109,M.kyogaense
GCF_003254575.1,NZ_QJUA01000089.1,3752,5759757,109,M.kyogaense
GCF_003254575.1,NZ_QJUA01000090.1,3551,5759757,109,M.kyogaense
GCF_003254575.1,NZ_QJUA01000091.1,3144,5759757,109,M.kyogaense
GCF_003254575.1,NZ_QJUA01000092.1,2810,5759757,109,M.kyogaense
GCF_003254575.1,NZ_QJUA01000093.1,2035,5759757,109,M.kyogaense
GCF_003254575.1,NZ_QJUA01000094.1,1947,5759757,109,M.kyogaense
GCF_003254575.1,NZ_QJUA01000095.1,1862,5759757,109,M.kyogaense
GCF_003254575.1,NZ_QJUA01000096.1,1700,5759757,109,M.kyogaense
GCF_003254575.1,NZ_QJUA01000097.1,1568,5759757,109,M.kyogaense
GCF_003254575.1,NZ_QJUA01000098.1,1493,5759757,109,M.kyogaense
GCF_003254575.1,NZ_QJUA01000099.1,1438,5759757,109,M.kyogaense
GCF_003254575.1,NZ_QJUA01000100.1,1402,5759757,109,M.kyogaense
GCF_003254575.1,NZ_QJUA01000101.1,1398,5759757,109,M.kyogaense
GCF_003254575.1,NZ_QJUA01000102.1,1330,5759757,109,M.kyogaense
GCF_003254575.1,NZ_QJUA01000103.1,1322,5759757,109,M.kyogaense
GCF_003254575.1,NZ_QJUA01000104.1,1148,5759757,109,M.kyogaense
GCF_003254575.1,NZ_QJUA01000105.1,1103,5759757,109,M.kyogaense
GCF_003254575.1,NZ_QJUA01000106.1,876,5759757,109,M.kyogaense
GCF_003254575.1,NZ_QJUA01000107.1,761,5759757,109,M.kyogaense
GCF_003254575.1,NZ_QJUA01000108.1,743,5759757,109,M.kyogaense
GCF_003254575.1,NZ_QJUA01000109.1,689,5759757,109,M.kyogaense
GCF_003254575.1,NZ_QJUA01000110.1,543,5759757,109,M.kyogaense
GCF_003254575.1,NZ_QJUA01000111.1,508,5759757,109,M.kyogaense
GCF_003254575.1,NZ_QJUA01000112.1,485,5759757,109,M.kyogaense
GCF_003254575.1,NZ_QJUA01000113.1,484,5759757,109,M.kyogaense
GCF_003254575.1,NZ_QJUA01000114.1,483,5759757,109,M.kyogaense
GCF_003254575.1,NZ_QJUA01000115.1,474,5759757,109,M.kyogaense
GCF_003254575.1,NZ_QJUA01000116.1,465,5759757,109,M.kyogaense
GCF_003254575.1,NZ_QJUA01000117.1,460,5759757,109,M.kyogaense
GCF_003254575.1,NZ_QJUA01000118.1,457,5759757,109,M.kyogaense
GCF_003254575.1,NZ_QJUA01000119.1,454,5759757,109,M.kyogaense
GCF_003254575.1,NZ_QJUA01000120.1,447,5759757,109,M.kyogaense
GCF_003254575.1,NZ_QJUA01000121.1,446,5759757,109,M.kyogaense
GCF_003254575.1,NZ_QJUA01000122.1,437,5759757,109,M.kyogaense
GCF_003254575.1,NZ_QJUA01000123.1,435,5759757,109,M.kyogaense
GCF_003254575.1,NZ_QJUA01000124.1,431,5759757,109,M.kyogaense
GCF_003254575.1,NZ_QJUA01000125.1,392,5759757,109,M.kyogaense
GCF_003254575.1,NZ_QJUA01000126.1,273,5759757,109,M.kyogaense
GCF_003254575.1,NZ_QJUA01000127.1,263,5759757,109,M.kyogaense
GCF_003254575.1,NZ_QJUA01000128.1,260,5759757,109,M.kyogaense
GCF_003254575.1,NZ_QJUA01000129.1,254,5759757,109,M.kyogaense
GCF_003254575.1,NZ_QJUA01000130.1,253,5759757,109,M.kyogaense
GCF_003254575.1,NZ_QJUA01000131.1,241,5759757,109,M.kyogaense
GCF_003254575.1,NZ_QJUA01000132.1,231,5759757,109,M.kyogaense
GCF_002101735.1,NZ_LQPE01000001.1,31970,5606671,15,M.kyorinense
GCF_002101735.1,NZ_LQPE01000002.1,12809,5606671,15,M.kyorinense
GCF_002101735.1,NZ_LQPE01000003.1,83106,5606671,15,M.kyorinense
GCF_002101735.1,NZ_LQPE01000004.1,33409,5606671,15,M.kyorinense
GCF_002101735.1,NZ_LQPE01000005.1,67335,5606671,15,M.kyorinense
GCF_002101735.1,NZ_LQPE01000006.1,1428,5606671,15,M.kyorinense
GCF_002101735.1,NZ_LQPE01000007.1,64944,5606671,15,M.kyorinense
GCF_002101735.1,NZ_LQPE01000008.1,63062,5606671,15,M.kyorinense
GCF_002101735.1,NZ_LQPE01000009.1,2663,5606671,15,M.kyorinense
GCF_002101735.1,NZ_LQPE01000010.1,93898,5606671,15,M.kyorinense
GCF_002101735.1,NZ_LQPE01000011.1,1471,5606671,15,M.kyorinense
GCF_002101735.1,NZ_LQPE01000012.1,39257,5606671,15,M.kyorinense
GCF_002101735.1,NZ_LQPE01000013.1,12757,5606671,15,M.kyorinense
GCF_002101735.1,NZ_LQPE01000014.1,47405,5606671,15,M.kyorinense
GCF_002101735.1,NZ_LQPE01000015.1,31864,5606671,15,M.kyorinense
GCF_002101735.1,NZ_LQPE01000016.1,58610,5606671,15,M.kyorinense
GCF_002101735.1,NZ_LQPE01000017.1,29275,5606671,15,M.kyorinense
GCF_002101735.1,NZ_LQPE01000018.1,90906,5606671,15,M.kyorinense
GCF_002101735.1,NZ_LQPE01000019.1,56533,5606671,15,M.kyorinense
GCF_002101735.1,NZ_LQPE01000020.1,56100,5606671,15,M.kyorinense
GCF_002101735.1,NZ_LQPE01000021.1,63651,5606671,15,M.kyorinense
GCF_002101735.1,NZ_LQPE01000022.1,50075,5606671,15,M.kyorinense
GCF_002101735.1,NZ_LQPE01000023.1,2379,5606671,15,M.kyorinense
GCF_002101735.1,NZ_LQPE01000024.1,2620,5606671,15,M.kyorinense
GCF_002101735.1,NZ_LQPE01000025.1,8112,5606671,15,M.kyorinense
GCF_002101735.1,NZ_LQPE01000026.1,5606,5606671,15,M.kyorinense
GCF_002101735.1,NZ_LQPE01000027.1,82806,5606671,15,M.kyorinense
GCF_002101735.1,NZ_LQPE01000028.1,41930,5606671,15,M.kyorinense
GCF_002101735.1,NZ_LQPE01000029.1,6221,5606671,15,M.kyorinense
GCF_002101735.1,NZ_LQPE01000030.1,1576,5606671,15,M.kyorinense
GCF_002101735.1,NZ_LQPE01000031.1,112475,5606671,15,M.kyorinense
GCF_002101735.1,NZ_LQPE01000032.1,6149,5606671,15,M.kyorinense
GCF_002101735.1,NZ_LQPE01000033.1,6115,5606671,15,M.kyorinense
GCF_002101735.1,NZ_LQPE01000034.1,70700,5606671,15,M.kyorinense
GCF_002101735.1,NZ_LQPE01000035.1,27962,5606671,15,M.kyorinense
GCF_002101735.1,NZ_LQPE01000036.1,6090,5606671,15,M.kyorinense
GCF_002101735.1,NZ_LQPE01000037.1,6060,5606671,15,M.kyorinense
GCF_002101735.1,NZ_LQPE01000038.1,150228,5606671,15,M.kyorinense
GCF_002101735.1,NZ_LQPE01000039.1,5772,5606671,15,M.kyorinense
GCF_002101735.1,NZ_LQPE01000040.1,4723,5606671,15,M.kyorinense
GCF_002101735.1,NZ_LQPE01000041.1,4702,5606671,15,M.kyorinense
GCF_002101735.1,NZ_LQPE01000042.1,4621,5606671,15,M.kyorinense
GCF_002101735.1,NZ_LQPE01000043.1,1524,5606671,15,M.kyorinense
GCF_002101735.1,NZ_LQPE01000044.1,4501,5606671,15,M.kyorinense
GCF_002101735.1,NZ_LQPE01000045.1,4421,5606671,15,M.kyorinense
GCF_002101735.1,NZ_LQPE01000046.1,14944,5606671,15,M.kyorinense
GCF_002101735.1,NZ_LQPE01000047.1,68816,5606671,15,M.kyorinense
GCF_002101735.1,NZ_LQPE01000048.1,1078,5606671,15,M.kyorinense
GCF_002101735.1,NZ_LQPE01000049.1,1013,5606671,15,M.kyorinense
GCF_002101735.1,NZ_LQPE01000050.1,47427,5606671,15,M.kyorinense
GCF_002101735.1,NZ_LQPE01000051.1,4165,5606671,15,M.kyorinense
GCF_002101735.1,NZ_LQPE01000052.1,4622,5606671,15,M.kyorinense
GCF_002101735.1,NZ_LQPE01000053.1,4105,5606671,15,M.kyorinense
GCF_002101735.1,NZ_LQPE01000054.1,2367,5606671,15,M.kyorinense
GCF_002101735.1,NZ_LQPE01000055.1,4071,5606671,15,M.kyorinense
GCF_002101735.1,NZ_LQPE01000056.1,2911,5606671,15,M.kyorinense
GCF_002101735.1,NZ_LQPE01000057.1,71978,5606671,15,M.kyorinense
GCF_002101735.1,NZ_LQPE01000058.1,47261,5606671,15,M.kyorinense
GCF_002101735.1,NZ_LQPE01000059.1,3999,5606671,15,M.kyorinense
GCF_002101735.1,NZ_LQPE01000060.1,1910,5606671,15,M.kyorinense
GCF_002101735.1,NZ_LQPE01000061.1,3150,5606671,15,M.kyorinense
GCF_002101735.1,NZ_LQPE01000062.1,11841,5606671,15,M.kyorinense
GCF_002101735.1,NZ_LQPE01000063.1,14171,5606671,15,M.kyorinense
GCF_002101735.1,NZ_LQPE01000064.1,1635,5606671,15,M.kyorinense
GCF_002101735.1,NZ_LQPE01000065.1,2336,5606671,15,M.kyorinense
GCF_002101735.1,NZ_LQPE01000066.1,2278,5606671,15,M.kyorinense
GCF_002101735.1,NZ_LQPE01000067.1,2074,5606671,15,M.kyorinense
GCF_002101735.1,NZ_LQPE01000068.1,1571,5606671,15,M.kyorinense
GCF_002101735.1,NZ_LQPE01000069.1,2059,5606671,15,M.kyorinense
GCF_002101735.1,NZ_LQPE01000070.1,1859,5606671,15,M.kyorinense
GCF_002101735.1,NZ_LQPE01000071.1,1424,5606671,15,M.kyorinense
GCF_002101735.1,NZ_LQPE01000072.1,60792,5606671,15,M.kyorinense
GCF_002101735.1,NZ_LQPE01000073.1,1761,5606671,15,M.kyorinense
GCF_002101735.1,NZ_LQPE01000074.1,1510,5606671,15,M.kyorinense
GCF_002101735.1,NZ_LQPE01000075.1,1494,5606671,15,M.kyorinense
GCF_002101735.1,NZ_LQPE01000076.1,102822,5606671,15,M.kyorinense
GCF_002101735.1,NZ_LQPE01000077.1,1428,5606671,15,M.kyorinense
GCF_002101735.1,NZ_LQPE01000078.1,1392,5606671,15,M.kyorinense
GCF_002101735.1,NZ_LQPE01000079.1,15797,5606671,15,M.kyorinense
GCF_002101735.1,NZ_LQPE01000080.1,1353,5606671,15,M.kyorinense
GCF_002101735.1,NZ_LQPE01000081.1,4489,5606671,15,M.kyorinense
GCF_002101735.1,NZ_LQPE01000082.1,1186,5606671,15,M.kyorinense
GCF_002101735.1,NZ_LQPE01000083.1,1167,5606671,15,M.kyorinense
GCF_002101735.1,NZ_LQPE01000084.1,7262,5606671,15,M.kyorinense
GCF_002101735.1,NZ_LQPE01000085.1,103999,5606671,15,M.kyorinense
GCF_002101735.1,NZ_LQPE01000086.1,1132,5606671,15,M.kyorinense
GCF_002101735.1,NZ_LQPE01000087.1,1353,5606671,15,M.kyorinense
GCF_002101735.1,NZ_LQPE01000088.1,34247,5606671,15,M.kyorinense
GCF_002101735.1,NZ_LQPE01000089.1,2500,5606671,15,M.kyorinense
GCF_002101735.1,NZ_LQPE01000090.1,16544,5606671,15,M.kyorinense
GCF_002101735.1,NZ_LQPE01000091.1,1619,5606671,15,M.kyorinense
GCF_002101735.1,NZ_LQPE01000092.1,2018,5606671,15,M.kyorinense
GCF_002101735.1,NZ_LQPE01000093.1,7705,5606671,15,M.kyorinense
GCF_002101735.1,NZ_LQPE01000094.1,14923,5606671,15,M.kyorinense
GCF_002101735.1,NZ_LQPE01000095.1,16621,5606671,15,M.kyorinense
GCF_002101735.1,NZ_LQPE01000096.1,11632,5606671,15,M.kyorinense
GCF_002101735.1,NZ_LQPE01000097.1,17281,5606671,15,M.kyorinense
GCF_002101735.1,NZ_LQPE01000098.1,19410,5606671,15,M.kyorinense
GCF_002101735.1,NZ_LQPE01000099.1,23061,5606671,15,M.kyorinense
GCF_002101735.1,NZ_LQPE01000100.1,27670,5606671,15,M.kyorinense
GCF_002101735.1,NZ_LQPE01000101.1,26670,5606671,15,M.kyorinense
GCF_002101735.1,NZ_LQPE01000102.1,3882,5606671,15,M.kyorinense
GCF_002101735.1,NZ_LQPE01000103.1,76965,5606671,15,M.kyorinense
GCF_002101735.1,NZ_LQPE01000104.1,8077,5606671,15,M.kyorinense
GCF_002101735.1,NZ_LQPE01000105.1,10672,5606671,15,M.kyorinense
GCF_002101735.1,NZ_LQPE01000106.1,159955,5606671,15,M.kyorinense
GCF_002101735.1,NZ_LQPE01000107.1,31806,5606671,15,M.kyorinense
GCF_002101735.1,NZ_LQPE01000108.1,1376,5606671,15,M.kyorinense
GCF_002101735.1,NZ_LQPE01000109.1,1220,5606671,15,M.kyorinense
GCF_002101735.1,NZ_LQPE01000110.1,22989,5606671,15,M.kyorinense
GCF_002101735.1,NZ_LQPE01000111.1,1360,5606671,15,M.kyorinense
GCF_002101735.1,NZ_LQPE01000112.1,33418,5606671,15,M.kyorinense
GCF_002101735.1,NZ_LQPE01000113.1,30482,5606671,15,M.kyorinense
GCF_002101735.1,NZ_LQPE01000114.1,33547,5606671,15,M.kyorinense
GCF_002101735.1,NZ_LQPE01000115.1,32036,5606671,15,M.kyorinense
GCF_002101735.1,NZ_LQPE01000116.1,8093,5606671,15,M.kyorinense
GCF_002101735.1,NZ_LQPE01000117.1,28894,5606671,15,M.kyorinense
GCF_002101735.1,NZ_LQPE01000118.1,34098,5606671,15,M.kyorinense
GCF_002101735.1,NZ_LQPE01000119.1,6440,5606671,15,M.kyorinense
GCF_002101735.1,NZ_LQPE01000120.1,24782,5606671,15,M.kyorinense
GCF_002101735.1,NZ_LQPE01000121.1,1821,5606671,15,M.kyorinense
GCF_002101735.1,NZ_LQPE01000122.1,33836,5606671,15,M.kyorinense
GCF_002101735.1,NZ_LQPE01000123.1,1177,5606671,15,M.kyorinense
GCF_002101735.1,NZ_LQPE01000124.1,3344,5606671,15,M.kyorinense
GCF_002101735.1,NZ_LQPE01000125.1,2336,5606671,15,M.kyorinense
GCF_002101735.1,NZ_LQPE01000126.1,8238,5606671,15,M.kyorinense
GCF_002101735.1,NZ_LQPE01000127.1,86651,5606671,15,M.kyorinense
GCF_002101735.1,NZ_LQPE01000128.1,1593,5606671,15,M.kyorinense
GCF_002101735.1,NZ_LQPE01000129.1,16967,5606671,15,M.kyorinense
GCF_002101735.1,NZ_LQPE01000130.1,30984,5606671,15,M.kyorinense
GCF_002101735.1,NZ_LQPE01000131.1,5314,5606671,15,M.kyorinense
GCF_002101735.1,NZ_LQPE01000132.1,96657,5606671,15,M.kyorinense
GCF_002101735.1,NZ_LQPE01000133.1,99236,5606671,15,M.kyorinense
GCF_002101735.1,NZ_LQPE01000134.1,10955,5606671,15,M.kyorinense
GCF_002101735.1,NZ_LQPE01000135.1,32209,5606671,15,M.kyorinense
GCF_002101735.1,NZ_LQPE01000136.1,48184,5606671,15,M.kyorinense
GCF_002101735.1,NZ_LQPE01000137.1,10405,5606671,15,M.kyorinense
GCF_002101735.1,NZ_LQPE01000138.1,68301,5606671,15,M.kyorinense
GCF_002101735.1,NZ_LQPE01000139.1,7310,5606671,15,M.kyorinense
GCF_002101735.1,NZ_LQPE01000140.1,64231,5606671,15,M.kyorinense
GCF_002101735.1,NZ_LQPE01000141.1,65858,5606671,15,M.kyorinense
GCF_002101735.1,NZ_LQPE01000142.1,84146,5606671,15,M.kyorinense
GCF_002101735.1,NZ_LQPE01000143.1,249288,5606671,15,M.kyorinense
GCF_002101735.1,NZ_LQPE01000144.1,1417,5606671,15,M.kyorinense
GCF_002101735.1,NZ_LQPE01000145.1,10279,5606671,15,M.kyorinense
GCF_002101735.1,NZ_LQPE01000146.1,14210,5606671,15,M.kyorinense
GCF_002101735.1,NZ_LQPE01000147.1,107769,5606671,15,M.kyorinense
GCF_002101735.1,NZ_LQPE01000148.1,10332,5606671,15,M.kyorinense
GCF_002101735.1,NZ_LQPE01000149.1,1686,5606671,15,M.kyorinense
GCF_002101735.1,NZ_LQPE01000150.1,56235,5606671,15,M.kyorinense
GCF_002101735.1,NZ_LQPE01000151.1,1112,5606671,15,M.kyorinense
GCF_002101735.1,NZ_LQPE01000152.1,46563,5606671,15,M.kyorinense
GCF_002101735.1,NZ_LQPE01000153.1,105310,5606671,15,M.kyorinense
GCF_002101735.1,NZ_LQPE01000154.1,31563,5606671,15,M.kyorinense
GCF_002101735.1,NZ_LQPE01000155.1,1149,5606671,15,M.kyorinense
GCF_002101735.1,NZ_LQPE01000156.1,16009,5606671,15,M.kyorinense
GCF_002101735.1,NZ_LQPE01000157.1,3665,5606671,15,M.kyorinense
GCF_002101735.1,NZ_LQPE01000158.1,89702,5606671,15,M.kyorinense
GCF_002101735.1,NZ_LQPE01000159.1,98240,5606671,15,M.kyorinense
GCF_002101735.1,NZ_LQPE01000160.1,41315,5606671,15,M.kyorinense
GCF_002101735.1,NZ_LQPE01000161.1,59872,5606671,15,M.kyorinense
GCF_002101735.1,NZ_LQPE01000162.1,33838,5606671,15,M.kyorinense
GCF_002101735.1,NZ_LQPE01000163.1,177395,5606671,15,M.kyorinense
GCF_002101735.1,NZ_LQPE01000164.1,88538,5606671,15,M.kyorinense
GCF_002101735.1,NZ_LQPE01000165.1,8890,5606671,15,M.kyorinense
GCF_002101735.1,NZ_LQPE01000166.1,111763,5606671,15,M.kyorinense
GCF_002101735.1,NZ_LQPE01000167.1,10171,5606671,15,M.kyorinense
GCF_002101735.1,NZ_LQPE01000168.1,39270,5606671,15,M.kyorinense
GCF_002101735.1,NZ_LQPE01000169.1,1739,5606671,15,M.kyorinense
GCF_002101735.1,NZ_LQPE01000170.1,12316,5606671,15,M.kyorinense
GCF_002101735.1,NZ_LQPE01000171.1,42938,5606671,15,M.kyorinense
GCF_002101735.1,NZ_LQPE01000172.1,199492,5606671,15,M.kyorinense
GCF_002101735.1,NZ_LQPE01000173.1,9182,5606671,15,M.kyorinense
GCF_002101735.1,NZ_LQPE01000174.1,15170,5606671,15,M.kyorinense
GCF_002101735.1,NZ_LQPE01000175.1,1478,5606671,15,M.kyorinense
GCF_002101735.1,NZ_LQPE01000176.1,80651,5606671,15,M.kyorinense
GCF_002101735.1,NZ_LQPE01000177.1,15771,5606671,15,M.kyorinense
GCF_002101735.1,NZ_LQPE01000178.1,48276,5606671,15,M.kyorinense
GCF_002101735.1,NZ_LQPE01000179.1,4025,5606671,15,M.kyorinense
GCF_002101735.1,NZ_LQPE01000180.1,14483,5606671,15,M.kyorinense
GCF_010731535.1,NZ_AP022581.1,5092988,5092988,146,M.lacus
GCF_021916785.1,NZ_JAKCFC010000001.1,1034951,6138096,225,M.lacusdiani
GCF_021916785.1,NZ_JAKCFC010000002.1,957047,6138096,225,M.lacusdiani
GCF_021916785.1,NZ_JAKCFC010000003.1,818195,6138096,225,M.lacusdiani
GCF_021916785.1,NZ_JAKCFC010000004.1,596067,6138096,225,M.lacusdiani
GCF_021916785.1,NZ_JAKCFC010000005.1,398544,6138096,225,M.lacusdiani
GCF_021916785.1,NZ_JAKCFC010000006.1,327214,6138096,225,M.lacusdiani
GCF_021916785.1,NZ_JAKCFC010000007.1,314913,6138096,225,M.lacusdiani
GCF_021916785.1,NZ_JAKCFC010000008.1,264024,6138096,225,M.lacusdiani
GCF_021916785.1,NZ_JAKCFC010000009.1,240912,6138096,225,M.lacusdiani
GCF_021916785.1,NZ_JAKCFC010000010.1,236454,6138096,225,M.lacusdiani
GCF_021916785.1,NZ_JAKCFC010000011.1,232672,6138096,225,M.lacusdiani
GCF_021916785.1,NZ_JAKCFC010000012.1,213198,6138096,225,M.lacusdiani
GCF_021916785.1,NZ_JAKCFC010000013.1,173096,6138096,225,M.lacusdiani
GCF_021916785.1,NZ_JAKCFC010000014.1,153064,6138096,225,M.lacusdiani
GCF_021916785.1,NZ_JAKCFC010000015.1,84850,6138096,225,M.lacusdiani
GCF_021916785.1,NZ_JAKCFC010000016.1,27071,6138096,225,M.lacusdiani
GCF_021916785.1,NZ_JAKCFC010000017.1,25567,6138096,225,M.lacusdiani
GCF_021916785.1,NZ_JAKCFC010000018.1,24693,6138096,225,M.lacusdiani
GCF_021916785.1,NZ_JAKCFC010000019.1,5560,6138096,225,M.lacusdiani
GCF_021916785.1,NZ_JAKCFC010000020.1,5240,6138096,225,M.lacusdiani
GCF_021916785.1,NZ_JAKCFC010000021.1,1293,6138096,225,M.lacusdiani
GCF_021916785.1,NZ_JAKCFC010000022.1,1267,6138096,225,M.lacusdiani
GCF_021916785.1,NZ_JAKCFC010000023.1,1112,6138096,225,M.lacusdiani
GCF_021916785.1,NZ_JAKCFC010000024.1,1092,6138096,225,M.lacusdiani
GCF_001499925.1,NZ_LQIR01000001.1,578740,5130549,150,M.lehmannii
GCF_001499925.1,NZ_LQIR01000002.1,129779,5130549,150,M.lehmannii
GCF_001499925.1,NZ_LQIR01000003.1,123603,5130549,150,M.lehmannii
GCF_001499925.1,NZ_LQIR01000004.1,116963,5130549,150,M.lehmannii
GCF_001499925.1,NZ_LQIR01000005.1,110543,5130549,150,M.lehmannii
GCF_001499925.1,NZ_LQIR01000006.1,108432,5130549,150,M.lehmannii
GCF_001499925.1,NZ_LQIR01000007.1,101968,5130549,150,M.lehmannii
GCF_001499925.1,NZ_LQIR01000008.1,94710,5130549,150,M.lehmannii
GCF_001499925.1,NZ_LQIR01000009.1,84917,5130549,150,M.lehmannii
GCF_001499925.1,NZ_LQIR01000010.1,79290,5130549,150,M.lehmannii
GCF_001499925.1,NZ_LQIR01000011.1,78583,5130549,150,M.lehmannii
GCF_001499925.1,NZ_LQIR01000012.1,416196,5130549,150,M.lehmannii
GCF_001499925.1,NZ_LQIR01000013.1,77473,5130549,150,M.lehmannii
GCF_001499925.1,NZ_LQIR01000014.1,75507,5130549,150,M.lehmannii
GCF_001499925.1,NZ_LQIR01000015.1,72376,5130549,150,M.lehmannii
GCF_001499925.1,NZ_LQIR01000016.1,68954,5130549,150,M.lehmannii
GCF_001499925.1,NZ_LQIR01000017.1,68830,5130549,150,M.lehmannii
GCF_001499925.1,NZ_LQIR01000018.1,65689,5130549,150,M.lehmannii
GCF_001499925.1,NZ_LQIR01000019.1,65060,5130549,150,M.lehmannii
GCF_001499925.1,NZ_LQIR01000020.1,58894,5130549,150,M.lehmannii
GCF_001499925.1,NZ_LQIR01000021.1,57823,5130549,150,M.lehmannii
GCF_001499925.1,NZ_LQIR01000022.1,45233,5130549,150,M.lehmannii
GCF_001499925.1,NZ_LQIR01000023.1,411315,5130549,150,M.lehmannii
GCF_001499925.1,NZ_LQIR01000024.1,44677,5130549,150,M.lehmannii
GCF_001499925.1,NZ_LQIR01000025.1,44537,5130549,150,M.lehmannii
GCF_001499925.1,NZ_LQIR01000026.1,43612,5130549,150,M.lehmannii
GCF_001499925.1,NZ_LQIR01000027.1,41905,5130549,150,M.lehmannii
GCF_001499925.1,NZ_LQIR01000028.1,38088,5130549,150,M.lehmannii
GCF_001499925.1,NZ_LQIR01000029.1,35652,5130549,150,M.lehmannii
GCF_001499925.1,NZ_LQIR01000030.1,35341,5130549,150,M.lehmannii
GCF_001499925.1,NZ_LQIR01000031.1,32549,5130549,150,M.lehmannii
GCF_001499925.1,NZ_LQIR01000032.1,29431,5130549,150,M.lehmannii
GCF_001499925.1,NZ_LQIR01000033.1,28525,5130549,150,M.lehmannii
GCF_001499925.1,NZ_LQIR01000034.1,369934,5130549,150,M.lehmannii
GCF_001499925.1,NZ_LQIR01000035.1,25984,5130549,150,M.lehmannii
GCF_001499925.1,NZ_LQIR01000036.1,22760,5130549,150,M.lehmannii
GCF_001499925.1,NZ_LQIR01000037.1,21471,5130549,150,M.lehmannii
GCF_001499925.1,NZ_LQIR01000038.1,21367,5130549,150,M.lehmannii
GCF_001499925.1,NZ_LQIR01000039.1,13958,5130549,150,M.lehmannii
GCF_001499925.1,NZ_LQIR01000040.1,13045,5130549,150,M.lehmannii
GCF_001499925.1,NZ_LQIR01000041.1,13007,5130549,150,M.lehmannii
GCF_001499925.1,NZ_LQIR01000042.1,11971,5130549,150,M.lehmannii
GCF_001499925.1,NZ_LQIR01000043.1,7863,5130549,150,M.lehmannii
GCF_001499925.1,NZ_LQIR01000044.1,7614,5130549,150,M.lehmannii
GCF_001499925.1,NZ_LQIR01000045.1,249047,5130549,150,M.lehmannii
GCF_001499925.1,NZ_LQIR01000046.1,5418,5130549,150,M.lehmannii
GCF_001499925.1,NZ_LQIR01000047.1,4365,5130549,150,M.lehmannii
GCF_001499925.1,NZ_LQIR01000048.1,4254,5130549,150,M.lehmannii
GCF_001499925.1,NZ_LQIR01000049.1,3486,5130549,150,M.lehmannii
GCF_001499925.1,NZ_LQIR01000050.1,3305,5130549,150,M.lehmannii
GCF_001499925.1,NZ_LQIR01000051.1,2490,5130549,150,M.lehmannii
GCF_001499925.1,NZ_LQIR01000052.1,2409,5130549,150,M.lehmannii
GCF_001499925.1,NZ_LQIR01000053.1,1835,5130549,150,M.lehmannii
GCF_001499925.1,NZ_LQIR01000054.1,1613,5130549,150,M.lehmannii
GCF_001499925.1,NZ_LQIR01000055.1,1511,5130549,150,M.lehmannii
GCF_001499925.1,NZ_LQIR01000056.1,237769,5130549,150,M.lehmannii
GCF_001499925.1,NZ_LQIR01000057.1,1438,5130549,150,M.lehmannii
GCF_001499925.1,NZ_LQIR01000058.1,1333,5130549,150,M.lehmannii
GCF_001499925.1,NZ_LQIR01000059.1,1311,5130549,150,M.lehmannii
GCF_001499925.1,NZ_LQIR01000060.1,1284,5130549,150,M.lehmannii
GCF_001499925.1,NZ_LQIR01000061.1,1258,5130549,150,M.lehmannii
GCF_001499925.1,NZ_LQIR01000062.1,1077,5130549,150,M.lehmannii
GCF_001499925.1,NZ_LQIR01000063.1,1033,5130549,150,M.lehmannii
GCF_001499925.1,NZ_LQIR01000064.1,846,5130549,150,M.lehmannii
GCF_001499925.1,NZ_LQIR01000065.1,631,5130549,150,M.lehmannii
GCF_001499925.1,NZ_LQIR01000066.1,590,5130549,150,M.lehmannii
GCF_001499925.1,NZ_LQIR01000067.1,237671,5130549,150,M.lehmannii
GCF_001499925.1,NZ_LQIR01000068.1,198352,5130549,150,M.lehmannii
GCF_001499925.1,NZ_LQIR01000069.1,172054,5130549,150,M.lehmannii
GCF_022374895.2,NZ_CP092423.2,5901783,5901783,208,M.lentiflavum
GCF_003253775.1,NZ_CP029543.1,3187112,3187112,80,M.leprae
GCF_000975265.2,NZ_CP083405.1,3271694,3271694,188,M.lepromatosis
GCF_010731695.1,NZ_AP022586.1,5579510,5579510,11,M.litorale
GCF_025331195.1,NZ_LXOV01000001.1,2943094,6577636,60,M.llatzerense
GCF_025331195.1,NZ_LXOV01000002.1,11714,6577636,60,M.llatzerense
GCF_025331195.1,NZ_LXOV01000003.1,28954,6577636,60,M.llatzerense
GCF_025331195.1,NZ_LXOV01000004.1,1620,6577636,60,M.llatzerense
GCF_025331195.1,NZ_LXOV01000005.1,3148,6577636,60,M.llatzerense
GCF_025331195.1,NZ_LXOV01000006.1,3299,6577636,60,M.llatzerense
GCF_025331195.1,NZ_LXOV01000007.1,4970,6577636,60,M.llatzerense
GCF_025331195.1,NZ_LXOV01000008.1,2518,6577636,60,M.llatzerense
GCF_025331195.1,NZ_LXOV01000009.1,376,6577636,60,M.llatzerense
GCF_025331195.1,NZ_LXOV01000010.1,372,6577636,60,M.llatzerense
GCF_025331195.1,NZ_LXOV01000011.1,334,6577636,60,M.llatzerense
GCF_025331195.1,NZ_LXOV01000012.1,1047412,6577636,60,M.llatzerense
GCF_025331195.1,NZ_LXOV01000013.1,245028,6577636,60,M.llatzerense
GCF_025331195.1,NZ_LXOV01000014.1,431651,6577636,60,M.llatzerense
GCF_025331195.1,NZ_LXOV01000015.1,342375,6577636,60,M.llatzerense
GCF_025331195.1,NZ_LXOV01000016.1,594911,6577636,60,M.llatzerense
GCF_025331195.1,NZ_LXOV01000017.1,415250,6577636,60,M.llatzerense
GCF_025331195.1,NZ_LXOV01000018.1,396531,6577636,60,M.llatzerense
GCF_025331195.1,NZ_LXOV01000019.1,104079,6577636,60,M.llatzerense
GCF_002102265.1,NZ_LQPG01000001.1,4154,4812247,147,M.longobardus
GCF_002102265.1,NZ_LQPG01000002.1,40824,4812247,147,M.longobardus
GCF_002102265.1,NZ_LQPG01000003.1,2965,4812247,147,M.longobardus
GCF_002102265.1,NZ_LQPG01000004.1,60985,4812247,147,M.longobardus
GCF_002102265.1,NZ_LQPG01000005.1,8774,4812247,147,M.longobardus
GCF_002102265.1,NZ_LQPG01000006.1,63766,4812247,147,M.longobardus
GCF_002102265.1,NZ_LQPG01000007.1,363518,4812247,147,M.longobardus
GCF_002102265.1,NZ_LQPG01000008.1,176563,4812247,147,M.longobardus
GCF_002102265.1,NZ_LQPG01000009.1,178406,4812247,147,M.longobardus
GCF_002102265.1,NZ_LQPG01000010.1,344458,4812247,147,M.longobardus
GCF_002102265.1,NZ_LQPG01000011.1,286567,4812247,147,M.longobardus
GCF_002102265.1,NZ_LQPG01000012.1,7434,4812247,147,M.longobardus
GCF_002102265.1,NZ_LQPG01000013.1,6816,4812247,147,M.longobardus
GCF_002102265.1,NZ_LQPG01000014.1,142376,4812247,147,M.longobardus
GCF_002102265.1,NZ_LQPG01000015.1,3913,4812247,147,M.longobardus
GCF_002102265.1,NZ_LQPG01000016.1,61777,4812247,147,M.longobardus
GCF_002102265.1,NZ_LQPG01000017.1,270882,4812247,147,M.longobardus
GCF_002102265.1,NZ_LQPG01000018.1,205779,4812247,147,M.longobardus
GCF_002102265.1,NZ_LQPG01000019.1,200112,4812247,147,M.longobardus
GCF_002102265.1,NZ_LQPG01000020.1,120705,4812247,147,M.longobardus
GCF_002102265.1,NZ_LQPG01000021.1,1694,4812247,147,M.longobardus
GCF_002102265.1,NZ_LQPG01000022.1,195241,4812247,147,M.longobardus
GCF_002102265.1,NZ_LQPG01000023.1,31728,4812247,147,M.longobardus
GCF_002102265.1,NZ_LQPG01000024.1,23496,4812247,147,M.longobardus
GCF_002102265.1,NZ_LQPG01000025.1,58381,4812247,147,M.longobardus
GCF_002102265.1,NZ_LQPG01000026.1,159248,4812247,147,M.longobardus
GCF_002102265.1,NZ_LQPG01000027.1,117849,4812247,147,M.longobardus
GCF_002102265.1,NZ_LQPG01000028.1,162945,4812247,147,M.longobardus
GCF_002102265.1,NZ_LQPG01000029.1,20695,4812247,147,M.longobardus
GCF_002102265.1,NZ_LQPG01000030.1,155773,4812247,147,M.longobardus
GCF_002102265.1,NZ_LQPG01000031.1,17130,4812247,147,M.longobardus
GCF_002102265.1,NZ_LQPG01000032.1,6860,4812247,147,M.longobardus
GCF_002102265.1,NZ_LQPG01000033.1,154015,4812247,147,M.longobardus
GCF_002102265.1,NZ_LQPG01000034.1,21030,4812247,147,M.longobardus
GCF_002102265.1,NZ_LQPG01000035.1,109224,4812247,147,M.longobardus
GCF_002102265.1,NZ_LQPG01000036.1,34114,4812247,147,M.longobardus
GCF_002102265.1,NZ_LQPG01000037.1,50794,4812247,147,M.longobardus
GCF_002102265.1,NZ_LQPG01000038.1,33092,4812247,147,M.longobardus
GCF_002102265.1,NZ_LQPG01000039.1,147301,4812247,147,M.longobardus
GCF_002102265.1,NZ_LQPG01000040.1,111035,4812247,147,M.longobardus
GCF_002102265.1,NZ_LQPG01000041.1,1507,4812247,147,M.longobardus
GCF_002102265.1,NZ_LQPG01000042.1,1465,4812247,147,M.longobardus
GCF_002102265.1,NZ_LQPG01000043.1,1457,4812247,147,M.longobardus
GCF_002102265.1,NZ_LQPG01000044.1,20057,4812247,147,M.longobardus
GCF_002102265.1,NZ_LQPG01000045.1,31802,4812247,147,M.longobardus
GCF_002102265.1,NZ_LQPG01000046.1,1369,4812247,147,M.longobardus
GCF_002102265.1,NZ_LQPG01000047.1,1308,4812247,147,M.longobardus
GCF_002102265.1,NZ_LQPG01000048.1,1145,4812247,147,M.longobardus
GCF_002102265.1,NZ_LQPG01000049.1,5507,4812247,147,M.longobardus
GCF_002102265.1,NZ_LQPG01000050.1,97379,4812247,147,M.longobardus
GCF_002102265.1,NZ_LQPG01000051.1,21234,4812247,147,M.longobardus
GCF_002102265.1,NZ_LQPG01000052.1,4655,4812247,147,M.longobardus
GCF_002102265.1,NZ_LQPG01000053.1,45342,4812247,147,M.longobardus
GCF_002102265.1,NZ_LQPG01000054.1,1304,4812247,147,M.longobardus
GCF_002102265.1,NZ_LQPG01000055.1,153421,4812247,147,M.longobardus
GCF_002102265.1,NZ_LQPG01000056.1,57523,4812247,147,M.longobardus
GCF_002102265.1,NZ_LQPG01000057.1,84237,4812247,147,M.longobardus
GCF_002102265.1,NZ_LQPG01000058.1,59201,4812247,147,M.longobardus
GCF_002102265.1,NZ_LQPG01000059.1,59915,4812247,147,M.longobardus
GCF_017876775.1,NZ_JAGIOP010000001.1,1857441,6345289,57,M.lutetiense
GCF_017876775.1,NZ_JAGIOP010000002.1,4375269,6345289,57,M.lutetiense
GCF_017876775.1,NZ_JAGIOP010000003.1,112579,6345289,57,M.lutetiense
GCF_010729665.1,NZ_AP022610.1,5712088,5712088,116,M.madagascariense
GCF_010727475.1,NZ_AP022567.1,8006721,8006721,141,M.mageritense
GCF_019645855.1,NZ_CP080999.1,5319859,5319859,168,M.malmoense
GCF_025821665.1,NZ_JACKSJ010000001.1,444,6058529,10,M.manitobense
GCF_025821665.1,NZ_JACKSJ010000002.1,20141,6058529,10,M.manitobense
GCF_025821665.1,NZ_JACKSJ010000003.1,537,6058529,10,M.manitobense
GCF_025821665.1,NZ_JACKSJ010000004.1,48919,6058529,10,M.manitobense
GCF_025821665.1,NZ_JACKSJ010000005.1,8072,6058529,10,M.manitobense
GCF_025821665.1,NZ_JACKSJ010000006.1,9462,6058529,10,M.manitobense
GCF_025821665.1,NZ_JACKSJ010000007.1,346,6058529,10,M.manitobense
GCF_025821665.1,NZ_JACKSJ010000008.1,322,6058529,10,M.manitobense
GCF_025821665.1,NZ_JACKSJ010000009.1,52547,6058529,10,M.manitobense
GCF_025821665.1,NZ_JACKSJ010000010.1,35243,6058529,10,M.manitobense
GCF_025821665.1,NZ_JACKSJ010000011.1,416,6058529,10,M.manitobense
GCF_025821665.1,NZ_JACKSJ010000012.1,427,6058529,10,M.manitobense
GCF_025821665.1,NZ_JACKSJ010000013.1,539,6058529,10,M.manitobense
GCF_025821665.1,NZ_JACKSJ010000014.1,58596,6058529,10,M.manitobense
GCF_025821665.1,NZ_JACKSJ010000015.1,50590,6058529,10,M.manitobense
GCF_025821665.1,NZ_JACKSJ010000016.1,110454,6058529,10,M.manitobense
GCF_025821665.1,NZ_JACKSJ010000017.1,39946,6058529,10,M.manitobense
GCF_025821665.1,NZ_JACKSJ010000018.1,430,6058529,10,M.manitobense
GCF_025821665.1,NZ_JACKSJ010000019.1,54580,6058529,10,M.manitobense
GCF_025821665.1,NZ_JACKSJ010000020.1,55769,6058529,10,M.manitobense
GCF_025821665.1,NZ_JACKSJ010000021.1,553,6058529,10,M.manitobense
GCF_025821665.1,NZ_JACKSJ010000022.1,52284,6058529,10,M.manitobense
GCF_025821665.1,NZ_JACKSJ010000023.1,13783,6058529,10,M.manitobense
GCF_025821665.1,NZ_JACKSJ010000024.1,176263,6058529,10,M.manitobense
GCF_025821665.1,NZ_JACKSJ010000025.1,74259,6058529,10,M.manitobense
GCF_025821665.1,NZ_JACKSJ010000026.1,61455,6058529,10,M.manitobense
GCF_025821665.1,NZ_JACKSJ010000027.1,520,6058529,10,M.manitobense
GCF_025821665.1,NZ_JACKSJ010000028.1,522,6058529,10,M.manitobense
GCF_025821665.1,NZ_JACKSJ010000029.1,493,6058529,10,M.manitobense
GCF_025821665.1,NZ_JACKSJ010000030.1,35435,6058529,10,M.manitobense
GCF_025821665.1,NZ_JACKSJ010000031.1,465,6058529,10,M.manitobense
GCF_025821665.1,NZ_JACKSJ010000032.1,620,6058529,10,M.manitobense
GCF_025821665.1,NZ_JACKSJ010000033.1,553,6058529,10,M.manitobense
GCF_025821665.1,NZ_JACKSJ010000034.1,405,6058529,10,M.manitobense
GCF_025821665.1,NZ_JACKSJ010000035.1,625,6058529,10,M.manitobense
GCF_025821665.1,NZ_JACKSJ010000036.1,22265,6058529,10,M.manitobense
GCF_025821665.1,NZ_JACKSJ010000037.1,106473,6058529,10,M.manitobense
GCF_025821665.1,NZ_JACKSJ010000038.1,343,6058529,10,M.manitobense
GCF_025821665.1,NZ_JACKSJ010000039.1,13120,6058529,10,M.manitobense
GCF_025821665.1,NZ_JACKSJ010000040.1,488,6058529,10,M.manitobense
GCF_025821665.1,NZ_JACKSJ010000041.1,4285,6058529,10,M.manitobense
GCF_025821665.1,NZ_JACKSJ010000042.1,22859,6058529,10,M.manitobense
GCF_025821665.1,NZ_JACKSJ010000043.1,105220,6058529,10,M.manitobense
GCF_025821665.1,NZ_JACKSJ010000044.1,420,6058529,10,M.manitobense
GCF_025821665.1,NZ_JACKSJ010000045.1,516,6058529,10,M.manitobense
GCF_025821665.1,NZ_JACKSJ010000046.1,575,6058529,10,M.manitobense
GCF_025821665.1,NZ_JACKSJ010000047.1,95777,6058529,10,M.manitobense
GCF_025821665.1,NZ_JACKSJ010000048.1,392,6058529,10,M.manitobense
GCF_025821665.1,NZ_JACKSJ010000049.1,536,6058529,10,M.manitobense
GCF_025821665.1,NZ_JACKSJ010000050.1,25130,6058529,10,M.manitobense
GCF_025821665.1,NZ_JACKSJ010000051.1,63212,6058529,10,M.manitobense
GCF_025821665.1,NZ_JACKSJ010000052.1,459,6058529,10,M.manitobense
GCF_025821665.1,NZ_JACKSJ010000053.1,6654,6058529,10,M.manitobense
GCF_025821665.1,NZ_JACKSJ010000054.1,340,6058529,10,M.manitobense
GCF_025821665.1,NZ_JACKSJ010000055.1,350,6058529,10,M.manitobense
GCF_025821665.1,NZ_JACKSJ010000056.1,96179,6058529,10,M.manitobense
GCF_025821665.1,NZ_JACKSJ010000057.1,560,6058529,10,M.manitobense
GCF_025821665.1,NZ_JACKSJ010000058.1,612,6058529,10,M.manitobense
GCF_025821665.1,NZ_JACKSJ010000059.1,477,6058529,10,M.manitobense
GCF_025821665.1,NZ_JACKSJ010000060.1,739,6058529,10,M.manitobense
GCF_025821665.1,NZ_JACKSJ010000061.1,6495,6058529,10,M.manitobense
GCF_025821665.1,NZ_JACKSJ010000062.1,358250,6058529,10,M.manitobense
GCF_025821665.1,NZ_JACKSJ010000063.1,329,6058529,10,M.manitobense
GCF_025821665.1,NZ_JACKSJ010000064.1,8686,6058529,10,M.manitobense
GCF_025821665.1,NZ_JACKSJ010000065.1,9759,6058529,10,M.manitobense
GCF_025821665.1,NZ_JACKSJ010000066.1,376,6058529,10,M.manitobense
GCF_025821665.1,NZ_JACKSJ010000067.1,384,6058529,10,M.manitobense
GCF_025821665.1,NZ_JACKSJ010000068.1,9494,6058529,10,M.manitobense
GCF_025821665.1,NZ_JACKSJ010000069.1,32882,6058529,10,M.manitobense
GCF_025821665.1,NZ_JACKSJ010000070.1,20174,6058529,10,M.manitobense
GCF_025821665.1,NZ_JACKSJ010000071.1,398,6058529,10,M.manitobense
GCF_025821665.1,NZ_JACKSJ010000072.1,49574,6058529,10,M.manitobense
GCF_025821665.1,NZ_JACKSJ010000073.1,537,6058529,10,M.manitobense
GCF_025821665.1,NZ_JACKSJ010000074.1,9206,6058529,10,M.manitobense
GCF_025821665.1,NZ_JACKSJ010000075.1,539,6058529,10,M.manitobense
GCF_025821665.1,NZ_JACKSJ010000076.1,341,6058529,10,M.manitobense
GCF_025821665.1,NZ_JACKSJ010000077.1,19526,6058529,10,M.manitobense
GCF_025821665.1,NZ_JACKSJ010000078.1,32302,6058529,10,M.manitobense
GCF_025821665.1,NZ_JACKSJ010000079.1,51139,6058529,10,M.manitobense
GCF_025821665.1,NZ_JACKSJ010000080.1,372,6058529,10,M.manitobense
GCF_025821665.1,NZ_JACKSJ010000081.1,388,6058529,10,M.manitobense
GCF_025821665.1,NZ_JACKSJ010000082.1,12085,6058529,10,M.manitobense
GCF_025821665.1,NZ_JACKSJ010000083.1,395,6058529,10,M.manitobense
GCF_025821665.1,NZ_JACKSJ010000084.1,475,6058529,10,M.manitobense
GCF_025821665.1,NZ_JACKSJ010000085.1,125517,6058529,10,M.manitobense
GCF_025821665.1,NZ_JACKSJ010000086.1,24429,6058529,10,M.manitobense
GCF_025821665.1,NZ_JACKSJ010000087.1,425,6058529,10,M.manitobense
GCF_025821665.1,NZ_JACKSJ010000088.1,81453,6058529,10,M.manitobense
GCF_025821665.1,NZ_JACKSJ010000089.1,461,6058529,10,M.manitobense
GCF_025821665.1,NZ_JACKSJ010000090.1,525,6058529,10,M.manitobense
GCF_025821665.1,NZ_JACKSJ010000091.1,486,6058529,10,M.manitobense
GCF_025821665.1,NZ_JACKSJ010000092.1,12565,6058529,10,M.manitobense
GCF_025821665.1,NZ_JACKSJ010000093.1,131610,6058529,10,M.manitobense
GCF_025821665.1,NZ_JACKSJ010000094.1,601,6058529,10,M.manitobense
GCF_025821665.1,NZ_JACKSJ010000095.1,12791,6058529,10,M.manitobense
GCF_025821665.1,NZ_JACKSJ010000096.1,27224,6058529,10,M.manitobense
GCF_025821665.1,NZ_JACKSJ010000097.1,30380,6058529,10,M.manitobense
GCF_025821665.1,NZ_JACKSJ010000098.1,88222,6058529,10,M.manitobense
GCF_025821665.1,NZ_JACKSJ010000099.1,24818,6058529,10,M.manitobense
GCF_025821665.1,NZ_JACKSJ010000100.1,579,6058529,10,M.manitobense
GCF_025821665.1,NZ_JACKSJ010000101.1,469,6058529,10,M.manitobense
GCF_025821665.1,NZ_JACKSJ010000102.1,5385,6058529,10,M.manitobense
GCF_025821665.1,NZ_JACKSJ010000103.1,482,6058529,10,M.manitobense
GCF_025821665.1,NZ_JACKSJ010000104.1,82271,6058529,10,M.manitobense
GCF_025821665.1,NZ_JACKSJ010000105.1,25411,6058529,10,M.manitobense
GCF_025821665.1,NZ_JACKSJ010000106.1,3635,6058529,10,M.manitobense
GCF_025821665.1,NZ_JACKSJ010000107.1,1147,6058529,10,M.manitobense
GCF_025821665.1,NZ_JACKSJ010000108.1,28381,6058529,10,M.manitobense
GCF_025821665.1,NZ_JACKSJ010000109.1,359,6058529,10,M.manitobense
GCF_025821665.1,NZ_JACKSJ010000110.1,504,6058529,10,M.manitobense
GCF_025821665.1,NZ_JACKSJ010000111.1,22294,6058529,10,M.manitobense
GCF_025821665.1,NZ_JACKSJ010000112.1,476,6058529,10,M.manitobense
GCF_025821665.1,NZ_JACKSJ010000113.1,530,6058529,10,M.manitobense
GCF_025821665.1,NZ_JACKSJ010000114.1,6984,6058529,10,M.manitobense
GCF_025821665.1,NZ_JACKSJ010000115.1,369,6058529,10,M.manitobense
GCF_025821665.1,NZ_JACKSJ010000116.1,338,6058529,10,M.manitobense
GCF_025821665.1,NZ_JACKSJ010000117.1,207138,6058529,10,M.manitobense
GCF_025821665.1,NZ_JACKSJ010000118.1,18173,6058529,10,M.manitobense
GCF_025821665.1,NZ_JACKSJ010000119.1,40680,6058529,10,M.manitobense
GCF_025821665.1,NZ_JACKSJ010000120.1,433,6058529,10,M.manitobense
GCF_025821665.1,NZ_JACKSJ010000121.1,341,6058529,10,M.manitobense
GCF_025821665.1,NZ_JACKSJ010000122.1,33728,6058529,10,M.manitobense
GCF_025821665.1,NZ_JACKSJ010000123.1,313,6058529,10,M.manitobense
GCF_025821665.1,NZ_JACKSJ010000124.1,463,6058529,10,M.manitobense
GCF_025821665.1,NZ_JACKSJ010000125.1,4809,6058529,10,M.manitobense
GCF_025821665.1,NZ_JACKSJ010000126.1,474,6058529,10,M.manitobense
GCF_025821665.1,NZ_JACKSJ010000127.1,11784,6058529,10,M.manitobense
GCF_025821665.1,NZ_JACKSJ010000128.1,44411,6058529,10,M.manitobense
GCF_025821665.1,NZ_JACKSJ010000129.1,583,6058529,10,M.manitobense
GCF_025821665.1,NZ_JACKSJ010000130.1,382,6058529,10,M.manitobense
GCF_025821665.1,NZ_JACKSJ010000131.1,32470,6058529,10,M.manitobense
GCF_025821665.1,NZ_JACKSJ010000132.1,26165,6058529,10,M.manitobense
GCF_025821665.1,NZ_JACKSJ010000133.1,17871,6058529,10,M.manitobense
GCF_025821665.1,NZ_JACKSJ010000134.1,2234,6058529,10,M.manitobense
GCF_025821665.1,NZ_JACKSJ010000135.1,348,6058529,10,M.manitobense
GCF_025821665.1,NZ_JACKSJ010000136.1,473,6058529,10,M.manitobense
GCF_025821665.1,NZ_JACKSJ010000137.1,269,6058529,10,M.manitobense
GCF_025821665.1,NZ_JACKSJ010000138.1,538,6058529,10,M.manitobense
GCF_025821665.1,NZ_JACKSJ010000139.1,888,6058529,10,M.manitobense
GCF_025821665.1,NZ_JACKSJ010000140.1,347,6058529,10,M.manitobense
GCF_025821665.1,NZ_JACKSJ010000141.1,46417,6058529,10,M.manitobense
GCF_025821665.1,NZ_JACKSJ010000142.1,30592,6058529,10,M.manitobense
GCF_025821665.1,NZ_JACKSJ010000143.1,46277,6058529,10,M.manitobense
GCF_025821665.1,NZ_JACKSJ010000144.1,796,6058529,10,M.manitobense
GCF_025821665.1,NZ_JACKSJ010000145.1,105424,6058529,10,M.manitobense
GCF_025821665.1,NZ_JACKSJ010000146.1,1102,6058529,10,M.manitobense
GCF_025821665.1,NZ_JACKSJ010000147.1,346,6058529,10,M.manitobense
GCF_025821665.1,NZ_JACKSJ010000148.1,231702,6058529,10,M.manitobense
GCF_025821665.1,NZ_JACKSJ010000149.1,12468,6058529,10,M.manitobense
GCF_025821665.1,NZ_JACKSJ010000150.1,399,6058529,10,M.manitobense
GCF_025821665.1,NZ_JACKSJ010000151.1,35832,6058529,10,M.manitobense
GCF_025821665.1,NZ_JACKSJ010000152.1,4700,6058529,10,M.manitobense
GCF_025821665.1,NZ_JACKSJ010000153.1,26520,6058529,10,M.manitobense
GCF_025821665.1,NZ_JACKSJ010000154.1,4504,6058529,10,M.manitobense
GCF_025821665.1,NZ_JACKSJ010000155.1,474,6058529,10,M.manitobense
GCF_025821665.1,NZ_JACKSJ010000156.1,750,6058529,10,M.manitobense
GCF_025821665.1,NZ_JACKSJ010000157.1,17201,6058529,10,M.manitobense
GCF_025821665.1,NZ_JACKSJ010000158.1,24196,6058529,10,M.manitobense
GCF_025821665.1,NZ_JACKSJ010000159.1,23801,6058529,10,M.manitobense
GCF_025821665.1,NZ_JACKSJ010000160.1,6524,6058529,10,M.manitobense
GCF_025821665.1,NZ_JACKSJ010000161.1,609,6058529,10,M.manitobense
GCF_025821665.1,NZ_JACKSJ010000162.1,27275,6058529,10,M.manitobense
GCF_025821665.1,NZ_JACKSJ010000163.1,47278,6058529,10,M.manitobense
GCF_025821665.1,NZ_JACKSJ010000164.1,29038,6058529,10,M.manitobense
GCF_025821665.1,NZ_JACKSJ010000165.1,441,6058529,10,M.manitobense
GCF_025821665.1,NZ_JACKSJ010000166.1,417,6058529,10,M.manitobense
GCF_025821665.1,NZ_JACKSJ010000167.1,16001,6058529,10,M.manitobense
GCF_025821665.1,NZ_JACKSJ010000168.1,479,6058529,10,M.manitobense
GCF_025821665.1,NZ_JACKSJ010000169.1,5815,6058529,10,M.manitobense
GCF_025821665.1,NZ_JACKSJ010000170.1,555,6058529,10,M.manitobense
GCF_025821665.1,NZ_JACKSJ010000171.1,24989,6058529,10,M.manitobense
GCF_025821665.1,NZ_JACKSJ010000172.1,2507,6058529,10,M.manitobense
GCF_025821665.1,NZ_JACKSJ010000173.1,424,6058529,10,M.manitobense
GCF_025821665.1,NZ_JACKSJ010000174.1,352,6058529,10,M.manitobense
GCF_025821665.1,NZ_JACKSJ010000175.1,468,6058529,10,M.manitobense
GCF_025821665.1,NZ_JACKSJ010000176.1,452,6058529,10,M.manitobense
GCF_025821665.1,NZ_JACKSJ010000177.1,8987,6058529,10,M.manitobense
GCF_025821665.1,NZ_JACKSJ010000178.1,25813,6058529,10,M.manitobense
GCF_025821665.1,NZ_JACKSJ010000179.1,453,6058529,10,M.manitobense
GCF_025821665.1,NZ_JACKSJ010000180.1,377,6058529,10,M.manitobense
GCF_025821665.1,NZ_JACKSJ010000181.1,27813,6058529,10,M.manitobense
GCF_025821665.1,NZ_JACKSJ010000182.1,72722,6058529,10,M.manitobense
GCF_025821665.1,NZ_JACKSJ010000183.1,2887,6058529,10,M.manitobense
GCF_025821665.1,NZ_JACKSJ010000184.1,65153,6058529,10,M.manitobense
GCF_025821665.1,NZ_JACKSJ010000185.1,21223,6058529,10,M.manitobense
GCF_025821665.1,NZ_JACKSJ010000186.1,64493,6058529,10,M.manitobense
GCF_025821665.1,NZ_JACKSJ010000187.1,334,6058529,10,M.manitobense
GCF_025821665.1,NZ_JACKSJ010000188.1,39963,6058529,10,M.manitobense
GCF_025821665.1,NZ_JACKSJ010000189.1,361,6058529,10,M.manitobense
GCF_025821665.1,NZ_JACKSJ010000190.1,43123,6058529,10,M.manitobense
GCF_025821665.1,NZ_JACKSJ010000191.1,7058,6058529,10,M.manitobense
GCF_025821665.1,NZ_JACKSJ010000192.1,33103,6058529,10,M.manitobense
GCF_025821665.1,NZ_JACKSJ010000193.1,315,6058529,10,M.manitobense
GCF_025821665.1,NZ_JACKSJ010000194.1,642,6058529,10,M.manitobense
GCF_025821665.1,NZ_JACKSJ010000195.1,18740,6058529,10,M.manitobense
GCF_025821665.1,NZ_JACKSJ010000196.1,3412,6058529,10,M.manitobense
GCF_025821665.1,NZ_JACKSJ010000197.1,19016,6058529,10,M.manitobense
GCF_025821665.1,NZ_JACKSJ010000198.1,639,6058529,10,M.manitobense
GCF_025821665.1,NZ_JACKSJ010000199.1,497,6058529,10,M.manitobense
GCF_025821665.1,NZ_JACKSJ010000200.1,375,6058529,10,M.manitobense
GCF_025821665.1,NZ_JACKSJ010000201.1,11316,6058529,10,M.manitobense
GCF_025821665.1,NZ_JACKSJ010000202.1,43880,6058529,10,M.manitobense
GCF_025821665.1,NZ_JACKSJ010000203.1,318,6058529,10,M.manitobense
GCF_025821665.1,NZ_JACKSJ010000204.1,26963,6058529,10,M.manitobense
GCF_025821665.1,NZ_JACKSJ010000205.1,14106,6058529,10,M.manitobense
GCF_025821665.1,NZ_JACKSJ010000206.1,405,6058529,10,M.manitobense
GCF_025821665.1,NZ_JACKSJ010000207.1,672,6058529,10,M.manitobense
GCF_025821665.1,NZ_JACKSJ010000208.1,39292,6058529,10,M.manitobense
GCF_025821665.1,NZ_JACKSJ010000209.1,428,6058529,10,M.manitobense
GCF_025821665.1,NZ_JACKSJ010000210.1,368,6058529,10,M.manitobense
GCF_025821665.1,NZ_JACKSJ010000211.1,10318,6058529,10,M.manitobense
GCF_025821665.1,NZ_JACKSJ010000212.1,550,6058529,10,M.manitobense
GCF_025821665.1,NZ_JACKSJ010000213.1,472,6058529,10,M.manitobense
GCF_025821665.1,NZ_JACKSJ010000214.1,460,6058529,10,M.manitobense
GCF_025821665.1,NZ_JACKSJ010000215.1,516,6058529,10,M.manitobense
GCF_025821665.1,NZ_JACKSJ010000216.1,866,6058529,10,M.manitobense
GCF_025821665.1,NZ_JACKSJ010000217.1,405,6058529,10,M.manitobense
GCF_025821665.1,NZ_JACKSJ010000218.1,44738,6058529,10,M.manitobense
GCF_025821665.1,NZ_JACKSJ010000219.1,39765,6058529,10,M.manitobense
GCF_025821665.1,NZ_JACKSJ010000220.1,433,6058529,10,M.manitobense
GCF_025821665.1,NZ_JACKSJ010000221.1,62803,6058529,10,M.manitobense
GCF_025821665.1,NZ_JACKSJ010000222.1,553,6058529,10,M.manitobense
GCF_025821665.1,NZ_JACKSJ010000223.1,37112,6058529,10,M.manitobense
GCF_025821665.1,NZ_JACKSJ010000224.1,343,6058529,10,M.manitobense
GCF_025821665.1,NZ_JACKSJ010000225.1,1738,6058529,10,M.manitobense
GCF_025821665.1,NZ_JACKSJ010000226.1,764,6058529,10,M.manitobense
GCF_025821665.1,NZ_JACKSJ010000227.1,358,6058529,10,M.manitobense
GCF_025821665.1,NZ_JACKSJ010000228.1,38988,6058529,10,M.manitobense
GCF_025821665.1,NZ_JACKSJ010000229.1,517,6058529,10,M.manitobense
GCF_025821665.1,NZ_JACKSJ010000230.1,372,6058529,10,M.manitobense
GCF_025821665.1,NZ_JACKSJ010000231.1,36575,6058529,10,M.manitobense
GCF_025821665.1,NZ_JACKSJ010000232.1,35405,6058529,10,M.manitobense
GCF_025821665.1,NZ_JACKSJ010000233.1,328,6058529,10,M.manitobense
GCF_025821665.1,NZ_JACKSJ010000234.1,26974,6058529,10,M.manitobense
GCF_025821665.1,NZ_JACKSJ010000235.1,263367,6058529,10,M.manitobense
GCF_025821665.1,NZ_JACKSJ010000236.1,4496,6058529,10,M.manitobense
GCF_025821665.1,NZ_JACKSJ010000237.1,17632,6058529,10,M.manitobense
GCF_025821665.1,NZ_JACKSJ010000238.1,744,6058529,10,M.manitobense
GCF_025821665.1,NZ_JACKSJ010000239.1,22381,6058529,10,M.manitobense
GCF_025821665.1,NZ_JACKSJ010000240.1,526,6058529,10,M.manitobense
GCF_025821665.1,NZ_JACKSJ010000241.1,15878,6058529,10,M.manitobense
GCF_025821665.1,NZ_JACKSJ010000242.1,513,6058529,10,M.manitobense
GCF_025821665.1,NZ_JACKSJ010000243.1,1090,6058529,10,M.manitobense
GCF_025821665.1,NZ_JACKSJ010000244.1,4431,6058529,10,M.manitobense
GCF_025821665.1,NZ_JACKSJ010000245.1,47201,6058529,10,M.manitobense
GCF_025821665.1,NZ_JACKSJ010000246.1,508,6058529,10,M.manitobense
GCF_025821665.1,NZ_JACKSJ010000247.1,57648,6058529,10,M.manitobense
GCF_025821665.1,NZ_JACKSJ010000248.1,22899,6058529,10,M.manitobense
GCF_025821665.1,NZ_JACKSJ010000249.1,419,6058529,10,M.manitobense
GCF_025821665.1,NZ_JACKSJ010000250.1,99233,6058529,10,M.manitobense
GCF_025821665.1,NZ_JACKSJ010000251.1,16300,6058529,10,M.manitobense
GCF_025821665.1,NZ_JACKSJ010000252.1,565,6058529,10,M.manitobense
GCF_025821665.1,NZ_JACKSJ010000253.1,6232,6058529,10,M.manitobense
GCF_025821665.1,NZ_JACKSJ010000254.1,95279,6058529,10,M.manitobense
GCF_025821665.1,NZ_JACKSJ010000255.1,533,6058529,10,M.manitobense
GCF_025821665.1,NZ_JACKSJ010000256.1,2697,6058529,10,M.manitobense
GCF_025821665.1,NZ_JACKSJ010000257.1,57132,6058529,10,M.manitobense
GCF_025821665.1,NZ_JACKSJ010000258.1,60350,6058529,10,M.manitobense
GCF_025821665.1,NZ_JACKSJ010000259.1,416,6058529,10,M.manitobense
GCF_025821665.1,NZ_JACKSJ010000260.1,350,6058529,10,M.manitobense
GCF_025821665.1,NZ_JACKSJ010000261.1,455,6058529,10,M.manitobense
GCF_025821665.1,NZ_JACKSJ010000262.1,332,6058529,10,M.manitobense
GCF_025821665.1,NZ_JACKSJ010000263.1,487,6058529,10,M.manitobense
GCF_025821665.1,NZ_JACKSJ010000264.1,561,6058529,10,M.manitobense
GCF_025821665.1,NZ_JACKSJ010000265.1,3280,6058529,10,M.manitobense
GCF_025821665.1,NZ_JACKSJ010000266.1,59997,6058529,10,M.manitobense
GCF_025821665.1,NZ_JACKSJ010000267.1,11131,6058529,10,M.manitobense
GCF_025821665.1,NZ_JACKSJ010000268.1,470,6058529,10,M.manitobense
GCF_025821665.1,NZ_JACKSJ010000269.1,9077,6058529,10,M.manitobense
GCF_025821665.1,NZ_JACKSJ010000270.1,62451,6058529,10,M.manitobense
GCF_025821665.1,NZ_JACKSJ010000271.1,504,6058529,10,M.manitobense
GCF_025821665.1,NZ_JACKSJ010000272.1,610,6058529,10,M.manitobense
GCF_025821665.1,NZ_JACKSJ010000273.1,42102,6058529,10,M.manitobense
GCF_025821665.1,NZ_JACKSJ010000274.1,1429,6058529,10,M.manitobense
GCF_025821665.1,NZ_JACKSJ010000275.1,7803,6058529,10,M.manitobense
GCF_025821665.1,NZ_JACKSJ010000276.1,396,6058529,10,M.manitobense
GCF_025821665.1,NZ_JACKSJ010000277.1,361,6058529,10,M.manitobense
GCF_010731775.1,NZ_AP022590.1,6185541,6185541,171,M.mantenii
GCF_000723425.2,NZ_HG917972.2,6336293,6336293,5,M.marinum
GCF_002285715.1,NZ_CP023147.1,5266037,5266037,194,M.marseillense
GCF_015710575.1,NZ_CP065373.1,5962395,5962395,98,M.mengxianglii
GCF_023515995.1,NZ_CP097320.1,4719641,4719641,63,M.methanotrophicum
GCF_010731755.1,NZ_AP022589.1,4224047,4224047,30,M.minnesotensis
GCF_010731575.1,NZ_AP022617.1,6042466,6042466,167,M.monacense
GCF_025823255.1,NZ_JACKVL010000001.1,3981,5632745,152,M.montefiorense
GCF_025823255.1,NZ_JACKVL010000002.1,199347,5632745,152,M.montefiorense
GCF_025823255.1,NZ_JACKVL010000003.1,215058,5632745,152,M.montefiorense
GCF_025823255.1,NZ_JACKVL010000004.1,1126,5632745,152,M.montefiorense
GCF_025823255.1,NZ_JACKVL010000005.1,253,5632745,152,M.montefiorense
GCF_025823255.1,NZ_JACKVL010000006.1,589577,5632745,152,M.montefiorense
GCF_025823255.1,NZ_JACKVL010000007.1,373174,5632745,152,M.montefiorense
GCF_025823255.1,NZ_JACKVL010000008.1,263040,5632745,152,M.montefiorense
GCF_025823255.1,NZ_JACKVL010000009.1,343559,5632745,152,M.montefiorense
GCF_025823255.1,NZ_JACKVL010000010.1,80536,5632745,152,M.montefiorense
GCF_025823255.1,NZ_JACKVL010000011.1,9643,5632745,152,M.montefiorense
GCF_025823255.1,NZ_JACKVL010000012.1,737684,5632745,152,M.montefiorense
GCF_025823255.1,NZ_JACKVL010000013.1,1216970,5632745,152,M.montefiorense
GCF_025823255.1,NZ_JACKVL010000014.1,1698,5632745,152,M.montefiorense
GCF_025823255.1,NZ_JACKVL010000015.1,181154,5632745,152,M.montefiorense
GCF_025823255.1,NZ_JACKVL010000016.1,3052,5632745,152,M.montefiorense
GCF_025823255.1,NZ_JACKVL010000017.1,1249835,5632745,152,M.montefiorense
GCF_025823255.1,NZ_JACKVL010000018.1,163058,5632745,152,M.montefiorense
GCF_010726085.1,NZ_AP022560.1,6225779,6225779,190,M.moriokaense
GCF_005670685.2,NZ_CP062008.1,6099273,6099273,206,M.mucogenicum
GCF_010722995.1,NZ_BLKT01000001.1,28620,6838280,6,M.murale
GCF_010722995.1,NZ_BLKT01000002.1,30755,6838280,6,M.murale
GCF_010722995.1,NZ_BLKT01000003.1,6743693,6838280,6,M.murale
GCF_010722995.1,NZ_BLKT01000004.1,35212,6838280,6,M.murale
GCF_020172685.2,NZ_JAYJJU010000001.1,572298,5659336,121,M.nativiensis
GCF_020172685.2,NZ_JAYJJU010000002.1,332893,5659336,121,M.nativiensis
GCF_020172685.2,NZ_JAYJJU010000003.1,306041,5659336,121,M.nativiensis
GCF_020172685.2,NZ_JAYJJU010000004.1,223768,5659336,121,M.nativiensis
GCF_020172685.2,NZ_JAYJJU010000005.1,218506,5659336,121,M.nativiensis
GCF_020172685.2,NZ_JAYJJU010000006.1,209871,5659336,121,M.nativiensis
GCF_020172685.2,NZ_JAYJJU010000007.1,206300,5659336,121,M.nativiensis
GCF_020172685.2,NZ_JAYJJU010000008.1,200434,5659336,121,M.nativiensis
GCF_020172685.2,NZ_JAYJJU010000009.1,199194,5659336,121,M.nativiensis
GCF_020172685.2,NZ_JAYJJU010000010.1,175598,5659336,121,M.nativiensis
GCF_020172685.2,NZ_JAYJJU010000011.1,161220,5659336,121,M.nativiensis
GCF_020172685.2,NZ_JAYJJU010000012.1,159838,5659336,121,M.nativiensis
GCF_020172685.2,NZ_JAYJJU010000013.1,132243,5659336,121,M.nativiensis
GCF_020172685.2,NZ_JAYJJU010000014.1,123258,5659336,121,M.nativiensis
GCF_020172685.2,NZ_JAYJJU010000015.1,119904,5659336,121,M.nativiensis
GCF_020172685.2,NZ_JAYJJU010000016.1,118459,5659336,121,M.nativiensis
GCF_020172685.2,NZ_JAYJJU010000017.1,115305,5659336,121,M.nativiensis
GCF_020172685.2,NZ_JAYJJU010000018.1,105333,5659336,121,M.nativiensis
GCF_020172685.2,NZ_JAYJJU010000019.1,104166,5659336,121,M.nativiensis
GCF_020172685.2,NZ_JAYJJU010000020.1,103173,5659336,121,M.nativiensis
GCF_020172685.2,NZ_JAYJJU010000021.1,102660,5659336,121,M.nativiensis
GCF_020172685.2,NZ_JAYJJU010000022.1,102613,5659336,121,M.nativiensis
GCF_020172685.2,NZ_JAYJJU010000023.1,99441,5659336,121,M.nativiensis
GCF_020172685.2,NZ_JAYJJU010000024.1,90216,5659336,121,M.nativiensis
GCF_020172685.2,NZ_JAYJJU010000025.1,84608,5659336,121,M.nativiensis
GCF_020172685.2,NZ_JAYJJU010000026.1,75791,5659336,121,M.nativiensis
GCF_020172685.2,NZ_JAYJJU010000027.1,65598,5659336,121,M.nativiensis
GCF_020172685.2,NZ_JAYJJU010000028.1,63524,5659336,121,M.nativiensis
GCF_020172685.2,NZ_JAYJJU010000029.1,63255,5659336,121,M.nativiensis
GCF_020172685.2,NZ_JAYJJU010000030.1,62137,5659336,121,M.nativiensis
GCF_020172685.2,NZ_JAYJJU010000031.1,55496,5659336,121,M.nativiensis
GCF_020172685.2,NZ_JAYJJU010000032.1,54285,5659336,121,M.nativiensis
GCF_020172685.2,NZ_JAYJJU010000033.1,48636,5659336,121,M.nativiensis
GCF_020172685.2,NZ_JAYJJU010000034.1,47414,5659336,121,M.nativiensis
GCF_020172685.2,NZ_JAYJJU010000035.1,47225,5659336,121,M.nativiensis
GCF_020172685.2,NZ_JAYJJU010000036.1,46764,5659336,121,M.nativiensis
GCF_020172685.2,NZ_JAYJJU010000037.1,46089,5659336,121,M.nativiensis
GCF_020172685.2,NZ_JAYJJU010000038.1,43856,5659336,121,M.nativiensis
GCF_020172685.2,NZ_JAYJJU010000039.1,37503,5659336,121,M.nativiensis
GCF_020172685.2,NZ_JAYJJU010000040.1,35870,5659336,121,M.nativiensis
GCF_020172685.2,NZ_JAYJJU010000041.1,33970,5659336,121,M.nativiensis
GCF_020172685.2,NZ_JAYJJU010000042.1,32827,5659336,121,M.nativiensis
GCF_020172685.2,NZ_JAYJJU010000043.1,32458,5659336,121,M.nativiensis
GCF_020172685.2,NZ_JAYJJU010000044.1,29384,5659336,121,M.nativiensis
GCF_020172685.2,NZ_JAYJJU010000045.1,29355,5659336,121,M.nativiensis
GCF_020172685.2,NZ_JAYJJU010000046.1,27981,5659336,121,M.nativiensis
GCF_020172685.2,NZ_JAYJJU010000047.1,25913,5659336,121,M.nativiensis
GCF_020172685.2,NZ_JAYJJU010000048.1,22321,5659336,121,M.nativiensis
GCF_020172685.2,NZ_JAYJJU010000049.1,19499,5659336,121,M.nativiensis
GCF_020172685.2,NZ_JAYJJU010000050.1,15429,5659336,121,M.nativiensis
GCF_020172685.2,NZ_JAYJJU010000051.1,13665,5659336,121,M.nativiensis
GCF_020172685.2,NZ_JAYJJU010000052.1,13536,5659336,121,M.nativiensis
GCF_020172685.2,NZ_JAYJJU010000053.1,12414,5659336,121,M.nativiensis
GCF_020172685.2,NZ_JAYJJU010000054.1,12322,5659336,121,M.nativiensis
GCF_020172685.2,NZ_JAYJJU010000055.1,11391,5659336,121,M.nativiensis
GCF_020172685.2,NZ_JAYJJU010000056.1,10103,5659336,121,M.nativiensis
GCF_020172685.2,NZ_JAYJJU010000057.1,8877,5659336,121,M.nativiensis
GCF_020172685.2,NZ_JAYJJU010000058.1,6627,5659336,121,M.nativiensis
GCF_020172685.2,NZ_JAYJJU010000059.1,5328,5659336,121,M.nativiensis
GCF_020172685.2,NZ_JAYJJU010000060.1,4808,5659336,121,M.nativiensis
GCF_020172685.2,NZ_JAYJJU010000061.1,4106,5659336,121,M.nativiensis
GCF_020172685.2,NZ_JAYJJU010000062.1,3847,5659336,121,M.nativiensis
GCF_020172685.2,NZ_JAYJJU010000063.1,3228,5659336,121,M.nativiensis
GCF_020172685.2,NZ_JAYJJU010000064.1,2942,5659336,121,M.nativiensis
GCF_020172685.2,NZ_JAYJJU010000065.1,2732,5659336,121,M.nativiensis
GCF_020172685.2,NZ_JAYJJU010000066.1,2714,5659336,121,M.nativiensis
GCF_020172685.2,NZ_JAYJJU010000067.1,2486,5659336,121,M.nativiensis
GCF_020172685.2,NZ_JAYJJU010000068.1,2456,5659336,121,M.nativiensis
GCF_020172685.2,NZ_JAYJJU010000069.1,1864,5659336,121,M.nativiensis
GCF_020172685.2,NZ_JAYJJU010000070.1,1775,5659336,121,M.nativiensis
GCF_020172685.2,NZ_JAYJJU010000071.1,1736,5659336,121,M.nativiensis
GCF_020172685.2,NZ_JAYJJU010000072.1,1711,5659336,121,M.nativiensis
GCF_020172685.2,NZ_JAYJJU010000073.1,1588,5659336,121,M.nativiensis
GCF_020172685.2,NZ_JAYJJU010000074.1,1507,5659336,121,M.nativiensis
GCF_020172685.2,NZ_JAYJJU010000075.1,1491,5659336,121,M.nativiensis
GCF_020172685.2,NZ_JAYJJU010000076.1,1479,5659336,121,M.nativiensis
GCF_020172685.2,NZ_JAYJJU010000077.1,1407,5659336,121,M.nativiensis
GCF_020172685.2,NZ_JAYJJU010000078.1,1400,5659336,121,M.nativiensis
GCF_020172685.2,NZ_JAYJJU010000079.1,1385,5659336,121,M.nativiensis
GCF_020172685.2,NZ_JAYJJU010000080.1,1379,5659336,121,M.nativiensis
GCF_020172685.2,NZ_JAYJJU010000081.1,1217,5659336,121,M.nativiensis
GCF_020172685.2,NZ_JAYJJU010000082.1,1163,5659336,121,M.nativiensis
GCF_020172685.2,NZ_JAYJJU010000083.1,1130,5659336,121,M.nativiensis
GCF_020172685.2,NZ_JAYJJU010000084.1,1032,5659336,121,M.nativiensis
GCF_020172685.2,NZ_JAYJJU010000085.1,1013,5659336,121,M.nativiensis
GCF_020172685.2,NZ_JAYJJU010000086.1,1009,5659336,121,M.nativiensis
GCF_020172685.2,NZ_JAYJJU010000087.1,1009,5659336,121,M.nativiensis
GCF_020172685.2,NZ_JAYJJU010000088.1,994,5659336,121,M.nativiensis
GCF_020172685.2,NZ_JAYJJU010000089.1,957,5659336,121,M.nativiensis
GCF_020172685.2,NZ_JAYJJU010000090.1,952,5659336,121,M.nativiensis
GCF_020172685.2,NZ_JAYJJU010000091.1,952,5659336,121,M.nativiensis
GCF_020172685.2,NZ_JAYJJU010000092.1,944,5659336,121,M.nativiensis
GCF_020172685.2,NZ_JAYJJU010000093.1,942,5659336,121,M.nativiensis
GCF_020172685.2,NZ_JAYJJU010000094.1,925,5659336,121,M.nativiensis
GCF_020172685.2,NZ_JAYJJU010000095.1,917,5659336,121,M.nativiensis
GCF_020172685.2,NZ_JAYJJU010000096.1,907,5659336,121,M.nativiensis
GCF_020172685.2,NZ_JAYJJU010000097.1,903,5659336,121,M.nativiensis
GCF_020172685.2,NZ_JAYJJU010000098.1,883,5659336,121,M.nativiensis
GCF_020172685.2,NZ_JAYJJU010000099.1,875,5659336,121,M.nativiensis
GCF_020172685.2,NZ_JAYJJU010000100.1,875,5659336,121,M.nativiensis
GCF_020172685.2,NZ_JAYJJU010000101.1,863,5659336,121,M.nativiensis
GCF_020172685.2,NZ_JAYJJU010000102.1,857,5659336,121,M.nativiensis
GCF_020172685.2,NZ_JAYJJU010000103.1,855,5659336,121,M.nativiensis
GCF_020172685.2,NZ_JAYJJU010000104.1,848,5659336,121,M.nativiensis
GCF_020172685.2,NZ_JAYJJU010000105.1,823,5659336,121,M.nativiensis
GCF_020172685.2,NZ_JAYJJU010000106.1,822,5659336,121,M.nativiensis
GCF_020172685.2,NZ_JAYJJU010000107.1,820,5659336,121,M.nativiensis
GCF_020172685.2,NZ_JAYJJU010000108.1,818,5659336,121,M.nativiensis
GCF_020172685.2,NZ_JAYJJU010000109.1,818,5659336,121,M.nativiensis
GCF_020172685.2,NZ_JAYJJU010000110.1,815,5659336,121,M.nativiensis
GCF_020172685.2,NZ_JAYJJU010000111.1,815,5659336,121,M.nativiensis
GCF_020172685.2,NZ_JAYJJU010000112.1,814,5659336,121,M.nativiensis
GCF_020172685.2,NZ_JAYJJU010000113.1,801,5659336,121,M.nativiensis
GCF_020172685.2,NZ_JAYJJU010000114.1,800,5659336,121,M.nativiensis
GCF_020172685.2,NZ_JAYJJU010000115.1,793,5659336,121,M.nativiensis
GCF_020172685.2,NZ_JAYJJU010000116.1,792,5659336,121,M.nativiensis
GCF_020172685.2,NZ_JAYJJU010000117.1,783,5659336,121,M.nativiensis
GCF_020172685.2,NZ_JAYJJU010000118.1,764,5659336,121,M.nativiensis
GCF_020172685.2,NZ_JAYJJU010000119.1,754,5659336,121,M.nativiensis
GCF_020172685.2,NZ_JAYJJU010000120.1,743,5659336,121,M.nativiensis
GCF_020172685.2,NZ_JAYJJU010000121.1,742,5659336,121,M.nativiensis
GCF_020172685.2,NZ_JAYJJU010000122.1,729,5659336,121,M.nativiensis
GCF_020172685.2,NZ_JAYJJU010000123.1,724,5659336,121,M.nativiensis
GCF_020172685.2,NZ_JAYJJU010000124.1,720,5659336,121,M.nativiensis
GCF_020172685.2,NZ_JAYJJU010000125.1,720,5659336,121,M.nativiensis
GCF_020172685.2,NZ_JAYJJU010000126.1,718,5659336,121,M.nativiensis
GCF_020172685.2,NZ_JAYJJU010000127.1,709,5659336,121,M.nativiensis
GCF_020172685.2,NZ_JAYJJU010000128.1,705,5659336,121,M.nativiensis
GCF_020172685.2,NZ_JAYJJU010000129.1,705,5659336,121,M.nativiensis
GCF_020172685.2,NZ_JAYJJU010000130.1,688,5659336,121,M.nativiensis
GCF_020172685.2,NZ_JAYJJU010000131.1,687,5659336,121,M.nativiensis
GCF_020172685.2,NZ_JAYJJU010000132.1,686,5659336,121,M.nativiensis
GCF_020172685.2,NZ_JAYJJU010000133.1,685,5659336,121,M.nativiensis
GCF_020172685.2,NZ_JAYJJU010000134.1,680,5659336,121,M.nativiensis
GCF_020172685.2,NZ_JAYJJU010000135.1,678,5659336,121,M.nativiensis
GCF_020172685.2,NZ_JAYJJU010000136.1,676,5659336,121,M.nativiensis
GCF_020172685.2,NZ_JAYJJU010000137.1,676,5659336,121,M.nativiensis
GCF_020172685.2,NZ_JAYJJU010000138.1,675,5659336,121,M.nativiensis
GCF_020172685.2,NZ_JAYJJU010000139.1,670,5659336,121,M.nativiensis
GCF_020172685.2,NZ_JAYJJU010000140.1,665,5659336,121,M.nativiensis
GCF_020172685.2,NZ_JAYJJU010000141.1,665,5659336,121,M.nativiensis
GCF_020172685.2,NZ_JAYJJU010000142.1,661,5659336,121,M.nativiensis
GCF_020172685.2,NZ_JAYJJU010000143.1,659,5659336,121,M.nativiensis
GCF_020172685.2,NZ_JAYJJU010000144.1,657,5659336,121,M.nativiensis
GCF_020172685.2,NZ_JAYJJU010000145.1,657,5659336,121,M.nativiensis
GCF_020172685.2,NZ_JAYJJU010000146.1,650,5659336,121,M.nativiensis
GCF_020172685.2,NZ_JAYJJU010000147.1,649,5659336,121,M.nativiensis
GCF_020172685.2,NZ_JAYJJU010000148.1,647,5659336,121,M.nativiensis
GCF_020172685.2,NZ_JAYJJU010000149.1,644,5659336,121,M.nativiensis
GCF_020172685.2,NZ_JAYJJU010000150.1,632,5659336,121,M.nativiensis
GCF_020172685.2,NZ_JAYJJU010000151.1,631,5659336,121,M.nativiensis
GCF_020172685.2,NZ_JAYJJU010000152.1,626,5659336,121,M.nativiensis
GCF_020172685.2,NZ_JAYJJU010000153.1,625,5659336,121,M.nativiensis
GCF_020172685.2,NZ_JAYJJU010000154.1,622,5659336,121,M.nativiensis
GCF_020172685.2,NZ_JAYJJU010000155.1,621,5659336,121,M.nativiensis
GCF_020172685.2,NZ_JAYJJU010000156.1,620,5659336,121,M.nativiensis
GCF_020172685.2,NZ_JAYJJU010000157.1,619,5659336,121,M.nativiensis
GCF_020172685.2,NZ_JAYJJU010000158.1,619,5659336,121,M.nativiensis
GCF_020172685.2,NZ_JAYJJU010000159.1,617,5659336,121,M.nativiensis
GCF_020172685.2,NZ_JAYJJU010000160.1,616,5659336,121,M.nativiensis
GCF_020172685.2,NZ_JAYJJU010000161.1,615,5659336,121,M.nativiensis
GCF_020172685.2,NZ_JAYJJU010000162.1,609,5659336,121,M.nativiensis
GCF_020172685.2,NZ_JAYJJU010000163.1,607,5659336,121,M.nativiensis
GCF_020172685.2,NZ_JAYJJU010000164.1,594,5659336,121,M.nativiensis
GCF_020172685.2,NZ_JAYJJU010000165.1,591,5659336,121,M.nativiensis
GCF_020172685.2,NZ_JAYJJU010000166.1,586,5659336,121,M.nativiensis
GCF_020172685.2,NZ_JAYJJU010000167.1,584,5659336,121,M.nativiensis
GCF_020172685.2,NZ_JAYJJU010000168.1,582,5659336,121,M.nativiensis
GCF_020172685.2,NZ_JAYJJU010000169.1,580,5659336,121,M.nativiensis
GCF_020172685.2,NZ_JAYJJU010000170.1,579,5659336,121,M.nativiensis
GCF_020172685.2,NZ_JAYJJU010000171.1,574,5659336,121,M.nativiensis
GCF_020172685.2,NZ_JAYJJU010000172.1,570,5659336,121,M.nativiensis
GCF_020172685.2,NZ_JAYJJU010000173.1,569,5659336,121,M.nativiensis
GCF_020172685.2,NZ_JAYJJU010000174.1,567,5659336,121,M.nativiensis
GCF_020172685.2,NZ_JAYJJU010000175.1,565,5659336,121,M.nativiensis
GCF_020172685.2,NZ_JAYJJU010000176.1,563,5659336,121,M.nativiensis
GCF_020172685.2,NZ_JAYJJU010000177.1,561,5659336,121,M.nativiensis
GCF_020172685.2,NZ_JAYJJU010000178.1,558,5659336,121,M.nativiensis
GCF_020172685.2,NZ_JAYJJU010000179.1,556,5659336,121,M.nativiensis
GCF_020172685.2,NZ_JAYJJU010000180.1,555,5659336,121,M.nativiensis
GCF_020172685.2,NZ_JAYJJU010000181.1,555,5659336,121,M.nativiensis
GCF_020172685.2,NZ_JAYJJU010000182.1,554,5659336,121,M.nativiensis
GCF_020172685.2,NZ_JAYJJU010000183.1,542,5659336,121,M.nativiensis
GCF_020172685.2,NZ_JAYJJU010000184.1,537,5659336,121,M.nativiensis
GCF_020172685.2,NZ_JAYJJU010000185.1,537,5659336,121,M.nativiensis
GCF_020172685.2,NZ_JAYJJU010000186.1,537,5659336,121,M.nativiensis
GCF_020172685.2,NZ_JAYJJU010000187.1,534,5659336,121,M.nativiensis
GCF_020172685.2,NZ_JAYJJU010000188.1,529,5659336,121,M.nativiensis
GCF_020172685.2,NZ_JAYJJU010000189.1,529,5659336,121,M.nativiensis
GCF_020172685.2,NZ_JAYJJU010000190.1,527,5659336,121,M.nativiensis
GCF_020172685.2,NZ_JAYJJU010000191.1,527,5659336,121,M.nativiensis
GCF_020172685.2,NZ_JAYJJU010000192.1,524,5659336,121,M.nativiensis
GCF_020172685.2,NZ_JAYJJU010000193.1,523,5659336,121,M.nativiensis
GCF_020172685.2,NZ_JAYJJU010000194.1,523,5659336,121,M.nativiensis
GCF_020172685.2,NZ_JAYJJU010000195.1,522,5659336,121,M.nativiensis
GCF_020172685.2,NZ_JAYJJU010000196.1,514,5659336,121,M.nativiensis
GCF_020172685.2,NZ_JAYJJU010000197.1,513,5659336,121,M.nativiensis
GCF_020172685.2,NZ_JAYJJU010000198.1,513,5659336,121,M.nativiensis
GCF_020172685.2,NZ_JAYJJU010000199.1,512,5659336,121,M.nativiensis
GCF_020172685.2,NZ_JAYJJU010000200.1,510,5659336,121,M.nativiensis
GCF_020172685.2,NZ_JAYJJU010000201.1,508,5659336,121,M.nativiensis
GCF_020172685.2,NZ_JAYJJU010000202.1,505,5659336,121,M.nativiensis
GCF_020172685.2,NZ_JAYJJU010000203.1,500,5659336,121,M.nativiensis
GCF_020172685.2,NZ_JAYJJU010000204.1,500,5659336,121,M.nativiensis
GCF_020172685.2,NZ_JAYJJU010000205.1,500,5659336,121,M.nativiensis
GCF_002102255.1,NZ_LQPH01000001.1,4096,6727177,132,M.nebraskense
GCF_002102255.1,NZ_LQPH01000002.1,18661,6727177,132,M.nebraskense
GCF_002102255.1,NZ_LQPH01000003.1,15945,6727177,132,M.nebraskense
GCF_002102255.1,NZ_LQPH01000004.1,20470,6727177,132,M.nebraskense
GCF_002102255.1,NZ_LQPH01000005.1,18575,6727177,132,M.nebraskense
GCF_002102255.1,NZ_LQPH01000006.1,5175,6727177,132,M.nebraskense
GCF_002102255.1,NZ_LQPH01000007.1,74297,6727177,132,M.nebraskense
GCF_002102255.1,NZ_LQPH01000008.1,65845,6727177,132,M.nebraskense
GCF_002102255.1,NZ_LQPH01000009.1,15485,6727177,132,M.nebraskense
GCF_002102255.1,NZ_LQPH01000010.1,62842,6727177,132,M.nebraskense
GCF_002102255.1,NZ_LQPH01000011.1,84652,6727177,132,M.nebraskense
GCF_002102255.1,NZ_LQPH01000012.1,1165,6727177,132,M.nebraskense
GCF_002102255.1,NZ_LQPH01000013.1,19612,6727177,132,M.nebraskense
GCF_002102255.1,NZ_LQPH01000014.1,17519,6727177,132,M.nebraskense
GCF_002102255.1,NZ_LQPH01000015.1,52345,6727177,132,M.nebraskense
GCF_002102255.1,NZ_LQPH01000016.1,59023,6727177,132,M.nebraskense
GCF_002102255.1,NZ_LQPH01000017.1,12478,6727177,132,M.nebraskense
GCF_002102255.1,NZ_LQPH01000018.1,21246,6727177,132,M.nebraskense
GCF_002102255.1,NZ_LQPH01000019.1,57240,6727177,132,M.nebraskense
GCF_002102255.1,NZ_LQPH01000020.1,30658,6727177,132,M.nebraskense
GCF_002102255.1,NZ_LQPH01000021.1,22650,6727177,132,M.nebraskense
GCF_002102255.1,NZ_LQPH01000022.1,15693,6727177,132,M.nebraskense
GCF_002102255.1,NZ_LQPH01000023.1,2920,6727177,132,M.nebraskense
GCF_002102255.1,NZ_LQPH01000024.1,23972,6727177,132,M.nebraskense
GCF_002102255.1,NZ_LQPH01000025.1,46490,6727177,132,M.nebraskense
GCF_002102255.1,NZ_LQPH01000026.1,48365,6727177,132,M.nebraskense
GCF_002102255.1,NZ_LQPH01000027.1,9625,6727177,132,M.nebraskense
GCF_002102255.1,NZ_LQPH01000028.1,8991,6727177,132,M.nebraskense
GCF_002102255.1,NZ_LQPH01000029.1,8576,6727177,132,M.nebraskense
GCF_002102255.1,NZ_LQPH01000030.1,15921,6727177,132,M.nebraskense
GCF_002102255.1,NZ_LQPH01000031.1,3825,6727177,132,M.nebraskense
GCF_002102255.1,NZ_LQPH01000032.1,15322,6727177,132,M.nebraskense
GCF_002102255.1,NZ_LQPH01000033.1,1896,6727177,132,M.nebraskense
GCF_002102255.1,NZ_LQPH01000034.1,7783,6727177,132,M.nebraskense
GCF_002102255.1,NZ_LQPH01000035.1,9927,6727177,132,M.nebraskense
GCF_002102255.1,NZ_LQPH01000036.1,7564,6727177,132,M.nebraskense
GCF_002102255.1,NZ_LQPH01000037.1,86703,6727177,132,M.nebraskense
GCF_002102255.1,NZ_LQPH01000038.1,7129,6727177,132,M.nebraskense
GCF_002102255.1,NZ_LQPH01000039.1,1418,6727177,132,M.nebraskense
GCF_002102255.1,NZ_LQPH01000040.1,7111,6727177,132,M.nebraskense
GCF_002102255.1,NZ_LQPH01000041.1,61432,6727177,132,M.nebraskense
GCF_002102255.1,NZ_LQPH01000042.1,6203,6727177,132,M.nebraskense
GCF_002102255.1,NZ_LQPH01000043.1,5995,6727177,132,M.nebraskense
GCF_002102255.1,NZ_LQPH01000044.1,25072,6727177,132,M.nebraskense
GCF_002102255.1,NZ_LQPH01000045.1,5470,6727177,132,M.nebraskense
GCF_002102255.1,NZ_LQPH01000046.1,24008,6727177,132,M.nebraskense
GCF_002102255.1,NZ_LQPH01000047.1,72451,6727177,132,M.nebraskense
GCF_002102255.1,NZ_LQPH01000048.1,5170,6727177,132,M.nebraskense
GCF_002102255.1,NZ_LQPH01000049.1,3958,6727177,132,M.nebraskense
GCF_002102255.1,NZ_LQPH01000050.1,1583,6727177,132,M.nebraskense
GCF_002102255.1,NZ_LQPH01000051.1,60775,6727177,132,M.nebraskense
GCF_002102255.1,NZ_LQPH01000052.1,4443,6727177,132,M.nebraskense
GCF_002102255.1,NZ_LQPH01000053.1,3906,6727177,132,M.nebraskense
GCF_002102255.1,NZ_LQPH01000054.1,1701,6727177,132,M.nebraskense
GCF_002102255.1,NZ_LQPH01000055.1,3196,6727177,132,M.nebraskense
GCF_002102255.1,NZ_LQPH01000056.1,3136,6727177,132,M.nebraskense
GCF_002102255.1,NZ_LQPH01000057.1,68498,6727177,132,M.nebraskense
GCF_002102255.1,NZ_LQPH01000058.1,3016,6727177,132,M.nebraskense
GCF_002102255.1,NZ_LQPH01000059.1,2953,6727177,132,M.nebraskense
GCF_002102255.1,NZ_LQPH01000060.1,2583,6727177,132,M.nebraskense
GCF_002102255.1,NZ_LQPH01000061.1,2417,6727177,132,M.nebraskense
GCF_002102255.1,NZ_LQPH01000062.1,2382,6727177,132,M.nebraskense
GCF_002102255.1,NZ_LQPH01000063.1,2165,6727177,132,M.nebraskense
GCF_002102255.1,NZ_LQPH01000064.1,1643,6727177,132,M.nebraskense
GCF_002102255.1,NZ_LQPH01000065.1,1814,6727177,132,M.nebraskense
GCF_002102255.1,NZ_LQPH01000066.1,266757,6727177,132,M.nebraskense
GCF_002102255.1,NZ_LQPH01000067.1,1643,6727177,132,M.nebraskense
GCF_002102255.1,NZ_LQPH01000068.1,9835,6727177,132,M.nebraskense
GCF_002102255.1,NZ_LQPH01000069.1,1549,6727177,132,M.nebraskense
GCF_002102255.1,NZ_LQPH01000070.1,1484,6727177,132,M.nebraskense
GCF_002102255.1,NZ_LQPH01000071.1,56260,6727177,132,M.nebraskense
GCF_002102255.1,NZ_LQPH01000072.1,4445,6727177,132,M.nebraskense
GCF_002102255.1,NZ_LQPH01000073.1,1381,6727177,132,M.nebraskense
GCF_002102255.1,NZ_LQPH01000074.1,1297,6727177,132,M.nebraskense
GCF_002102255.1,NZ_LQPH01000075.1,1322,6727177,132,M.nebraskense
GCF_002102255.1,NZ_LQPH01000076.1,114812,6727177,132,M.nebraskense
GCF_002102255.1,NZ_LQPH01000077.1,1317,6727177,132,M.nebraskense
GCF_002102255.1,NZ_LQPH01000078.1,2561,6727177,132,M.nebraskense
GCF_002102255.1,NZ_LQPH01000079.1,1026,6727177,132,M.nebraskense
GCF_002102255.1,NZ_LQPH01000080.1,1289,6727177,132,M.nebraskense
GCF_002102255.1,NZ_LQPH01000081.1,147335,6727177,132,M.nebraskense
GCF_002102255.1,NZ_LQPH01000082.1,4236,6727177,132,M.nebraskense
GCF_002102255.1,NZ_LQPH01000083.1,1250,6727177,132,M.nebraskense
GCF_002102255.1,NZ_LQPH01000084.1,1220,6727177,132,M.nebraskense
GCF_002102255.1,NZ_LQPH01000085.1,1198,6727177,132,M.nebraskense
GCF_002102255.1,NZ_LQPH01000086.1,129217,6727177,132,M.nebraskense
GCF_002102255.1,NZ_LQPH01000087.1,1170,6727177,132,M.nebraskense
GCF_002102255.1,NZ_LQPH01000088.1,1181,6727177,132,M.nebraskense
GCF_002102255.1,NZ_LQPH01000089.1,1171,6727177,132,M.nebraskense
GCF_002102255.1,NZ_LQPH01000090.1,13127,6727177,132,M.nebraskense
GCF_002102255.1,NZ_LQPH01000091.1,1120,6727177,132,M.nebraskense
GCF_002102255.1,NZ_LQPH01000092.1,2968,6727177,132,M.nebraskense
GCF_002102255.1,NZ_LQPH01000093.1,1094,6727177,132,M.nebraskense
GCF_002102255.1,NZ_LQPH01000094.1,1083,6727177,132,M.nebraskense
GCF_002102255.1,NZ_LQPH01000095.1,1045,6727177,132,M.nebraskense
GCF_002102255.1,NZ_LQPH01000096.1,1046,6727177,132,M.nebraskense
GCF_002102255.1,NZ_LQPH01000097.1,12303,6727177,132,M.nebraskense
GCF_002102255.1,NZ_LQPH01000098.1,13246,6727177,132,M.nebraskense
GCF_002102255.1,NZ_LQPH01000099.1,72158,6727177,132,M.nebraskense
GCF_002102255.1,NZ_LQPH01000100.1,5056,6727177,132,M.nebraskense
GCF_002102255.1,NZ_LQPH01000101.1,49493,6727177,132,M.nebraskense
GCF_002102255.1,NZ_LQPH01000102.1,12378,6727177,132,M.nebraskense
GCF_002102255.1,NZ_LQPH01000103.1,61446,6727177,132,M.nebraskense
GCF_002102255.1,NZ_LQPH01000104.1,32346,6727177,132,M.nebraskense
GCF_002102255.1,NZ_LQPH01000105.1,2741,6727177,132,M.nebraskense
GCF_002102255.1,NZ_LQPH01000106.1,16870,6727177,132,M.nebraskense
GCF_002102255.1,NZ_LQPH01000107.1,177380,6727177,132,M.nebraskense
GCF_002102255.1,NZ_LQPH01000108.1,34032,6727177,132,M.nebraskense
GCF_002102255.1,NZ_LQPH01000109.1,35917,6727177,132,M.nebraskense
GCF_002102255.1,NZ_LQPH01000110.1,36084,6727177,132,M.nebraskense
GCF_002102255.1,NZ_LQPH01000111.1,36921,6727177,132,M.nebraskense
GCF_002102255.1,NZ_LQPH01000112.1,43321,6727177,132,M.nebraskense
GCF_002102255.1,NZ_LQPH01000113.1,4434,6727177,132,M.nebraskense
GCF_002102255.1,NZ_LQPH01000114.1,56392,6727177,132,M.nebraskense
GCF_002102255.1,NZ_LQPH01000115.1,27159,6727177,132,M.nebraskense
GCF_002102255.1,NZ_LQPH01000116.1,54396,6727177,132,M.nebraskense
GCF_002102255.1,NZ_LQPH01000117.1,4273,6727177,132,M.nebraskense
GCF_002102255.1,NZ_LQPH01000118.1,1691,6727177,132,M.nebraskense
GCF_002102255.1,NZ_LQPH01000119.1,17309,6727177,132,M.nebraskense
GCF_002102255.1,NZ_LQPH01000120.1,45373,6727177,132,M.nebraskense
GCF_002102255.1,NZ_LQPH01000121.1,26564,6727177,132,M.nebraskense
GCF_002102255.1,NZ_LQPH01000122.1,103975,6727177,132,M.nebraskense
GCF_002102255.1,NZ_LQPH01000123.1,24362,6727177,132,M.nebraskense
GCF_002102255.1,NZ_LQPH01000124.1,14471,6727177,132,M.nebraskense
GCF_002102255.1,NZ_LQPH01000125.1,112779,6727177,132,M.nebraskense
GCF_002102255.1,NZ_LQPH01000126.1,58380,6727177,132,M.nebraskense
GCF_002102255.1,NZ_LQPH01000127.1,58221,6727177,132,M.nebraskense
GCF_002102255.1,NZ_LQPH01000128.1,83835,6727177,132,M.nebraskense
GCF_002102255.1,NZ_LQPH01000129.1,130688,6727177,132,M.nebraskense
GCF_002102255.1,NZ_LQPH01000130.1,5332,6727177,132,M.nebraskense
GCF_002102255.1,NZ_LQPH01000131.1,5185,6727177,132,M.nebraskense
GCF_002102255.1,NZ_LQPH01000132.1,71055,6727177,132,M.nebraskense
GCF_002102255.1,NZ_LQPH01000133.1,20863,6727177,132,M.nebraskense
GCF_002102255.1,NZ_LQPH01000134.1,31902,6727177,132,M.nebraskense
GCF_002102255.1,NZ_LQPH01000135.1,13648,6727177,132,M.nebraskense
GCF_002102255.1,NZ_LQPH01000136.1,29984,6727177,132,M.nebraskense
GCF_002102255.1,NZ_LQPH01000137.1,18968,6727177,132,M.nebraskense
GCF_002102255.1,NZ_LQPH01000138.1,146550,6727177,132,M.nebraskense
GCF_002102255.1,NZ_LQPH01000139.1,14662,6727177,132,M.nebraskense
GCF_002102255.1,NZ_LQPH01000140.1,9187,6727177,132,M.nebraskense
GCF_002102255.1,NZ_LQPH01000141.1,10410,6727177,132,M.nebraskense
GCF_002102255.1,NZ_LQPH01000142.1,57196,6727177,132,M.nebraskense
GCF_002102255.1,NZ_LQPH01000143.1,1936,6727177,132,M.nebraskense
GCF_002102255.1,NZ_LQPH01000144.1,124285,6727177,132,M.nebraskense
GCF_002102255.1,NZ_LQPH01000145.1,45865,6727177,132,M.nebraskense
GCF_002102255.1,NZ_LQPH01000146.1,1720,6727177,132,M.nebraskense
GCF_002102255.1,NZ_LQPH01000147.1,10348,6727177,132,M.nebraskense
GCF_002102255.1,NZ_LQPH01000148.1,148101,6727177,132,M.nebraskense
GCF_002102255.1,NZ_LQPH01000149.1,27090,6727177,132,M.nebraskense
GCF_002102255.1,NZ_LQPH01000150.1,119956,6727177,132,M.nebraskense
GCF_002102255.1,NZ_LQPH01000151.1,132012,6727177,132,M.nebraskense
GCF_002102255.1,NZ_LQPH01000152.1,31655,6727177,132,M.nebraskense
GCF_002102255.1,NZ_LQPH01000153.1,157275,6727177,132,M.nebraskense
GCF_002102255.1,NZ_LQPH01000154.1,21138,6727177,132,M.nebraskense
GCF_002102255.1,NZ_LQPH01000155.1,4844,6727177,132,M.nebraskense
GCF_002102255.1,NZ_LQPH01000156.1,81981,6727177,132,M.nebraskense
GCF_002102255.1,NZ_LQPH01000157.1,18982,6727177,132,M.nebraskense
GCF_002102255.1,NZ_LQPH01000158.1,165979,6727177,132,M.nebraskense
GCF_002102255.1,NZ_LQPH01000159.1,1279,6727177,132,M.nebraskense
GCF_002102255.1,NZ_LQPH01000160.1,33940,6727177,132,M.nebraskense
GCF_002102255.1,NZ_LQPH01000161.1,96218,6727177,132,M.nebraskense
GCF_002102255.1,NZ_LQPH01000162.1,1070,6727177,132,M.nebraskense
GCF_002102255.1,NZ_LQPH01000163.1,4884,6727177,132,M.nebraskense
GCF_002102255.1,NZ_LQPH01000164.1,176615,6727177,132,M.nebraskense
GCF_002102255.1,NZ_LQPH01000165.1,1384,6727177,132,M.nebraskense
GCF_002102255.1,NZ_LQPH01000166.1,26497,6727177,132,M.nebraskense
GCF_002102255.1,NZ_LQPH01000167.1,3279,6727177,132,M.nebraskense
GCF_002102255.1,NZ_LQPH01000168.1,6880,6727177,132,M.nebraskense
GCF_002102255.1,NZ_LQPH01000169.1,47075,6727177,132,M.nebraskense
GCF_002102255.1,NZ_LQPH01000170.1,1444,6727177,132,M.nebraskense
GCF_002102255.1,NZ_LQPH01000171.1,184773,6727177,132,M.nebraskense
GCF_002102255.1,NZ_LQPH01000172.1,48020,6727177,132,M.nebraskense
GCF_002102255.1,NZ_LQPH01000173.1,276045,6727177,132,M.nebraskense
GCF_002102255.1,NZ_LQPH01000174.1,88378,6727177,132,M.nebraskense
GCF_002102255.1,NZ_LQPH01000175.1,4021,6727177,132,M.nebraskense
GCF_002102255.1,NZ_LQPH01000176.1,1290,6727177,132,M.nebraskense
GCF_002102255.1,NZ_LQPH01000177.1,65858,6727177,132,M.nebraskense
GCF_002102255.1,NZ_LQPH01000178.1,14774,6727177,132,M.nebraskense
GCF_002102255.1,NZ_LQPH01000179.1,19283,6727177,132,M.nebraskense
GCF_002102255.1,NZ_LQPH01000180.1,66000,6727177,132,M.nebraskense
GCF_002102255.1,NZ_LQPH01000181.1,36476,6727177,132,M.nebraskense
GCF_002102255.1,NZ_LQPH01000182.1,2081,6727177,132,M.nebraskense
GCF_002102255.1,NZ_LQPH01000183.1,109477,6727177,132,M.nebraskense
GCF_002102255.1,NZ_LQPH01000184.1,4008,6727177,132,M.nebraskense
GCF_002102255.1,NZ_LQPH01000185.1,93350,6727177,132,M.nebraskense
GCF_002102255.1,NZ_LQPH01000186.1,1458,6727177,132,M.nebraskense
GCF_002102255.1,NZ_LQPH01000187.1,1359,6727177,132,M.nebraskense
GCF_002102255.1,NZ_LQPH01000188.1,95448,6727177,132,M.nebraskense
GCF_002102255.1,NZ_LQPH01000189.1,58791,6727177,132,M.nebraskense
GCF_002591975.1,NZ_NVQE01000001.1,399264,6209311,35,M.neglectum
GCF_002591975.1,NZ_NVQE01000002.1,270149,6209311,35,M.neglectum
GCF_002591975.1,NZ_NVQE01000003.1,269478,6209311,35,M.neglectum
GCF_002591975.1,NZ_NVQE01000004.1,252841,6209311,35,M.neglectum
GCF_002591975.1,NZ_NVQE01000005.1,198112,6209311,35,M.neglectum
GCF_002591975.1,NZ_NVQE01000006.1,184211,6209311,35,M.neglectum
GCF_002591975.1,NZ_NVQE01000007.1,176239,6209311,35,M.neglectum
GCF_002591975.1,NZ_NVQE01000008.1,167849,6209311,35,M.neglectum
GCF_002591975.1,NZ_NVQE01000009.1,167824,6209311,35,M.neglectum
GCF_002591975.1,NZ_NVQE01000010.1,154968,6209311,35,M.neglectum
GCF_002591975.1,NZ_NVQE01000011.1,148484,6209311,35,M.neglectum
GCF_002591975.1,NZ_NVQE01000012.1,147589,6209311,35,M.neglectum
GCF_002591975.1,NZ_NVQE01000013.1,145095,6209311,35,M.neglectum
GCF_002591975.1,NZ_NVQE01000014.1,128299,6209311,35,M.neglectum
GCF_002591975.1,NZ_NVQE01000015.1,126730,6209311,35,M.neglectum
GCF_002591975.1,NZ_NVQE01000016.1,120618,6209311,35,M.neglectum
GCF_002591975.1,NZ_NVQE01000017.1,116368,6209311,35,M.neglectum
GCF_002591975.1,NZ_NVQE01000018.1,114670,6209311,35,M.neglectum
GCF_002591975.1,NZ_NVQE01000019.1,105378,6209311,35,M.neglectum
GCF_002591975.1,NZ_NVQE01000020.1,96896,6209311,35,M.neglectum
GCF_002591975.1,NZ_NVQE01000021.1,96403,6209311,35,M.neglectum
GCF_002591975.1,NZ_NVQE01000022.1,95966,6209311,35,M.neglectum
GCF_002591975.1,NZ_NVQE01000023.1,93969,6209311,35,M.neglectum
GCF_002591975.1,NZ_NVQE01000024.1,87071,6209311,35,M.neglectum
GCF_002591975.1,NZ_NVQE01000025.1,84610,6209311,35,M.neglectum
GCF_002591975.1,NZ_NVQE01000026.1,83875,6209311,35,M.neglectum
GCF_002591975.1,NZ_NVQE01000027.1,77489,6209311,35,M.neglectum
GCF_002591975.1,NZ_NVQE01000028.1,76444,6209311,35,M.neglectum
GCF_002591975.1,NZ_NVQE01000029.1,74847,6209311,35,M.neglectum
GCF_002591975.1,NZ_NVQE01000030.1,70918,6209311,35,M.neglectum
GCF_002591975.1,NZ_NVQE01000031.1,69851,6209311,35,M.neglectum
GCF_002591975.1,NZ_NVQE01000032.1,69302,6209311,35,M.neglectum
GCF_002591975.1,NZ_NVQE01000033.1,68993,6209311,35,M.neglectum
GCF_002591975.1,NZ_NVQE01000034.1,63363,6209311,35,M.neglectum
GCF_002591975.1,NZ_NVQE01000035.1,62796,6209311,35,M.neglectum
GCF_002591975.1,NZ_NVQE01000036.1,61702,6209311,35,M.neglectum
GCF_002591975.1,NZ_NVQE01000037.1,55078,6209311,35,M.neglectum
GCF_002591975.1,NZ_NVQE01000038.1,55001,6209311,35,M.neglectum
GCF_002591975.1,NZ_NVQE01000039.1,52190,6209311,35,M.neglectum
GCF_002591975.1,NZ_NVQE01000040.1,51035,6209311,35,M.neglectum
GCF_002591975.1,NZ_NVQE01000041.1,49756,6209311,35,M.neglectum
GCF_002591975.1,NZ_NVQE01000042.1,49193,6209311,35,M.neglectum
GCF_002591975.1,NZ_NVQE01000043.1,49189,6209311,35,M.neglectum
GCF_002591975.1,NZ_NVQE01000044.1,47126,6209311,35,M.neglectum
GCF_002591975.1,NZ_NVQE01000045.1,46404,6209311,35,M.neglectum
GCF_002591975.1,NZ_NVQE01000046.1,45281,6209311,35,M.neglectum
GCF_002591975.1,NZ_NVQE01000047.1,45196,6209311,35,M.neglectum
GCF_002591975.1,NZ_NVQE01000048.1,45189,6209311,35,M.neglectum
GCF_002591975.1,NZ_NVQE01000049.1,42259,6209311,35,M.neglectum
GCF_002591975.1,NZ_NVQE01000050.1,41448,6209311,35,M.neglectum
GCF_002591975.1,NZ_NVQE01000051.1,41254,6209311,35,M.neglectum
GCF_002591975.1,NZ_NVQE01000052.1,37949,6209311,35,M.neglectum
GCF_002591975.1,NZ_NVQE01000053.1,36886,6209311,35,M.neglectum
GCF_002591975.1,NZ_NVQE01000054.1,34250,6209311,35,M.neglectum
GCF_002591975.1,NZ_NVQE01000055.1,34031,6209311,35,M.neglectum
GCF_002591975.1,NZ_NVQE01000056.1,30460,6209311,35,M.neglectum
GCF_002591975.1,NZ_NVQE01000057.1,29422,6209311,35,M.neglectum
GCF_002591975.1,NZ_NVQE01000058.1,28930,6209311,35,M.neglectum
GCF_002591975.1,NZ_NVQE01000059.1,26607,6209311,35,M.neglectum
GCF_002591975.1,NZ_NVQE01000060.1,24508,6209311,35,M.neglectum
GCF_002591975.1,NZ_NVQE01000061.1,24416,6209311,35,M.neglectum
GCF_002591975.1,NZ_NVQE01000062.1,22267,6209311,35,M.neglectum
GCF_002591975.1,NZ_NVQE01000063.1,21733,6209311,35,M.neglectum
GCF_002591975.1,NZ_NVQE01000064.1,21399,6209311,35,M.neglectum
GCF_002591975.1,NZ_NVQE01000065.1,20001,6209311,35,M.neglectum
GCF_002591975.1,NZ_NVQE01000066.1,19015,6209311,35,M.neglectum
GCF_002591975.1,NZ_NVQE01000067.1,18789,6209311,35,M.neglectum
GCF_002591975.1,NZ_NVQE01000068.1,18728,6209311,35,M.neglectum
GCF_002591975.1,NZ_NVQE01000069.1,17505,6209311,35,M.neglectum
GCF_002591975.1,NZ_NVQE01000070.1,17209,6209311,35,M.neglectum
GCF_002591975.1,NZ_NVQE01000071.1,16917,6209311,35,M.neglectum
GCF_002591975.1,NZ_NVQE01000072.1,15896,6209311,35,M.neglectum
GCF_002591975.1,NZ_NVQE01000073.1,15824,6209311,35,M.neglectum
GCF_002591975.1,NZ_NVQE01000074.1,15234,6209311,35,M.neglectum
GCF_002591975.1,NZ_NVQE01000075.1,14296,6209311,35,M.neglectum
GCF_002591975.1,NZ_NVQE01000076.1,12781,6209311,35,M.neglectum
GCF_002591975.1,NZ_NVQE01000077.1,12691,6209311,35,M.neglectum
GCF_002591975.1,NZ_NVQE01000078.1,12544,6209311,35,M.neglectum
GCF_002591975.1,NZ_NVQE01000079.1,12305,6209311,35,M.neglectum
GCF_002591975.1,NZ_NVQE01000080.1,11662,6209311,35,M.neglectum
GCF_002591975.1,NZ_NVQE01000081.1,11441,6209311,35,M.neglectum
GCF_002591975.1,NZ_NVQE01000082.1,10971,6209311,35,M.neglectum
GCF_002591975.1,NZ_NVQE01000083.1,10950,6209311,35,M.neglectum
GCF_002591975.1,NZ_NVQE01000084.1,10834,6209311,35,M.neglectum
GCF_002591975.1,NZ_NVQE01000085.1,9267,6209311,35,M.neglectum
GCF_002591975.1,NZ_NVQE01000086.1,8960,6209311,35,M.neglectum
GCF_002591975.1,NZ_NVQE01000087.1,8496,6209311,35,M.neglectum
GCF_002591975.1,NZ_NVQE01000088.1,6828,6209311,35,M.neglectum
GCF_002591975.1,NZ_NVQE01000089.1,6182,6209311,35,M.neglectum
GCF_002591975.1,NZ_NVQE01000090.1,5440,6209311,35,M.neglectum
GCF_002591975.1,NZ_NVQE01000091.1,5156,6209311,35,M.neglectum
GCF_002591975.1,NZ_NVQE01000092.1,3968,6209311,35,M.neglectum
GCF_002591975.1,NZ_NVQE01000093.1,2758,6209311,35,M.neglectum
GCF_002591975.1,NZ_NVQE01000094.1,2636,6209311,35,M.neglectum
GCF_002591975.1,NZ_NVQE01000095.1,2385,6209311,35,M.neglectum
GCF_002591975.1,NZ_NVQE01000096.1,2098,6209311,35,M.neglectum
GCF_002591975.1,NZ_NVQE01000097.1,1904,6209311,35,M.neglectum
GCF_002591975.1,NZ_NVQE01000098.1,1869,6209311,35,M.neglectum
GCF_002591975.1,NZ_NVQE01000099.1,1679,6209311,35,M.neglectum
GCF_002591975.1,NZ_NVQE01000100.1,1663,6209311,35,M.neglectum
GCF_002591975.1,NZ_NVQE01000101.1,1515,6209311,35,M.neglectum
GCF_002591975.1,NZ_NVQE01000102.1,1501,6209311,35,M.neglectum
GCF_002591975.1,NZ_NVQE01000103.1,1476,6209311,35,M.neglectum
GCF_002591975.1,NZ_NVQE01000104.1,1475,6209311,35,M.neglectum
GCF_002591975.1,NZ_NVQE01000105.1,1467,6209311,35,M.neglectum
GCF_002591975.1,NZ_NVQE01000106.1,1456,6209311,35,M.neglectum
GCF_002591975.1,NZ_NVQE01000107.1,1419,6209311,35,M.neglectum
GCF_002591975.1,NZ_NVQE01000108.1,1413,6209311,35,M.neglectum
GCF_002591975.1,NZ_NVQE01000109.1,1368,6209311,35,M.neglectum
GCF_002591975.1,NZ_NVQE01000110.1,1341,6209311,35,M.neglectum
GCF_002591975.1,NZ_NVQE01000111.1,1315,6209311,35,M.neglectum
GCF_002591975.1,NZ_NVQE01000112.1,1248,6209311,35,M.neglectum
GCF_002591975.1,NZ_NVQE01000113.1,1190,6209311,35,M.neglectum
GCF_002591975.1,NZ_NVQE01000114.1,1162,6209311,35,M.neglectum
GCF_002591975.1,NZ_NVQE01000115.1,887,6209311,35,M.neglectum
GCF_002591975.1,NZ_NVQE01000116.1,790,6209311,35,M.neglectum
GCF_002591975.1,NZ_NVQE01000117.1,506,6209311,35,M.neglectum
GCF_002591975.1,NZ_NVQE01000118.1,749,6209311,35,M.neglectum
GCF_002591975.1,NZ_NVQE01000119.1,748,6209311,35,M.neglectum
GCF_002591975.1,NZ_NVQE01000120.1,596,6209311,35,M.neglectum
GCF_002591975.1,NZ_NVQE01000121.1,593,6209311,35,M.neglectum
GCF_002591975.1,NZ_NVQE01000122.1,586,6209311,35,M.neglectum
GCF_002591975.1,NZ_NVQE01000123.1,510,6209311,35,M.neglectum
GCF_000317305.3,NC_023036.2,5421267,5421267,46,M.neoaurum
GCF_002245615.1,NZ_NKCO01000001.1,507384,5376391,161,M.neumannii
GCF_002245615.1,NZ_NKCO01000002.1,427600,5376391,161,M.neumannii
GCF_002245615.1,NZ_NKCO01000003.1,398736,5376391,161,M.neumannii
GCF_002245615.1,NZ_NKCO01000004.1,325398,5376391,161,M.neumannii
GCF_002245615.1,NZ_NKCO01000005.1,228971,5376391,161,M.neumannii
GCF_002245615.1,NZ_NKCO01000006.1,220191,5376391,161,M.neumannii
GCF_002245615.1,NZ_NKCO01000007.1,216038,5376391,161,M.neumannii
GCF_002245615.1,NZ_NKCO01000008.1,205436,5376391,161,M.neumannii
GCF_002245615.1,NZ_NKCO01000009.1,200051,5376391,161,M.neumannii
GCF_002245615.1,NZ_NKCO01000010.1,192717,5376391,161,M.neumannii
GCF_002245615.1,NZ_NKCO01000011.1,159082,5376391,161,M.neumannii
GCF_002245615.1,NZ_NKCO01000012.1,143556,5376391,161,M.neumannii
GCF_002245615.1,NZ_NKCO01000013.1,140594,5376391,161,M.neumannii
GCF_002245615.1,NZ_NKCO01000014.1,137681,5376391,161,M.neumannii
GCF_002245615.1,NZ_NKCO01000015.1,132760,5376391,161,M.neumannii
GCF_002245615.1,NZ_NKCO01000016.1,129283,5376391,161,M.neumannii
GCF_002245615.1,NZ_NKCO01000017.1,112412,5376391,161,M.neumannii
GCF_002245615.1,NZ_NKCO01000018.1,109587,5376391,161,M.neumannii
GCF_002245615.1,NZ_NKCO01000019.1,105113,5376391,161,M.neumannii
GCF_002245615.1,NZ_NKCO01000020.1,97169,5376391,161,M.neumannii
GCF_002245615.1,NZ_NKCO01000021.1,93277,5376391,161,M.neumannii
GCF_002245615.1,NZ_NKCO01000022.1,88949,5376391,161,M.neumannii
GCF_002245615.1,NZ_NKCO01000023.1,87534,5376391,161,M.neumannii
GCF_002245615.1,NZ_NKCO01000024.1,85286,5376391,161,M.neumannii
GCF_002245615.1,NZ_NKCO01000025.1,83874,5376391,161,M.neumannii
GCF_002245615.1,NZ_NKCO01000026.1,78998,5376391,161,M.neumannii
GCF_002245615.1,NZ_NKCO01000027.1,67771,5376391,161,M.neumannii
GCF_002245615.1,NZ_NKCO01000028.1,62210,5376391,161,M.neumannii
GCF_002245615.1,NZ_NKCO01000029.1,59624,5376391,161,M.neumannii
GCF_002245615.1,NZ_NKCO01000030.1,57798,5376391,161,M.neumannii
GCF_002245615.1,NZ_NKCO01000031.1,57361,5376391,161,M.neumannii
GCF_002245615.1,NZ_NKCO01000032.1,57227,5376391,161,M.neumannii
GCF_002245615.1,NZ_NKCO01000033.1,48957,5376391,161,M.neumannii
GCF_002245615.1,NZ_NKCO01000034.1,47577,5376391,161,M.neumannii
GCF_002245615.1,NZ_NKCO01000035.1,37898,5376391,161,M.neumannii
GCF_002245615.1,NZ_NKCO01000036.1,19815,5376391,161,M.neumannii
GCF_002245615.1,NZ_NKCO01000037.1,18916,5376391,161,M.neumannii
GCF_002245615.1,NZ_NKCO01000038.1,17600,5376391,161,M.neumannii
GCF_002245615.1,NZ_NKCO01000039.1,13737,5376391,161,M.neumannii
GCF_002245615.1,NZ_NKCO01000040.1,12935,5376391,161,M.neumannii
GCF_002245615.1,NZ_NKCO01000041.1,12821,5376391,161,M.neumannii
GCF_002245615.1,NZ_NKCO01000042.1,10347,5376391,161,M.neumannii
GCF_002245615.1,NZ_NKCO01000043.1,9825,5376391,161,M.neumannii
GCF_002245615.1,NZ_NKCO01000044.1,9190,5376391,161,M.neumannii
GCF_002245615.1,NZ_NKCO01000045.1,8448,5376391,161,M.neumannii
GCF_002245615.1,NZ_NKCO01000046.1,8258,5376391,161,M.neumannii
GCF_002245615.1,NZ_NKCO01000047.1,7158,5376391,161,M.neumannii
GCF_002245615.1,NZ_NKCO01000048.1,5423,5376391,161,M.neumannii
GCF_002245615.1,NZ_NKCO01000049.1,4894,5376391,161,M.neumannii
GCF_002245615.1,NZ_NKCO01000050.1,4172,5376391,161,M.neumannii
GCF_002245615.1,NZ_NKCO01000051.1,1808,5376391,161,M.neumannii
GCF_002245615.1,NZ_NKCO01000052.1,1427,5376391,161,M.neumannii
GCF_002245615.1,NZ_NKCO01000053.1,1290,5376391,161,M.neumannii
GCF_002245615.1,NZ_NKCO01000054.1,1080,5376391,161,M.neumannii
GCF_002245615.1,NZ_NKCO01000055.1,959,5376391,161,M.neumannii
GCF_002245615.1,NZ_NKCO01000056.1,668,5376391,161,M.neumannii
GCF_002245615.1,NZ_NKCO01000057.1,849,5376391,161,M.neumannii
GCF_002245615.1,NZ_NKCO01000058.1,671,5376391,161,M.neumannii
GCF_001245615.1,NZ_CWKH01000001.1,3252791,6287317,205,M.neworleansense
GCF_001245615.1,NZ_CWKH01000002.1,1825912,6287317,205,M.neworleansense
GCF_001245615.1,NZ_CWKH01000003.1,1202571,6287317,205,M.neworleansense
GCF_001245615.1,NZ_CWKH01000004.1,1168,6287317,205,M.neworleansense
GCF_001245615.1,NZ_CWKH01000005.1,1097,6287317,205,M.neworleansense
GCF_001245615.1,NZ_CWKH01000006.1,1020,6287317,205,M.neworleansense
GCF_001245615.1,NZ_CWKH01000007.1,945,6287317,205,M.neworleansense
GCF_001245615.1,NZ_CWKH01000008.1,923,6287317,205,M.neworleansense
GCF_001245615.1,NZ_CWKH01000009.1,890,6287317,205,M.neworleansense
GCF_003855255.1,NZ_CP034072.1,6905961,6905961,104,M.nivoides
GCF_002101775.1,NZ_LQPI01000001.1,40930,4465329,193,M.nonchromogenicus
GCF_002101775.1,NZ_LQPI01000002.1,1481,4465329,193,M.nonchromogenicus
GCF_002101775.1,NZ_LQPI01000003.1,1628,4465329,193,M.nonchromogenicus
GCF_002101775.1,NZ_LQPI01000004.1,5832,4465329,193,M.nonchromogenicus
GCF_002101775.1,NZ_LQPI01000005.1,1983,4465329,193,M.nonchromogenicus
GCF_002101775.1,NZ_LQPI01000006.1,1136,4465329,193,M.nonchromogenicus
GCF_002101775.1,NZ_LQPI01000007.1,2549,4465329,193,M.nonchromogenicus
GCF_002101775.1,NZ_LQPI01000008.1,3465,4465329,193,M.nonchromogenicus
GCF_002101775.1,NZ_LQPI01000009.1,4750,4465329,193,M.nonchromogenicus
GCF_002101775.1,NZ_LQPI01000010.1,10291,4465329,193,M.nonchromogenicus
GCF_002101775.1,NZ_LQPI01000011.1,10643,4465329,193,M.nonchromogenicus
GCF_002101775.1,NZ_LQPI01000012.1,1080,4465329,193,M.nonchromogenicus
GCF_002101775.1,NZ_LQPI01000013.1,2159,4465329,193,M.nonchromogenicus
GCF_002101775.1,NZ_LQPI01000014.1,12576,4465329,193,M.nonchromogenicus
GCF_002101775.1,NZ_LQPI01000015.1,13789,4465329,193,M.nonchromogenicus
GCF_002101775.1,NZ_LQPI01000016.1,14545,4465329,193,M.nonchromogenicus
GCF_002101775.1,NZ_LQPI01000017.1,5039,4465329,193,M.nonchromogenicus
GCF_002101775.1,NZ_LQPI01000018.1,84881,4465329,193,M.nonchromogenicus
GCF_002101775.1,NZ_LQPI01000019.1,69105,4465329,193,M.nonchromogenicus
GCF_002101775.1,NZ_LQPI01000020.1,85369,4465329,193,M.nonchromogenicus
GCF_002101775.1,NZ_LQPI01000021.1,61279,4465329,193,M.nonchromogenicus
GCF_002101775.1,NZ_LQPI01000022.1,99138,4465329,193,M.nonchromogenicus
GCF_002101775.1,NZ_LQPI01000023.1,213531,4465329,193,M.nonchromogenicus
GCF_002101775.1,NZ_LQPI01000024.1,25752,4465329,193,M.nonchromogenicus
GCF_002101775.1,NZ_LQPI01000025.1,1542,4465329,193,M.nonchromogenicus
GCF_002101775.1,NZ_LQPI01000026.1,82285,4465329,193,M.nonchromogenicus
GCF_002101775.1,NZ_LQPI01000027.1,38324,4465329,193,M.nonchromogenicus
GCF_002101775.1,NZ_LQPI01000028.1,138127,4465329,193,M.nonchromogenicus
GCF_002101775.1,NZ_LQPI01000029.1,8167,4465329,193,M.nonchromogenicus
GCF_002101775.1,NZ_LQPI01000030.1,74008,4465329,193,M.nonchromogenicus
GCF_002101775.1,NZ_LQPI01000031.1,66776,4465329,193,M.nonchromogenicus
GCF_002101775.1,NZ_LQPI01000032.1,174268,4465329,193,M.nonchromogenicus
GCF_002101775.1,NZ_LQPI01000033.1,207690,4465329,193,M.nonchromogenicus
GCF_002101775.1,NZ_LQPI01000034.1,1143,4465329,193,M.nonchromogenicus
GCF_002101775.1,NZ_LQPI01000035.1,37862,4465329,193,M.nonchromogenicus
GCF_002101775.1,NZ_LQPI01000036.1,97219,4465329,193,M.nonchromogenicus
GCF_002101775.1,NZ_LQPI01000037.1,1372,4465329,193,M.nonchromogenicus
GCF_002101775.1,NZ_LQPI01000038.1,49000,4465329,193,M.nonchromogenicus
GCF_002101775.1,NZ_LQPI01000039.1,241653,4465329,193,M.nonchromogenicus
GCF_002101775.1,NZ_LQPI01000040.1,225177,4465329,193,M.nonchromogenicus
GCF_002101775.1,NZ_LQPI01000041.1,1287,4465329,193,M.nonchromogenicus
GCF_002101775.1,NZ_LQPI01000042.1,225607,4465329,193,M.nonchromogenicus
GCF_002101775.1,NZ_LQPI01000043.1,4142,4465329,193,M.nonchromogenicus
GCF_002101775.1,NZ_LQPI01000044.1,67000,4465329,193,M.nonchromogenicus
GCF_002101775.1,NZ_LQPI01000045.1,1122,4465329,193,M.nonchromogenicus
GCF_002101775.1,NZ_LQPI01000046.1,156507,4465329,193,M.nonchromogenicus
GCF_002101775.1,NZ_LQPI01000047.1,50258,4465329,193,M.nonchromogenicus
GCF_002101775.1,NZ_LQPI01000048.1,209803,4465329,193,M.nonchromogenicus
GCF_002101775.1,NZ_LQPI01000049.1,64728,4465329,193,M.nonchromogenicus
GCF_002101775.1,NZ_LQPI01000050.1,66303,4465329,193,M.nonchromogenicus
GCF_002101775.1,NZ_LQPI01000051.1,21767,4465329,193,M.nonchromogenicus
GCF_002101775.1,NZ_LQPI01000052.1,2601,4465329,193,M.nonchromogenicus
GCF_002101775.1,NZ_LQPI01000053.1,148488,4465329,193,M.nonchromogenicus
GCF_002101775.1,NZ_LQPI01000054.1,45344,4465329,193,M.nonchromogenicus
GCF_002101775.1,NZ_LQPI01000055.1,21800,4465329,193,M.nonchromogenicus
GCF_002101775.1,NZ_LQPI01000056.1,2448,4465329,193,M.nonchromogenicus
GCF_002101775.1,NZ_LQPI01000057.1,42906,4465329,193,M.nonchromogenicus
GCF_002101775.1,NZ_LQPI01000058.1,16368,4465329,193,M.nonchromogenicus
GCF_002101775.1,NZ_LQPI01000059.1,38463,4465329,193,M.nonchromogenicus
GCF_002101775.1,NZ_LQPI01000060.1,168149,4465329,193,M.nonchromogenicus
GCF_002101775.1,NZ_LQPI01000061.1,4483,4465329,193,M.nonchromogenicus
GCF_002101775.1,NZ_LQPI01000062.1,22330,4465329,193,M.nonchromogenicus
GCF_002101775.1,NZ_LQPI01000063.1,68574,4465329,193,M.nonchromogenicus
GCF_002101775.1,NZ_LQPI01000064.1,22395,4465329,193,M.nonchromogenicus
GCF_002101775.1,NZ_LQPI01000065.1,7913,4465329,193,M.nonchromogenicus
GCF_002101775.1,NZ_LQPI01000066.1,20217,4465329,193,M.nonchromogenicus
GCF_002101775.1,NZ_LQPI01000067.1,1371,4465329,193,M.nonchromogenicus
GCF_002101775.1,NZ_LQPI01000068.1,19743,4465329,193,M.nonchromogenicus
GCF_002101775.1,NZ_LQPI01000069.1,19073,4465329,193,M.nonchromogenicus
GCF_002101775.1,NZ_LQPI01000070.1,31801,4465329,193,M.nonchromogenicus
GCF_002101775.1,NZ_LQPI01000071.1,9976,4465329,193,M.nonchromogenicus
GCF_002101775.1,NZ_LQPI01000072.1,184905,4465329,193,M.nonchromogenicus
GCF_002101775.1,NZ_LQPI01000073.1,58877,4465329,193,M.nonchromogenicus
GCF_002101775.1,NZ_LQPI01000074.1,23579,4465329,193,M.nonchromogenicus
GCF_002101775.1,NZ_LQPI01000075.1,34820,4465329,193,M.nonchromogenicus
GCF_002101775.1,NZ_LQPI01000076.1,37221,4465329,193,M.nonchromogenicus
GCF_002101775.1,NZ_LQPI01000077.1,1170,4465329,193,M.nonchromogenicus
GCF_002101775.1,NZ_LQPI01000078.1,1427,4465329,193,M.nonchromogenicus
GCF_002101775.1,NZ_LQPI01000079.1,2545,4465329,193,M.nonchromogenicus
GCF_002101775.1,NZ_LQPI01000080.1,39799,4465329,193,M.nonchromogenicus
GCF_002101775.1,NZ_LQPI01000081.1,5385,4465329,193,M.nonchromogenicus
GCF_002101775.1,NZ_LQPI01000082.1,17624,4465329,193,M.nonchromogenicus
GCF_002101775.1,NZ_LQPI01000083.1,1499,4465329,193,M.nonchromogenicus
GCF_002101775.1,NZ_LQPI01000084.1,5007,4465329,193,M.nonchromogenicus
GCF_002101775.1,NZ_LQPI01000085.1,56907,4465329,193,M.nonchromogenicus
GCF_002101775.1,NZ_LQPI01000086.1,5363,4465329,193,M.nonchromogenicus
GCF_002101775.1,NZ_LQPI01000087.1,38762,4465329,193,M.nonchromogenicus
GCF_002101775.1,NZ_LQPI01000088.1,25470,4465329,193,M.nonchromogenicus
GCF_002101775.1,NZ_LQPI01000089.1,23355,4465329,193,M.nonchromogenicus
GCF_002101775.1,NZ_LQPI01000090.1,90099,4465329,193,M.nonchromogenicus
GCF_002101775.1,NZ_LQPI01000091.1,11004,4465329,193,M.nonchromogenicus
GCF_010731635.1,NZ_AP022583.1,4779798,4779798,40,M.noviomagense
GCF_001499835.1,NZ_LQIH01000001.1,582102,5702270,31,M.novocastrense
GCF_001499835.1,NZ_LQIH01000002.1,188216,5702270,31,M.novocastrense
GCF_001499835.1,NZ_LQIH01000003.1,182998,5702270,31,M.novocastrense
GCF_001499835.1,NZ_LQIH01000004.1,178565,5702270,31,M.novocastrense
GCF_001499835.1,NZ_LQIH01000005.1,166693,5702270,31,M.novocastrense
GCF_001499835.1,NZ_LQIH01000006.1,163618,5702270,31,M.novocastrense
GCF_001499835.1,NZ_LQIH01000007.1,162444,5702270,31,M.novocastrense
GCF_001499835.1,NZ_LQIH01000008.1,147727,5702270,31,M.novocastrense
GCF_001499835.1,NZ_LQIH01000009.1,134626,5702270,31,M.novocastrense
GCF_001499835.1,NZ_LQIH01000010.1,126986,5702270,31,M.novocastrense
GCF_001499835.1,NZ_LQIH01000011.1,126056,5702270,31,M.novocastrense
GCF_001499835.1,NZ_LQIH01000012.1,404378,5702270,31,M.novocastrense
GCF_001499835.1,NZ_LQIH01000013.1,117804,5702270,31,M.novocastrense
GCF_001499835.1,NZ_LQIH01000014.1,104582,5702270,31,M.novocastrense
GCF_001499835.1,NZ_LQIH01000015.1,100306,5702270,31,M.novocastrense
GCF_001499835.1,NZ_LQIH01000016.1,99183,5702270,31,M.novocastrense
GCF_001499835.1,NZ_LQIH01000017.1,85428,5702270,31,M.novocastrense
GCF_001499835.1,NZ_LQIH01000018.1,85401,5702270,31,M.novocastrense
GCF_001499835.1,NZ_LQIH01000019.1,85083,5702270,31,M.novocastrense
GCF_001499835.1,NZ_LQIH01000020.1,71413,5702270,31,M.novocastrense
GCF_001499835.1,NZ_LQIH01000021.1,67197,5702270,31,M.novocastrense
GCF_001499835.1,NZ_LQIH01000022.1,60435,5702270,31,M.novocastrense
GCF_001499835.1,NZ_LQIH01000023.1,307946,5702270,31,M.novocastrense
GCF_001499835.1,NZ_LQIH01000024.1,59007,5702270,31,M.novocastrense
GCF_001499835.1,NZ_LQIH01000025.1,49431,5702270,31,M.novocastrense
GCF_001499835.1,NZ_LQIH01000026.1,45088,5702270,31,M.novocastrense
GCF_001499835.1,NZ_LQIH01000027.1,44317,5702270,31,M.novocastrense
GCF_001499835.1,NZ_LQIH01000028.1,39716,5702270,31,M.novocastrense
GCF_001499835.1,NZ_LQIH01000029.1,39517,5702270,31,M.novocastrense
GCF_001499835.1,NZ_LQIH01000030.1,38127,5702270,31,M.novocastrense
GCF_001499835.1,NZ_LQIH01000031.1,32236,5702270,31,M.novocastrense
GCF_001499835.1,NZ_LQIH01000032.1,29715,5702270,31,M.novocastrense
GCF_001499835.1,NZ_LQIH01000033.1,28866,5702270,31,M.novocastrense
GCF_001499835.1,NZ_LQIH01000034.1,264320,5702270,31,M.novocastrense
GCF_001499835.1,NZ_LQIH01000035.1,27445,5702270,31,M.novocastrense
GCF_001499835.1,NZ_LQIH01000036.1,21593,5702270,31,M.novocastrense
GCF_001499835.1,NZ_LQIH01000037.1,20693,5702270,31,M.novocastrense
GCF_001499835.1,NZ_LQIH01000038.1,18151,5702270,31,M.novocastrense
GCF_001499835.1,NZ_LQIH01000039.1,16720,5702270,31,M.novocastrense
GCF_001499835.1,NZ_LQIH01000040.1,14851,5702270,31,M.novocastrense
GCF_001499835.1,NZ_LQIH01000041.1,14588,5702270,31,M.novocastrense
GCF_001499835.1,NZ_LQIH01000042.1,8488,5702270,31,M.novocastrense
GCF_001499835.1,NZ_LQIH01000043.1,7458,5702270,31,M.novocastrense
GCF_001499835.1,NZ_LQIH01000044.1,6212,5702270,31,M.novocastrense
GCF_001499835.1,NZ_LQIH01000045.1,253133,5702270,31,M.novocastrense
GCF_001499835.1,NZ_LQIH01000046.1,5385,5702270,31,M.novocastrense
GCF_001499835.1,NZ_LQIH01000047.1,5013,5702270,31,M.novocastrense
GCF_001499835.1,NZ_LQIH01000048.1,4361,5702270,31,M.novocastrense
GCF_001499835.1,NZ_LQIH01000049.1,4202,5702270,31,M.novocastrense
GCF_001499835.1,NZ_LQIH01000050.1,3379,5702270,31,M.novocastrense
GCF_001499835.1,NZ_LQIH01000051.1,3007,5702270,31,M.novocastrense
GCF_001499835.1,NZ_LQIH01000052.1,2613,5702270,31,M.novocastrense
GCF_001499835.1,NZ_LQIH01000053.1,2467,5702270,31,M.novocastrense
GCF_001499835.1,NZ_LQIH01000054.1,1672,5702270,31,M.novocastrense
GCF_001499835.1,NZ_LQIH01000055.1,1611,5702270,31,M.novocastrense
GCF_001499835.1,NZ_LQIH01000056.1,238590,5702270,31,M.novocastrense
GCF_001499835.1,NZ_LQIH01000057.1,1521,5702270,31,M.novocastrense
GCF_001499835.1,NZ_LQIH01000058.1,1430,5702270,31,M.novocastrense
GCF_001499835.1,NZ_LQIH01000059.1,1347,5702270,31,M.novocastrense
GCF_001499835.1,NZ_LQIH01000060.1,837,5702270,31,M.novocastrense
GCF_001499835.1,NZ_LQIH01000061.1,844,5702270,31,M.novocastrense
GCF_001499835.1,NZ_LQIH01000062.1,591,5702270,31,M.novocastrense
GCF_001499835.1,NZ_LQIH01000063.1,591,5702270,31,M.novocastrense
GCF_001499835.1,NZ_LQIH01000064.1,212622,5702270,31,M.novocastrense
GCF_001499835.1,NZ_LQIH01000065.1,192538,5702270,31,M.novocastrense
GCF_001499835.1,NZ_LQIH01000066.1,188790,5702270,31,M.novocastrense
GCF_010726505.1,NZ_AP022562.1,4458926,4458926,4,M.novum
GCF_900157365.1,NZ_FUEZ01000001.1,1656,6248949,218,M.numidiamassiliense
GCF_900157365.1,NZ_FUEZ01000002.1,2102,6248949,218,M.numidiamassiliense
GCF_900157365.1,NZ_FUEZ01000003.1,1794182,6248949,218,M.numidiamassiliense
GCF_900157365.1,NZ_FUEZ01000004.1,4451009,6248949,218,M.numidiamassiliense
GCF_004359005.1,NZ_SDLP01000001.1,1261059,5599206,177,M.obuense
GCF_004359005.1,NZ_SDLP01000002.1,1219307,5599206,177,M.obuense
GCF_004359005.1,NZ_SDLP01000003.1,624616,5599206,177,M.obuense
GCF_004359005.1,NZ_SDLP01000004.1,467358,5599206,177,M.obuense
GCF_004359005.1,NZ_SDLP01000005.1,429201,5599206,177,M.obuense
GCF_004359005.1,NZ_SDLP01000006.1,391222,5599206,177,M.obuense
GCF_004359005.1,NZ_SDLP01000007.1,258657,5599206,177,M.obuense
GCF_004359005.1,NZ_SDLP01000008.1,230265,5599206,177,M.obuense
GCF_004359005.1,NZ_SDLP01000009.1,198162,5599206,177,M.obuense
GCF_004359005.1,NZ_SDLP01000010.1,131028,5599206,177,M.obuense
GCF_004359005.1,NZ_SDLP01000011.1,127104,5599206,177,M.obuense
GCF_004359005.1,NZ_SDLP01000012.1,105840,5599206,177,M.obuense
GCF_004359005.1,NZ_SDLP01000013.1,73841,5599206,177,M.obuense
GCF_004359005.1,NZ_SDLP01000014.1,36658,5599206,177,M.obuense
GCF_004359005.1,NZ_SDLP01000015.1,27239,5599206,177,M.obuense
GCF_004359005.1,NZ_SDLP01000016.1,17649,5599206,177,M.obuense
GCF_021183725.1,NZ_CP089224.1,6127734,6127734,108,M.ostraviense
GCF_002592005.1,NZ_NVQF01000001.1,200069,6230283,86,M.palauense
GCF_002592005.1,NZ_NVQF01000002.1,174869,6230283,86,M.palauense
GCF_002592005.1,NZ_NVQF01000003.1,149618,6230283,86,M.palauense
GCF_002592005.1,NZ_NVQF01000004.1,144003,6230283,86,M.palauense
GCF_002592005.1,NZ_NVQF01000005.1,115745,6230283,86,M.palauense
GCF_002592005.1,NZ_NVQF01000006.1,112093,6230283,86,M.palauense
GCF_002592005.1,NZ_NVQF01000007.1,111172,6230283,86,M.palauense
GCF_002592005.1,NZ_NVQF01000008.1,110512,6230283,86,M.palauense
GCF_002592005.1,NZ_NVQF01000009.1,106100,6230283,86,M.palauense
GCF_002592005.1,NZ_NVQF01000010.1,101952,6230283,86,M.palauense
GCF_002592005.1,NZ_NVQF01000011.1,101176,6230283,86,M.palauense
GCF_002592005.1,NZ_NVQF01000012.1,95719,6230283,86,M.palauense
GCF_002592005.1,NZ_NVQF01000013.1,94437,6230283,86,M.palauense
GCF_002592005.1,NZ_NVQF01000014.1,90976,6230283,86,M.palauense
GCF_002592005.1,NZ_NVQF01000015.1,89959,6230283,86,M.palauense
GCF_002592005.1,NZ_NVQF01000016.1,89934,6230283,86,M.palauense
GCF_002592005.1,NZ_NVQF01000017.1,87777,6230283,86,M.palauense
GCF_002592005.1,NZ_NVQF01000018.1,83903,6230283,86,M.palauense
GCF_002592005.1,NZ_NVQF01000019.1,79051,6230283,86,M.palauense
GCF_002592005.1,NZ_NVQF01000020.1,78650,6230283,86,M.palauense
GCF_002592005.1,NZ_NVQF01000021.1,77699,6230283,86,M.palauense
GCF_002592005.1,NZ_NVQF01000022.1,76819,6230283,86,M.palauense
GCF_002592005.1,NZ_NVQF01000023.1,74698,6230283,86,M.palauense
GCF_002592005.1,NZ_NVQF01000024.1,74436,6230283,86,M.palauense
GCF_002592005.1,NZ_NVQF01000025.1,74087,6230283,86,M.palauense
GCF_002592005.1,NZ_NVQF01000026.1,69284,6230283,86,M.palauense
GCF_002592005.1,NZ_NVQF01000027.1,69003,6230283,86,M.palauense
GCF_002592005.1,NZ_NVQF01000028.1,67110,6230283,86,M.palauense
GCF_002592005.1,NZ_NVQF01000029.1,65863,6230283,86,M.palauense
GCF_002592005.1,NZ_NVQF01000030.1,64163,6230283,86,M.palauense
GCF_002592005.1,NZ_NVQF01000031.1,63636,6230283,86,M.palauense
GCF_002592005.1,NZ_NVQF01000032.1,63477,6230283,86,M.palauense
GCF_002592005.1,NZ_NVQF01000033.1,61684,6230283,86,M.palauense
GCF_002592005.1,NZ_NVQF01000034.1,59734,6230283,86,M.palauense
GCF_002592005.1,NZ_NVQF01000035.1,59594,6230283,86,M.palauense
GCF_002592005.1,NZ_NVQF01000036.1,58075,6230283,86,M.palauense
GCF_002592005.1,NZ_NVQF01000037.1,56597,6230283,86,M.palauense
GCF_002592005.1,NZ_NVQF01000038.1,55252,6230283,86,M.palauense
GCF_002592005.1,NZ_NVQF01000039.1,54774,6230283,86,M.palauense
GCF_002592005.1,NZ_NVQF01000040.1,49131,6230283,86,M.palauense
GCF_002592005.1,NZ_NVQF01000041.1,49130,6230283,86,M.palauense
GCF_002592005.1,NZ_NVQF01000042.1,47226,6230283,86,M.palauense
GCF_002592005.1,NZ_NVQF01000043.1,45919,6230283,86,M.palauense
GCF_002592005.1,NZ_NVQF01000044.1,45540,6230283,86,M.palauense
GCF_002592005.1,NZ_NVQF01000045.1,45110,6230283,86,M.palauense
GCF_002592005.1,NZ_NVQF01000046.1,44868,6230283,86,M.palauense
GCF_002592005.1,NZ_NVQF01000047.1,44863,6230283,86,M.palauense
GCF_002592005.1,NZ_NVQF01000048.1,44478,6230283,86,M.palauense
GCF_002592005.1,NZ_NVQF01000049.1,43868,6230283,86,M.palauense
GCF_002592005.1,NZ_NVQF01000050.1,43249,6230283,86,M.palauense
GCF_002592005.1,NZ_NVQF01000051.1,42952,6230283,86,M.palauense
GCF_002592005.1,NZ_NVQF01000052.1,42934,6230283,86,M.palauense
GCF_002592005.1,NZ_NVQF01000053.1,42675,6230283,86,M.palauense
GCF_002592005.1,NZ_NVQF01000054.1,41812,6230283,86,M.palauense
GCF_002592005.1,NZ_NVQF01000055.1,41720,6230283,86,M.palauense
GCF_002592005.1,NZ_NVQF01000056.1,40708,6230283,86,M.palauense
GCF_002592005.1,NZ_NVQF01000057.1,40592,6230283,86,M.palauense
GCF_002592005.1,NZ_NVQF01000058.1,40351,6230283,86,M.palauense
GCF_002592005.1,NZ_NVQF01000059.1,38660,6230283,86,M.palauense
GCF_002592005.1,NZ_NVQF01000060.1,37964,6230283,86,M.palauense
GCF_002592005.1,NZ_NVQF01000061.1,37567,6230283,86,M.palauense
GCF_002592005.1,NZ_NVQF01000062.1,37484,6230283,86,M.palauense
GCF_002592005.1,NZ_NVQF01000063.1,37266,6230283,86,M.palauense
GCF_002592005.1,NZ_NVQF01000064.1,35513,6230283,86,M.palauense
GCF_002592005.1,NZ_NVQF01000065.1,35470,6230283,86,M.palauense
GCF_002592005.1,NZ_NVQF01000066.1,34886,6230283,86,M.palauense
GCF_002592005.1,NZ_NVQF01000067.1,34534,6230283,86,M.palauense
GCF_002592005.1,NZ_NVQF01000068.1,33137,6230283,86,M.palauense
GCF_002592005.1,NZ_NVQF01000069.1,32776,6230283,86,M.palauense
GCF_002592005.1,NZ_NVQF01000070.1,32621,6230283,86,M.palauense
GCF_002592005.1,NZ_NVQF01000071.1,31827,6230283,86,M.palauense
GCF_002592005.1,NZ_NVQF01000072.1,30638,6230283,86,M.palauense
GCF_002592005.1,NZ_NVQF01000073.1,30554,6230283,86,M.palauense
GCF_002592005.1,NZ_NVQF01000074.1,30292,6230283,86,M.palauense
GCF_002592005.1,NZ_NVQF01000075.1,29027,6230283,86,M.palauense
GCF_002592005.1,NZ_NVQF01000076.1,28411,6230283,86,M.palauense
GCF_002592005.1,NZ_NVQF01000077.1,27441,6230283,86,M.palauense
GCF_002592005.1,NZ_NVQF01000078.1,26599,6230283,86,M.palauense
GCF_002592005.1,NZ_NVQF01000079.1,26593,6230283,86,M.palauense
GCF_002592005.1,NZ_NVQF01000080.1,26160,6230283,86,M.palauense
GCF_002592005.1,NZ_NVQF01000081.1,25888,6230283,86,M.palauense
GCF_002592005.1,NZ_NVQF01000082.1,25705,6230283,86,M.palauense
GCF_002592005.1,NZ_NVQF01000083.1,25615,6230283,86,M.palauense
GCF_002592005.1,NZ_NVQF01000084.1,25160,6230283,86,M.palauense
GCF_002592005.1,NZ_NVQF01000085.1,24706,6230283,86,M.palauense
GCF_002592005.1,NZ_NVQF01000086.1,24687,6230283,86,M.palauense
GCF_002592005.1,NZ_NVQF01000087.1,23401,6230283,86,M.palauense
GCF_002592005.1,NZ_NVQF01000088.1,22792,6230283,86,M.palauense
GCF_002592005.1,NZ_NVQF01000089.1,22475,6230283,86,M.palauense
GCF_002592005.1,NZ_NVQF01000090.1,22443,6230283,86,M.palauense
GCF_002592005.1,NZ_NVQF01000091.1,22042,6230283,86,M.palauense
GCF_002592005.1,NZ_NVQF01000092.1,21425,6230283,86,M.palauense
GCF_002592005.1,NZ_NVQF01000093.1,21279,6230283,86,M.palauense
GCF_002592005.1,NZ_NVQF01000094.1,21140,6230283,86,M.palauense
GCF_002592005.1,NZ_NVQF01000095.1,19795,6230283,86,M.palauense
GCF_002592005.1,NZ_NVQF01000096.1,19587,6230283,86,M.palauense
GCF_002592005.1,NZ_NVQF01000097.1,19040,6230283,86,M.palauense
GCF_002592005.1,NZ_NVQF01000098.1,18593,6230283,86,M.palauense
GCF_002592005.1,NZ_NVQF01000099.1,18360,6230283,86,M.palauense
GCF_002592005.1,NZ_NVQF01000100.1,18359,6230283,86,M.palauense
GCF_002592005.1,NZ_NVQF01000101.1,18340,6230283,86,M.palauense
GCF_002592005.1,NZ_NVQF01000102.1,17676,6230283,86,M.palauense
GCF_002592005.1,NZ_NVQF01000103.1,16871,6230283,86,M.palauense
GCF_002592005.1,NZ_NVQF01000104.1,16820,6230283,86,M.palauense
GCF_002592005.1,NZ_NVQF01000105.1,16519,6230283,86,M.palauense
GCF_002592005.1,NZ_NVQF01000106.1,15925,6230283,86,M.palauense
GCF_002592005.1,NZ_NVQF01000107.1,15686,6230283,86,M.palauense
GCF_002592005.1,NZ_NVQF01000108.1,15382,6230283,86,M.palauense
GCF_002592005.1,NZ_NVQF01000109.1,15334,6230283,86,M.palauense
GCF_002592005.1,NZ_NVQF01000110.1,14415,6230283,86,M.palauense
GCF_002592005.1,NZ_NVQF01000111.1,14343,6230283,86,M.palauense
GCF_002592005.1,NZ_NVQF01000112.1,14236,6230283,86,M.palauense
GCF_002592005.1,NZ_NVQF01000113.1,14102,6230283,86,M.palauense
GCF_002592005.1,NZ_NVQF01000114.1,14085,6230283,86,M.palauense
GCF_002592005.1,NZ_NVQF01000115.1,14078,6230283,86,M.palauense
GCF_002592005.1,NZ_NVQF01000116.1,13901,6230283,86,M.palauense
GCF_002592005.1,NZ_NVQF01000117.1,13814,6230283,86,M.palauense
GCF_002592005.1,NZ_NVQF01000118.1,13692,6230283,86,M.palauense
GCF_002592005.1,NZ_NVQF01000119.1,13534,6230283,86,M.palauense
GCF_002592005.1,NZ_NVQF01000120.1,13191,6230283,86,M.palauense
GCF_002592005.1,NZ_NVQF01000121.1,13190,6230283,86,M.palauense
GCF_002592005.1,NZ_NVQF01000122.1,13133,6230283,86,M.palauense
GCF_002592005.1,NZ_NVQF01000123.1,12990,6230283,86,M.palauense
GCF_002592005.1,NZ_NVQF01000124.1,12808,6230283,86,M.palauense
GCF_002592005.1,NZ_NVQF01000125.1,12090,6230283,86,M.palauense
GCF_002592005.1,NZ_NVQF01000126.1,11578,6230283,86,M.palauense
GCF_002592005.1,NZ_NVQF01000127.1,11065,6230283,86,M.palauense
GCF_002592005.1,NZ_NVQF01000128.1,10909,6230283,86,M.palauense
GCF_002592005.1,NZ_NVQF01000129.1,10692,6230283,86,M.palauense
GCF_002592005.1,NZ_NVQF01000130.1,10679,6230283,86,M.palauense
GCF_002592005.1,NZ_NVQF01000131.1,10277,6230283,86,M.palauense
GCF_002592005.1,NZ_NVQF01000132.1,10000,6230283,86,M.palauense
GCF_002592005.1,NZ_NVQF01000133.1,9727,6230283,86,M.palauense
GCF_002592005.1,NZ_NVQF01000134.1,9672,6230283,86,M.palauense
GCF_002592005.1,NZ_NVQF01000135.1,9343,6230283,86,M.palauense
GCF_002592005.1,NZ_NVQF01000136.1,8962,6230283,86,M.palauense
GCF_002592005.1,NZ_NVQF01000137.1,8908,6230283,86,M.palauense
GCF_002592005.1,NZ_NVQF01000138.1,8938,6230283,86,M.palauense
GCF_002592005.1,NZ_NVQF01000139.1,8937,6230283,86,M.palauense
GCF_002592005.1,NZ_NVQF01000140.1,8812,6230283,86,M.palauense
GCF_002592005.1,NZ_NVQF01000141.1,8750,6230283,86,M.palauense
GCF_002592005.1,NZ_NVQF01000142.1,8755,6230283,86,M.palauense
GCF_002592005.1,NZ_NVQF01000143.1,8394,6230283,86,M.palauense
GCF_002592005.1,NZ_NVQF01000144.1,8326,6230283,86,M.palauense
GCF_002592005.1,NZ_NVQF01000145.1,7916,6230283,86,M.palauense
GCF_002592005.1,NZ_NVQF01000146.1,7829,6230283,86,M.palauense
GCF_002592005.1,NZ_NVQF01000147.1,7761,6230283,86,M.palauense
GCF_002592005.1,NZ_NVQF01000148.1,6962,6230283,86,M.palauense
GCF_002592005.1,NZ_NVQF01000149.1,6953,6230283,86,M.palauense
GCF_002592005.1,NZ_NVQF01000150.1,6832,6230283,86,M.palauense
GCF_002592005.1,NZ_NVQF01000151.1,6692,6230283,86,M.palauense
GCF_002592005.1,NZ_NVQF01000152.1,6074,6230283,86,M.palauense
GCF_002592005.1,NZ_NVQF01000153.1,6006,6230283,86,M.palauense
GCF_002592005.1,NZ_NVQF01000154.1,5975,6230283,86,M.palauense
GCF_002592005.1,NZ_NVQF01000155.1,5953,6230283,86,M.palauense
GCF_002592005.1,NZ_NVQF01000156.1,5669,6230283,86,M.palauense
GCF_002592005.1,NZ_NVQF01000157.1,5629,6230283,86,M.palauense
GCF_002592005.1,NZ_NVQF01000158.1,5605,6230283,86,M.palauense
GCF_002592005.1,NZ_NVQF01000159.1,5517,6230283,86,M.palauense
GCF_002592005.1,NZ_NVQF01000160.1,5372,6230283,86,M.palauense
GCF_002592005.1,NZ_NVQF01000161.1,5368,6230283,86,M.palauense
GCF_002592005.1,NZ_NVQF01000162.1,5334,6230283,86,M.palauense
GCF_002592005.1,NZ_NVQF01000163.1,5106,6230283,86,M.palauense
GCF_002592005.1,NZ_NVQF01000164.1,4975,6230283,86,M.palauense
GCF_002592005.1,NZ_NVQF01000165.1,4975,6230283,86,M.palauense
GCF_002592005.1,NZ_NVQF01000166.1,4949,6230283,86,M.palauense
GCF_002592005.1,NZ_NVQF01000167.1,4544,6230283,86,M.palauense
GCF_002592005.1,NZ_NVQF01000168.1,4394,6230283,86,M.palauense
GCF_002592005.1,NZ_NVQF01000169.1,4034,6230283,86,M.palauense
GCF_002592005.1,NZ_NVQF01000170.1,3863,6230283,86,M.palauense
GCF_002592005.1,NZ_NVQF01000171.1,3701,6230283,86,M.palauense
GCF_002592005.1,NZ_NVQF01000172.1,3719,6230283,86,M.palauense
GCF_002592005.1,NZ_NVQF01000173.1,3612,6230283,86,M.palauense
GCF_002592005.1,NZ_NVQF01000174.1,3390,6230283,86,M.palauense
GCF_002592005.1,NZ_NVQF01000175.1,2869,6230283,86,M.palauense
GCF_002592005.1,NZ_NVQF01000176.1,2839,6230283,86,M.palauense
GCF_002592005.1,NZ_NVQF01000177.1,2660,6230283,86,M.palauense
GCF_002592005.1,NZ_NVQF01000178.1,2743,6230283,86,M.palauense
GCF_002592005.1,NZ_NVQF01000179.1,2672,6230283,86,M.palauense
GCF_002592005.1,NZ_NVQF01000180.1,2581,6230283,86,M.palauense
GCF_002592005.1,NZ_NVQF01000181.1,2173,6230283,86,M.palauense
GCF_002592005.1,NZ_NVQF01000182.1,2218,6230283,86,M.palauense
GCF_002592005.1,NZ_NVQF01000183.1,2098,6230283,86,M.palauense
GCF_002592005.1,NZ_NVQF01000184.1,1878,6230283,86,M.palauense
GCF_002592005.1,NZ_NVQF01000185.1,1805,6230283,86,M.palauense
GCF_002592005.1,NZ_NVQF01000186.1,1780,6230283,86,M.palauense
GCF_002592005.1,NZ_NVQF01000187.1,1763,6230283,86,M.palauense
GCF_002592005.1,NZ_NVQF01000188.1,1760,6230283,86,M.palauense
GCF_002592005.1,NZ_NVQF01000189.1,1699,6230283,86,M.palauense
GCF_002592005.1,NZ_NVQF01000190.1,1662,6230283,86,M.palauense
GCF_002592005.1,NZ_NVQF01000191.1,1574,6230283,86,M.palauense
GCF_002592005.1,NZ_NVQF01000192.1,1566,6230283,86,M.palauense
GCF_002592005.1,NZ_NVQF01000193.1,1496,6230283,86,M.palauense
GCF_002592005.1,NZ_NVQF01000194.1,1469,6230283,86,M.palauense
GCF_002592005.1,NZ_NVQF01000195.1,1456,6230283,86,M.palauense
GCF_002592005.1,NZ_NVQF01000196.1,1386,6230283,86,M.palauense
GCF_002592005.1,NZ_NVQF01000197.1,1364,6230283,86,M.palauense
GCF_002592005.1,NZ_NVQF01000198.1,1348,6230283,86,M.palauense
GCF_002592005.1,NZ_NVQF01000199.1,1322,6230283,86,M.palauense
GCF_002592005.1,NZ_NVQF01000200.1,1180,6230283,86,M.palauense
GCF_002592005.1,NZ_NVQF01000201.1,1107,6230283,86,M.palauense
GCF_002592005.1,NZ_NVQF01000202.1,1042,6230283,86,M.palauense
GCF_002592005.1,NZ_NVQF01000203.1,970,6230283,86,M.palauense
GCF_002592005.1,NZ_NVQF01000204.1,968,6230283,86,M.palauense
GCF_002592005.1,NZ_NVQF01000205.1,813,6230283,86,M.palauense
GCF_002592005.1,NZ_NVQF01000206.1,809,6230283,86,M.palauense
GCF_002592005.1,NZ_NVQF01000207.1,802,6230283,86,M.palauense
GCF_002592005.1,NZ_NVQF01000208.1,797,6230283,86,M.palauense
GCF_002592005.1,NZ_NVQF01000209.1,718,6230283,86,M.palauense
GCF_002592005.1,NZ_NVQF01000210.1,570,6230283,86,M.palauense
GCF_019456675.1,NZ_CP080333.1,6035548,6035548,222,M.pallens
GCF_002101785.1,NZ_LQPJ01000001.1,8954,6037522,105,M.palustre
GCF_002101785.1,NZ_LQPJ01000002.1,14907,6037522,105,M.palustre
GCF_002101785.1,NZ_LQPJ01000003.1,24357,6037522,105,M.palustre
GCF_002101785.1,NZ_LQPJ01000004.1,43157,6037522,105,M.palustre
GCF_002101785.1,NZ_LQPJ01000005.1,42303,6037522,105,M.palustre
GCF_002101785.1,NZ_LQPJ01000006.1,3365,6037522,105,M.palustre
GCF_002101785.1,NZ_LQPJ01000007.1,41819,6037522,105,M.palustre
GCF_002101785.1,NZ_LQPJ01000008.1,64093,6037522,105,M.palustre
GCF_002101785.1,NZ_LQPJ01000009.1,6836,6037522,105,M.palustre
GCF_002101785.1,NZ_LQPJ01000010.1,1056,6037522,105,M.palustre
GCF_002101785.1,NZ_LQPJ01000011.1,1250,6037522,105,M.palustre
GCF_002101785.1,NZ_LQPJ01000012.1,6671,6037522,105,M.palustre
GCF_002101785.1,NZ_LQPJ01000013.1,6250,6037522,105,M.palustre
GCF_002101785.1,NZ_LQPJ01000014.1,19098,6037522,105,M.palustre
GCF_002101785.1,NZ_LQPJ01000015.1,6641,6037522,105,M.palustre
GCF_002101785.1,NZ_LQPJ01000016.1,6449,6037522,105,M.palustre
GCF_002101785.1,NZ_LQPJ01000017.1,1031,6037522,105,M.palustre
GCF_002101785.1,NZ_LQPJ01000018.1,5365,6037522,105,M.palustre
GCF_002101785.1,NZ_LQPJ01000019.1,2152,6037522,105,M.palustre
GCF_002101785.1,NZ_LQPJ01000020.1,34487,6037522,105,M.palustre
GCF_002101785.1,NZ_LQPJ01000021.1,140531,6037522,105,M.palustre
GCF_002101785.1,NZ_LQPJ01000022.1,4338,6037522,105,M.palustre
GCF_002101785.1,NZ_LQPJ01000023.1,3587,6037522,105,M.palustre
GCF_002101785.1,NZ_LQPJ01000024.1,114987,6037522,105,M.palustre
GCF_002101785.1,NZ_LQPJ01000025.1,1109,6037522,105,M.palustre
GCF_002101785.1,NZ_LQPJ01000026.1,1215,6037522,105,M.palustre
GCF_002101785.1,NZ_LQPJ01000027.1,8367,6037522,105,M.palustre
GCF_002101785.1,NZ_LQPJ01000028.1,3104,6037522,105,M.palustre
GCF_002101785.1,NZ_LQPJ01000029.1,26126,6037522,105,M.palustre
GCF_002101785.1,NZ_LQPJ01000030.1,2929,6037522,105,M.palustre
GCF_002101785.1,NZ_LQPJ01000031.1,1315,6037522,105,M.palustre
GCF_002101785.1,NZ_LQPJ01000032.1,7014,6037522,105,M.palustre
GCF_002101785.1,NZ_LQPJ01000033.1,2286,6037522,105,M.palustre
GCF_002101785.1,NZ_LQPJ01000034.1,1848,6037522,105,M.palustre
GCF_002101785.1,NZ_LQPJ01000035.1,20763,6037522,105,M.palustre
GCF_002101785.1,NZ_LQPJ01000036.1,1753,6037522,105,M.palustre
GCF_002101785.1,NZ_LQPJ01000037.1,1356,6037522,105,M.palustre
GCF_002101785.1,NZ_LQPJ01000038.1,1619,6037522,105,M.palustre
GCF_002101785.1,NZ_LQPJ01000039.1,1385,6037522,105,M.palustre
GCF_002101785.1,NZ_LQPJ01000040.1,1362,6037522,105,M.palustre
GCF_002101785.1,NZ_LQPJ01000041.1,5280,6037522,105,M.palustre
GCF_002101785.1,NZ_LQPJ01000042.1,1348,6037522,105,M.palustre
GCF_002101785.1,NZ_LQPJ01000043.1,97873,6037522,105,M.palustre
GCF_002101785.1,NZ_LQPJ01000044.1,1218,6037522,105,M.palustre
GCF_002101785.1,NZ_LQPJ01000045.1,1495,6037522,105,M.palustre
GCF_002101785.1,NZ_LQPJ01000046.1,15226,6037522,105,M.palustre
GCF_002101785.1,NZ_LQPJ01000047.1,1192,6037522,105,M.palustre
GCF_002101785.1,NZ_LQPJ01000048.1,1189,6037522,105,M.palustre
GCF_002101785.1,NZ_LQPJ01000049.1,1167,6037522,105,M.palustre
GCF_002101785.1,NZ_LQPJ01000050.1,1118,6037522,105,M.palustre
GCF_002101785.1,NZ_LQPJ01000051.1,1018,6037522,105,M.palustre
GCF_002101785.1,NZ_LQPJ01000052.1,57963,6037522,105,M.palustre
GCF_002101785.1,NZ_LQPJ01000053.1,13981,6037522,105,M.palustre
GCF_002101785.1,NZ_LQPJ01000054.1,18493,6037522,105,M.palustre
GCF_002101785.1,NZ_LQPJ01000055.1,21542,6037522,105,M.palustre
GCF_002101785.1,NZ_LQPJ01000056.1,17141,6037522,105,M.palustre
GCF_002101785.1,NZ_LQPJ01000057.1,15982,6037522,105,M.palustre
GCF_002101785.1,NZ_LQPJ01000058.1,21909,6037522,105,M.palustre
GCF_002101785.1,NZ_LQPJ01000059.1,77575,6037522,105,M.palustre
GCF_002101785.1,NZ_LQPJ01000060.1,5521,6037522,105,M.palustre
GCF_002101785.1,NZ_LQPJ01000061.1,20063,6037522,105,M.palustre
GCF_002101785.1,NZ_LQPJ01000062.1,1832,6037522,105,M.palustre
GCF_002101785.1,NZ_LQPJ01000063.1,3368,6037522,105,M.palustre
GCF_002101785.1,NZ_LQPJ01000064.1,76048,6037522,105,M.palustre
GCF_002101785.1,NZ_LQPJ01000065.1,31414,6037522,105,M.palustre
GCF_002101785.1,NZ_LQPJ01000066.1,49631,6037522,105,M.palustre
GCF_002101785.1,NZ_LQPJ01000067.1,40072,6037522,105,M.palustre
GCF_002101785.1,NZ_LQPJ01000068.1,2707,6037522,105,M.palustre
GCF_002101785.1,NZ_LQPJ01000069.1,25777,6037522,105,M.palustre
GCF_002101785.1,NZ_LQPJ01000070.1,187166,6037522,105,M.palustre
GCF_002101785.1,NZ_LQPJ01000071.1,22236,6037522,105,M.palustre
GCF_002101785.1,NZ_LQPJ01000072.1,27058,6037522,105,M.palustre
GCF_002101785.1,NZ_LQPJ01000073.1,19405,6037522,105,M.palustre
GCF_002101785.1,NZ_LQPJ01000074.1,8532,6037522,105,M.palustre
GCF_002101785.1,NZ_LQPJ01000075.1,28289,6037522,105,M.palustre
GCF_002101785.1,NZ_LQPJ01000076.1,24114,6037522,105,M.palustre
GCF_002101785.1,NZ_LQPJ01000077.1,2798,6037522,105,M.palustre
GCF_002101785.1,NZ_LQPJ01000078.1,112141,6037522,105,M.palustre
GCF_002101785.1,NZ_LQPJ01000079.1,29964,6037522,105,M.palustre
GCF_002101785.1,NZ_LQPJ01000080.1,30636,6037522,105,M.palustre
GCF_002101785.1,NZ_LQPJ01000081.1,10090,6037522,105,M.palustre
GCF_002101785.1,NZ_LQPJ01000082.1,9584,6037522,105,M.palustre
GCF_002101785.1,NZ_LQPJ01000083.1,31227,6037522,105,M.palustre
GCF_002101785.1,NZ_LQPJ01000084.1,31277,6037522,105,M.palustre
GCF_002101785.1,NZ_LQPJ01000085.1,28375,6037522,105,M.palustre
GCF_002101785.1,NZ_LQPJ01000086.1,3956,6037522,105,M.palustre
GCF_002101785.1,NZ_LQPJ01000087.1,19422,6037522,105,M.palustre
GCF_002101785.1,NZ_LQPJ01000088.1,34043,6037522,105,M.palustre
GCF_002101785.1,NZ_LQPJ01000089.1,33950,6037522,105,M.palustre
GCF_002101785.1,NZ_LQPJ01000090.1,80033,6037522,105,M.palustre
GCF_002101785.1,NZ_LQPJ01000091.1,87614,6037522,105,M.palustre
GCF_002101785.1,NZ_LQPJ01000092.1,8197,6037522,105,M.palustre
GCF_002101785.1,NZ_LQPJ01000093.1,1023,6037522,105,M.palustre
GCF_002101785.1,NZ_LQPJ01000094.1,94372,6037522,105,M.palustre
GCF_002101785.1,NZ_LQPJ01000095.1,65314,6037522,105,M.palustre
GCF_002101785.1,NZ_LQPJ01000096.1,20705,6037522,105,M.palustre
GCF_002101785.1,NZ_LQPJ01000097.1,86242,6037522,105,M.palustre
GCF_002101785.1,NZ_LQPJ01000098.1,172118,6037522,105,M.palustre
GCF_002101785.1,NZ_LQPJ01000099.1,93306,6037522,105,M.palustre
GCF_002101785.1,NZ_LQPJ01000100.1,94981,6037522,105,M.palustre
GCF_002101785.1,NZ_LQPJ01000101.1,95896,6037522,105,M.palustre
GCF_002101785.1,NZ_LQPJ01000102.1,156771,6037522,105,M.palustre
GCF_002101785.1,NZ_LQPJ01000103.1,14946,6037522,105,M.palustre
GCF_002101785.1,NZ_LQPJ01000104.1,12032,6037522,105,M.palustre
GCF_002101785.1,NZ_LQPJ01000105.1,85200,6037522,105,M.palustre
GCF_002101785.1,NZ_LQPJ01000106.1,72763,6037522,105,M.palustre
GCF_002101785.1,NZ_LQPJ01000107.1,110423,6037522,105,M.palustre
GCF_002101785.1,NZ_LQPJ01000108.1,17404,6037522,105,M.palustre
GCF_002101785.1,NZ_LQPJ01000109.1,193127,6037522,105,M.palustre
GCF_002101785.1,NZ_LQPJ01000110.1,49190,6037522,105,M.palustre
GCF_002101785.1,NZ_LQPJ01000111.1,11388,6037522,105,M.palustre
GCF_002101785.1,NZ_LQPJ01000112.1,133248,6037522,105,M.palustre
GCF_002101785.1,NZ_LQPJ01000113.1,13201,6037522,105,M.palustre
GCF_002101785.1,NZ_LQPJ01000114.1,39231,6037522,105,M.palustre
GCF_002101785.1,NZ_LQPJ01000115.1,127135,6037522,105,M.palustre
GCF_002101785.1,NZ_LQPJ01000116.1,69218,6037522,105,M.palustre
GCF_002101785.1,NZ_LQPJ01000117.1,1146,6037522,105,M.palustre
GCF_002101785.1,NZ_LQPJ01000118.1,49136,6037522,105,M.palustre
GCF_002101785.1,NZ_LQPJ01000119.1,33489,6037522,105,M.palustre
GCF_002101785.1,NZ_LQPJ01000120.1,3772,6037522,105,M.palustre
GCF_002101785.1,NZ_LQPJ01000121.1,142961,6037522,105,M.palustre
GCF_002101785.1,NZ_LQPJ01000122.1,12226,6037522,105,M.palustre
GCF_002101785.1,NZ_LQPJ01000123.1,10159,6037522,105,M.palustre
GCF_002101785.1,NZ_LQPJ01000124.1,151512,6037522,105,M.palustre
GCF_002101785.1,NZ_LQPJ01000125.1,7195,6037522,105,M.palustre
GCF_002101785.1,NZ_LQPJ01000126.1,12127,6037522,105,M.palustre
GCF_002101785.1,NZ_LQPJ01000127.1,133444,6037522,105,M.palustre
GCF_002101785.1,NZ_LQPJ01000128.1,11535,6037522,105,M.palustre
GCF_002101785.1,NZ_LQPJ01000129.1,2109,6037522,105,M.palustre
GCF_002101785.1,NZ_LQPJ01000130.1,171056,6037522,105,M.palustre
GCF_002101785.1,NZ_LQPJ01000131.1,34913,6037522,105,M.palustre
GCF_002101785.1,NZ_LQPJ01000132.1,10520,6037522,105,M.palustre
GCF_002101785.1,NZ_LQPJ01000133.1,1298,6037522,105,M.palustre
GCF_002101785.1,NZ_LQPJ01000134.1,22313,6037522,105,M.palustre
GCF_002101785.1,NZ_LQPJ01000135.1,73784,6037522,105,M.palustre
GCF_002101785.1,NZ_LQPJ01000136.1,266450,6037522,105,M.palustre
GCF_002101785.1,NZ_LQPJ01000137.1,4406,6037522,105,M.palustre
GCF_002101785.1,NZ_LQPJ01000138.1,1191,6037522,105,M.palustre
GCF_002101785.1,NZ_LQPJ01000139.1,80891,6037522,105,M.palustre
GCF_002101785.1,NZ_LQPJ01000140.1,74274,6037522,105,M.palustre
GCF_002101785.1,NZ_LQPJ01000141.1,27191,6037522,105,M.palustre
GCF_002101785.1,NZ_LQPJ01000142.1,45236,6037522,105,M.palustre
GCF_002101785.1,NZ_LQPJ01000143.1,53329,6037522,105,M.palustre
GCF_002101785.1,NZ_LQPJ01000144.1,70216,6037522,105,M.palustre
GCF_002101785.1,NZ_LQPJ01000145.1,20095,6037522,105,M.palustre
GCF_002101785.1,NZ_LQPJ01000146.1,45038,6037522,105,M.palustre
GCF_002101785.1,NZ_LQPJ01000147.1,58551,6037522,105,M.palustre
GCF_002101785.1,NZ_LQPJ01000148.1,12519,6037522,105,M.palustre
GCF_002101785.1,NZ_LQPJ01000149.1,3538,6037522,105,M.palustre
GCF_002101785.1,NZ_LQPJ01000150.1,7597,6037522,105,M.palustre
GCF_002101785.1,NZ_LQPJ01000151.1,65079,6037522,105,M.palustre
GCF_002101785.1,NZ_LQPJ01000152.1,43278,6037522,105,M.palustre
GCF_002101785.1,NZ_LQPJ01000153.1,54687,6037522,105,M.palustre
GCF_002101785.1,NZ_LQPJ01000154.1,30871,6037522,105,M.palustre
GCF_002101785.1,NZ_LQPJ01000155.1,47933,6037522,105,M.palustre
GCF_002101785.1,NZ_LQPJ01000156.1,73675,6037522,105,M.palustre
GCF_002101785.1,NZ_LQPJ01000157.1,48333,6037522,105,M.palustre
GCF_002101785.1,NZ_LQPJ01000158.1,2730,6037522,105,M.palustre
GCF_002101815.1,NZ_LQPM01000001.1,106173,5619528,21,M.paraense
GCF_002101815.1,NZ_LQPM01000002.1,122560,5619528,21,M.paraense
GCF_002101815.1,NZ_LQPM01000003.1,234438,5619528,21,M.paraense
GCF_002101815.1,NZ_LQPM01000004.1,80833,5619528,21,M.paraense
GCF_002101815.1,NZ_LQPM01000005.1,148050,5619528,21,M.paraense
GCF_002101815.1,NZ_LQPM01000006.1,365257,5619528,21,M.paraense
GCF_002101815.1,NZ_LQPM01000007.1,382310,5619528,21,M.paraense
GCF_002101815.1,NZ_LQPM01000008.1,313036,5619528,21,M.paraense
GCF_002101815.1,NZ_LQPM01000009.1,146447,5619528,21,M.paraense
GCF_002101815.1,NZ_LQPM01000010.1,471482,5619528,21,M.paraense
GCF_002101815.1,NZ_LQPM01000011.1,66746,5619528,21,M.paraense
GCF_002101815.1,NZ_LQPM01000012.1,116935,5619528,21,M.paraense
GCF_002101815.1,NZ_LQPM01000013.1,526663,5619528,21,M.paraense
GCF_002101815.1,NZ_LQPM01000014.1,102119,5619528,21,M.paraense
GCF_002101815.1,NZ_LQPM01000015.1,36677,5619528,21,M.paraense
GCF_002101815.1,NZ_LQPM01000016.1,76734,5619528,21,M.paraense
GCF_002101815.1,NZ_LQPM01000017.1,6615,5619528,21,M.paraense
GCF_002101815.1,NZ_LQPM01000018.1,69452,5619528,21,M.paraense
GCF_002101815.1,NZ_LQPM01000019.1,86922,5619528,21,M.paraense
GCF_002101815.1,NZ_LQPM01000020.1,68589,5619528,21,M.paraense
GCF_002101815.1,NZ_LQPM01000021.1,63427,5619528,21,M.paraense
GCF_002101815.1,NZ_LQPM01000022.1,1457,5619528,21,M.paraense
GCF_002101815.1,NZ_LQPM01000023.1,271458,5619528,21,M.paraense
GCF_002101815.1,NZ_LQPM01000024.1,272745,5619528,21,M.paraense
GCF_002101815.1,NZ_LQPM01000025.1,62114,5619528,21,M.paraense
GCF_002101815.1,NZ_LQPM01000026.1,52536,5619528,21,M.paraense
GCF_002101815.1,NZ_LQPM01000027.1,25199,5619528,21,M.paraense
GCF_002101815.1,NZ_LQPM01000028.1,46623,5619528,21,M.paraense
GCF_002101815.1,NZ_LQPM01000029.1,29551,5619528,21,M.paraense
GCF_002101815.1,NZ_LQPM01000030.1,278572,5619528,21,M.paraense
GCF_002101815.1,NZ_LQPM01000031.1,29355,5619528,21,M.paraense
GCF_002101815.1,NZ_LQPM01000032.1,20653,5619528,21,M.paraense
GCF_002101815.1,NZ_LQPM01000033.1,1081,5619528,21,M.paraense
GCF_002101815.1,NZ_LQPM01000034.1,110065,5619528,21,M.paraense
GCF_002101815.1,NZ_LQPM01000035.1,20183,5619528,21,M.paraense
GCF_002101815.1,NZ_LQPM01000036.1,254548,5619528,21,M.paraense
GCF_002101815.1,NZ_LQPM01000037.1,18105,5619528,21,M.paraense
GCF_002101815.1,NZ_LQPM01000038.1,12835,5619528,21,M.paraense
GCF_002101815.1,NZ_LQPM01000039.1,24325,5619528,21,M.paraense
GCF_002101815.1,NZ_LQPM01000040.1,10495,5619528,21,M.paraense
GCF_002101815.1,NZ_LQPM01000041.1,17892,5619528,21,M.paraense
GCF_002101815.1,NZ_LQPM01000042.1,8970,5619528,21,M.paraense
GCF_002101815.1,NZ_LQPM01000043.1,2738,5619528,21,M.paraense
GCF_002101815.1,NZ_LQPM01000044.1,88754,5619528,21,M.paraense
GCF_002101815.1,NZ_LQPM01000045.1,33235,5619528,21,M.paraense
GCF_002101815.1,NZ_LQPM01000046.1,1416,5619528,21,M.paraense
GCF_002101815.1,NZ_LQPM01000047.1,1330,5619528,21,M.paraense
GCF_002101815.1,NZ_LQPM01000048.1,7688,5619528,21,M.paraense
GCF_002101815.1,NZ_LQPM01000049.1,134472,5619528,21,M.paraense
GCF_002101815.1,NZ_LQPM01000050.1,52216,5619528,21,M.paraense
GCF_002101815.1,NZ_LQPM01000051.1,137452,5619528,21,M.paraense
GCF_025822865.1,NZ_JACKUR010000001.1,402,5402488,36,M.paraffinicum
GCF_025822865.1,NZ_JACKUR010000002.1,271,5402488,36,M.paraffinicum
GCF_025822865.1,NZ_JACKUR010000003.1,830,5402488,36,M.paraffinicum
GCF_025822865.1,NZ_JACKUR010000004.1,1292,5402488,36,M.paraffinicum
GCF_025822865.1,NZ_JACKUR010000005.1,2253,5402488,36,M.paraffinicum
GCF_025822865.1,NZ_JACKUR010000006.1,596,5402488,36,M.paraffinicum
GCF_025822865.1,NZ_JACKUR010000007.1,7961,5402488,36,M.paraffinicum
GCF_025822865.1,NZ_JACKUR010000008.1,7627,5402488,36,M.paraffinicum
GCF_025822865.1,NZ_JACKUR010000009.1,1833,5402488,36,M.paraffinicum
GCF_025822865.1,NZ_JACKUR010000010.1,428447,5402488,36,M.paraffinicum
GCF_025822865.1,NZ_JACKUR010000011.1,2102,5402488,36,M.paraffinicum
GCF_025822865.1,NZ_JACKUR010000012.1,167513,5402488,36,M.paraffinicum
GCF_025822865.1,NZ_JACKUR010000013.1,200602,5402488,36,M.paraffinicum
GCF_025822865.1,NZ_JACKUR010000014.1,323736,5402488,36,M.paraffinicum
GCF_025822865.1,NZ_JACKUR010000015.1,3675,5402488,36,M.paraffinicum
GCF_025822865.1,NZ_JACKUR010000016.1,523224,5402488,36,M.paraffinicum
GCF_025822865.1,NZ_JACKUR010000017.1,59980,5402488,36,M.paraffinicum
GCF_025822865.1,NZ_JACKUR010000018.1,464,5402488,36,M.paraffinicum
GCF_025822865.1,NZ_JACKUR010000019.1,89264,5402488,36,M.paraffinicum
GCF_025822865.1,NZ_JACKUR010000020.1,724,5402488,36,M.paraffinicum
GCF_025822865.1,NZ_JACKUR010000021.1,765314,5402488,36,M.paraffinicum
GCF_025822865.1,NZ_JACKUR010000022.1,655,5402488,36,M.paraffinicum
GCF_025822865.1,NZ_JACKUR010000023.1,359521,5402488,36,M.paraffinicum
GCF_025822865.1,NZ_JACKUR010000024.1,117022,5402488,36,M.paraffinicum
GCF_025822865.1,NZ_JACKUR010000025.1,566864,5402488,36,M.paraffinicum
GCF_025822865.1,NZ_JACKUR010000026.1,117683,5402488,36,M.paraffinicum
GCF_025822865.1,NZ_JACKUR010000027.1,644417,5402488,36,M.paraffinicum
GCF_025822865.1,NZ_JACKUR010000028.1,8312,5402488,36,M.paraffinicum
GCF_025822865.1,NZ_JACKUR010000029.1,2811,5402488,36,M.paraffinicum
GCF_025822865.1,NZ_JACKUR010000030.1,96767,5402488,36,M.paraffinicum
GCF_025822865.1,NZ_JACKUR010000031.1,109697,5402488,36,M.paraffinicum
GCF_025822865.1,NZ_JACKUR010000032.1,189613,5402488,36,M.paraffinicum
GCF_025822865.1,NZ_JACKUR010000033.1,137919,5402488,36,M.paraffinicum
GCF_025822865.1,NZ_JACKUR010000034.1,13492,5402488,36,M.paraffinicum
GCF_025822865.1,NZ_JACKUR010000035.1,12172,5402488,36,M.paraffinicum
GCF_025822865.1,NZ_JACKUR010000036.1,28301,5402488,36,M.paraffinicum
GCF_025822865.1,NZ_JACKUR010000037.1,4849,5402488,36,M.paraffinicum
GCF_025822865.1,NZ_JACKUR010000038.1,22480,5402488,36,M.paraffinicum
GCF_025822865.1,NZ_JACKUR010000039.1,164411,5402488,36,M.paraffinicum
GCF_025822865.1,NZ_JACKUR010000040.1,11801,5402488,36,M.paraffinicum
GCF_025822865.1,NZ_JACKUR010000041.1,165163,5402488,36,M.paraffinicum
GCF_025822865.1,NZ_JACKUR010000042.1,22076,5402488,36,M.paraffinicum
GCF_025822865.1,NZ_JACKUR010000043.1,15948,5402488,36,M.paraffinicum
GCF_025822865.1,NZ_JACKUR010000044.1,2404,5402488,36,M.paraffinicum
GCF_010725485.1,NZ_AP022598.1,6044196,6044196,130,M.parafortuitum
GCF_003614435.1,NZ_CP025546.1,6730319,6730319,90,M.paragordonae
GCF_000276825.1,NC_016948.1,5501090,5501090,3,M.paraintracellulare
GCF_022370835.2,NZ_CP092365.1,3921563,3921563,163,M.parakoreensis
GCF_000164135.1,NZ_GG770553.1,2114107,6564171,126,M.parascrofulaceum
GCF_000164135.1,NZ_GG770554.1,1277640,6564171,126,M.parascrofulaceum
GCF_000164135.1,NZ_GG770555.1,962490,6564171,126,M.parascrofulaceum
GCF_000164135.1,NZ_GG770556.1,322500,6564171,126,M.parascrofulaceum
GCF_000164135.1,NZ_GG770557.1,421983,6564171,126,M.parascrofulaceum
GCF_000164135.1,NZ_GG770558.1,482984,6564171,126,M.parascrofulaceum
GCF_000164135.1,NZ_GG770559.1,145075,6564171,126,M.parascrofulaceum
GCF_000164135.1,NZ_GG770560.1,316178,6564171,126,M.parascrofulaceum
GCF_000164135.1,NZ_GG770561.1,160801,6564171,126,M.parascrofulaceum
GCF_000164135.1,NZ_GG770562.1,51274,6564171,126,M.parascrofulaceum
GCF_000164135.1,NZ_GG770563.1,105475,6564171,126,M.parascrofulaceum
GCF_000164135.1,NZ_GG770564.1,25768,6564171,126,M.parascrofulaceum
GCF_000164135.1,NZ_GG770565.1,2734,6564171,126,M.parascrofulaceum
GCF_000164135.1,NZ_GG770566.1,2784,6564171,126,M.parascrofulaceum
GCF_000164135.1,NZ_GG770567.1,3925,6564171,126,M.parascrofulaceum
GCF_000164135.1,NZ_GG770568.1,16435,6564171,126,M.parascrofulaceum
GCF_000164135.1,NZ_GG770569.1,2512,6564171,126,M.parascrofulaceum
GCF_000164135.1,NZ_GG770570.1,2367,6564171,126,M.parascrofulaceum
GCF_000164135.1,NZ_GG770571.1,4567,6564171,126,M.parascrofulaceum
GCF_000164135.1,NZ_GG770572.1,2365,6564171,126,M.parascrofulaceum
GCF_000164135.1,NZ_GG770573.1,2011,6564171,126,M.parascrofulaceum
GCF_000164135.1,NZ_GG770574.1,3925,6564171,126,M.parascrofulaceum
GCF_000164135.1,NZ_GG770575.1,4600,6564171,126,M.parascrofulaceum
GCF_000164135.1,NZ_GG770576.1,2504,6564171,126,M.parascrofulaceum
GCF_000164135.1,NZ_GG770577.1,2418,6564171,126,M.parascrofulaceum
GCF_000164135.1,NZ_GG770578.1,2651,6564171,126,M.parascrofulaceum
GCF_000164135.1,NZ_GG770579.1,2538,6564171,126,M.parascrofulaceum
GCF_000164135.1,NZ_GG770580.1,3181,6564171,126,M.parascrofulaceum
GCF_000164135.1,NZ_GG770581.1,2318,6564171,126,M.parascrofulaceum
GCF_000164135.1,NZ_GG770582.1,2630,6564171,126,M.parascrofulaceum
GCF_000164135.1,NZ_GG770583.1,2524,6564171,126,M.parascrofulaceum
GCF_000164135.1,NZ_GG770584.1,4017,6564171,126,M.parascrofulaceum
GCF_000164135.1,NZ_GG770585.1,2683,6564171,126,M.parascrofulaceum
GCF_000164135.1,NZ_GG770586.1,2754,6564171,126,M.parascrofulaceum
GCF_000164135.1,NZ_GG770587.1,3429,6564171,126,M.parascrofulaceum
GCF_000164135.1,NZ_GG770588.1,2544,6564171,126,M.parascrofulaceum
GCF_000164135.1,NZ_GG770589.1,2034,6564171,126,M.parascrofulaceum
GCF_000164135.1,NZ_GG770590.1,1996,6564171,126,M.parascrofulaceum
GCF_000164135.1,NZ_GG770591.1,1968,6564171,126,M.parascrofulaceum
GCF_000164135.1,NZ_GG770592.1,1846,6564171,126,M.parascrofulaceum
GCF_000164135.1,NZ_GG770593.1,1838,6564171,126,M.parascrofulaceum
GCF_000164135.1,NZ_GG770594.1,1792,6564171,126,M.parascrofulaceum
GCF_000164135.1,NZ_GG770595.1,1776,6564171,126,M.parascrofulaceum
GCF_000164135.1,NZ_GG770596.1,1745,6564171,126,M.parascrofulaceum
GCF_000164135.1,NZ_GG770597.1,1685,6564171,126,M.parascrofulaceum
GCF_000164135.1,NZ_GG770598.1,1636,6564171,126,M.parascrofulaceum
GCF_000164135.1,NZ_GG770599.1,1591,6564171,126,M.parascrofulaceum
GCF_000164135.1,NZ_GG770600.1,1577,6564171,126,M.parascrofulaceum
GCF_000164135.1,NZ_GG770601.1,1565,6564171,126,M.parascrofulaceum
GCF_000164135.1,NZ_GG770602.1,1545,6564171,126,M.parascrofulaceum
GCF_000164135.1,NZ_GG770603.1,1529,6564171,126,M.parascrofulaceum
GCF_000164135.1,NZ_GG770604.1,1500,6564171,126,M.parascrofulaceum
GCF_000164135.1,NZ_GG770605.1,1498,6564171,126,M.parascrofulaceum
GCF_000164135.1,NZ_GG770606.1,1494,6564171,126,M.parascrofulaceum
GCF_000164135.1,NZ_GG770607.1,1460,6564171,126,M.parascrofulaceum
GCF_000164135.1,NZ_GG770608.1,1429,6564171,126,M.parascrofulaceum
GCF_000164135.1,NZ_GG770609.1,1405,6564171,126,M.parascrofulaceum
GCF_000164135.1,NZ_GG770610.1,1392,6564171,126,M.parascrofulaceum
GCF_000164135.1,NZ_GG770611.1,1380,6564171,126,M.parascrofulaceum
GCF_000164135.1,NZ_GG770612.1,1364,6564171,126,M.parascrofulaceum
GCF_000164135.1,NZ_GG770613.1,1357,6564171,126,M.parascrofulaceum
GCF_000164135.1,NZ_GG770614.1,1329,6564171,126,M.parascrofulaceum
GCF_000164135.1,NZ_GG770615.1,1305,6564171,126,M.parascrofulaceum
GCF_000164135.1,NZ_GG770616.1,1302,6564171,126,M.parascrofulaceum
GCF_000164135.1,NZ_GG770617.1,1223,6564171,126,M.parascrofulaceum
GCF_000164135.1,NZ_GG770618.1,1217,6564171,126,M.parascrofulaceum
GCF_000164135.1,NZ_GG770619.1,1214,6564171,126,M.parascrofulaceum
GCF_000164135.1,NZ_GG770620.1,1207,6564171,126,M.parascrofulaceum
GCF_000164135.1,NZ_GG770621.1,1125,6564171,126,M.parascrofulaceum
GCF_000164135.1,NZ_GG770622.1,1114,6564171,126,M.parascrofulaceum
GCF_000164135.1,NZ_GG770623.1,1110,6564171,126,M.parascrofulaceum
GCF_000164135.1,NZ_GG770624.1,1105,6564171,126,M.parascrofulaceum
GCF_000164135.1,NZ_GG770625.1,1096,6564171,126,M.parascrofulaceum
GCF_000164135.1,NZ_GG770626.1,1069,6564171,126,M.parascrofulaceum
GCF_000164135.1,NZ_GG770627.1,1066,6564171,126,M.parascrofulaceum
GCF_000164135.1,NZ_GG770628.1,1056,6564171,126,M.parascrofulaceum
GCF_000164135.1,NZ_GG770629.1,1036,6564171,126,M.parascrofulaceum
GCF_000164135.1,NZ_GG770630.1,991,6564171,126,M.parascrofulaceum
GCF_000164135.1,NZ_GG770631.1,988,6564171,126,M.parascrofulaceum
GCF_000164135.1,NZ_GG770632.1,976,6564171,126,M.parascrofulaceum
GCF_000164135.1,NZ_GG770633.1,976,6564171,126,M.parascrofulaceum
GCF_000164135.1,NZ_GG770634.1,973,6564171,126,M.parascrofulaceum
GCF_000164135.1,NZ_GG770635.1,963,6564171,126,M.parascrofulaceum
GCF_000164135.1,NZ_GG770636.1,935,6564171,126,M.parascrofulaceum
GCF_000164135.1,NZ_GG770637.1,920,6564171,126,M.parascrofulaceum
GCF_000164135.1,NZ_GG770638.1,910,6564171,126,M.parascrofulaceum
GCF_000164135.1,NZ_GG770639.1,909,6564171,126,M.parascrofulaceum
GCF_000164135.1,NZ_GG770640.1,879,6564171,126,M.parascrofulaceum
GCF_000164135.1,NZ_GG770641.1,854,6564171,126,M.parascrofulaceum
GCF_000164135.1,NZ_GG770642.1,826,6564171,126,M.parascrofulaceum
GCF_000164135.1,NZ_GG770643.1,817,6564171,126,M.parascrofulaceum
GCF_000164135.1,NZ_GG770644.1,787,6564171,126,M.parascrofulaceum
GCF_000164135.1,NZ_GG770645.1,783,6564171,126,M.parascrofulaceum
GCF_000164135.1,NZ_GG770646.1,777,6564171,126,M.parascrofulaceum
GCF_000164135.1,NZ_GG770647.1,774,6564171,126,M.parascrofulaceum
GCF_000164135.1,NZ_GG770648.1,769,6564171,126,M.parascrofulaceum
GCF_000164135.1,NZ_GG770649.1,762,6564171,126,M.parascrofulaceum
GCF_000164135.1,NZ_GG770650.1,731,6564171,126,M.parascrofulaceum
GCF_000164135.1,NZ_GG770651.1,724,6564171,126,M.parascrofulaceum
GCF_000164135.1,NZ_GG770652.1,718,6564171,126,M.parascrofulaceum
GCF_000164135.1,NZ_GG770653.1,711,6564171,126,M.parascrofulaceum
GCF_000164135.1,NZ_GG770654.1,700,6564171,126,M.parascrofulaceum
GCF_000164135.1,NZ_GG770655.1,686,6564171,126,M.parascrofulaceum
GCF_000164135.1,NZ_GG770656.1,684,6564171,126,M.parascrofulaceum
GCF_000164135.1,NZ_GG770657.1,675,6564171,126,M.parascrofulaceum
GCF_000164135.1,NZ_GG770658.1,672,6564171,126,M.parascrofulaceum
GCF_000164135.1,NZ_GG770659.1,656,6564171,126,M.parascrofulaceum
GCF_000164135.1,NZ_GG770660.1,656,6564171,126,M.parascrofulaceum
GCF_000164135.1,NZ_GG770661.1,650,6564171,126,M.parascrofulaceum
GCF_000164135.1,NZ_GG770662.1,645,6564171,126,M.parascrofulaceum
GCF_000164135.1,NZ_GG770663.1,638,6564171,126,M.parascrofulaceum
GCF_000164135.1,NZ_GG770664.1,619,6564171,126,M.parascrofulaceum
GCF_000164135.1,NZ_GG770665.1,614,6564171,126,M.parascrofulaceum
GCF_000164135.1,NZ_GG770666.1,608,6564171,126,M.parascrofulaceum
GCF_000164135.1,NZ_GG770667.1,605,6564171,126,M.parascrofulaceum
GCF_000164135.1,NZ_GG770668.1,582,6564171,126,M.parascrofulaceum
GCF_000164135.1,NZ_GG770669.1,575,6564171,126,M.parascrofulaceum
GCF_000164135.1,NZ_GG770670.1,575,6564171,126,M.parascrofulaceum
GCF_000164135.1,NZ_GG770671.1,559,6564171,126,M.parascrofulaceum
GCF_000164135.1,NZ_GG770672.1,547,6564171,126,M.parascrofulaceum
GCF_000164135.1,NZ_GG770673.1,540,6564171,126,M.parascrofulaceum
GCF_000164135.1,NZ_GG770674.1,528,6564171,126,M.parascrofulaceum
GCF_000164135.1,NZ_GG770675.1,527,6564171,126,M.parascrofulaceum
GCF_000164135.1,NZ_GG770676.1,510,6564171,126,M.parascrofulaceum
GCF_010731655.1,NZ_AP022619.1,6085955,6085955,179,M.paraseoulense
GCF_022430545.2,NZ_CP092488.2,5522624,5522624,113,M.paraterrae
GCF_010730575.1,NZ_AP022614.1,5952912,5952912,128,M.parmense
GCF_002102345.1,NZ_LQPP01000001.1,22526,7050152,195,M.peregrinum
GCF_002102345.1,NZ_LQPP01000002.1,27447,7050152,195,M.peregrinum
GCF_002102345.1,NZ_LQPP01000003.1,1120,7050152,195,M.peregrinum
GCF_002102345.1,NZ_LQPP01000004.1,83819,7050152,195,M.peregrinum
GCF_002102345.1,NZ_LQPP01000005.1,88767,7050152,195,M.peregrinum
GCF_002102345.1,NZ_LQPP01000006.1,49072,7050152,195,M.peregrinum
GCF_002102345.1,NZ_LQPP01000007.1,5304,7050152,195,M.peregrinum
GCF_002102345.1,NZ_LQPP01000008.1,43029,7050152,195,M.peregrinum
GCF_002102345.1,NZ_LQPP01000009.1,1236,7050152,195,M.peregrinum
GCF_002102345.1,NZ_LQPP01000010.1,89522,7050152,195,M.peregrinum
GCF_002102345.1,NZ_LQPP01000011.1,177245,7050152,195,M.peregrinum
GCF_002102345.1,NZ_LQPP01000012.1,16354,7050152,195,M.peregrinum
GCF_002102345.1,NZ_LQPP01000013.1,345278,7050152,195,M.peregrinum
GCF_002102345.1,NZ_LQPP01000014.1,9589,7050152,195,M.peregrinum
GCF_002102345.1,NZ_LQPP01000015.1,343417,7050152,195,M.peregrinum
GCF_002102345.1,NZ_LQPP01000016.1,320681,7050152,195,M.peregrinum
GCF_002102345.1,NZ_LQPP01000017.1,50243,7050152,195,M.peregrinum
GCF_002102345.1,NZ_LQPP01000018.1,342934,7050152,195,M.peregrinum
GCF_002102345.1,NZ_LQPP01000019.1,20989,7050152,195,M.peregrinum
GCF_002102345.1,NZ_LQPP01000020.1,14173,7050152,195,M.peregrinum
GCF_002102345.1,NZ_LQPP01000021.1,25180,7050152,195,M.peregrinum
GCF_002102345.1,NZ_LQPP01000022.1,1464,7050152,195,M.peregrinum
GCF_002102345.1,NZ_LQPP01000023.1,14448,7050152,195,M.peregrinum
GCF_002102345.1,NZ_LQPP01000024.1,67804,7050152,195,M.peregrinum
GCF_002102345.1,NZ_LQPP01000025.1,201665,7050152,195,M.peregrinum
GCF_002102345.1,NZ_LQPP01000026.1,256814,7050152,195,M.peregrinum
GCF_002102345.1,NZ_LQPP01000027.1,253830,7050152,195,M.peregrinum
GCF_002102345.1,NZ_LQPP01000028.1,232310,7050152,195,M.peregrinum
GCF_002102345.1,NZ_LQPP01000029.1,210503,7050152,195,M.peregrinum
GCF_002102345.1,NZ_LQPP01000030.1,193805,7050152,195,M.peregrinum
GCF_002102345.1,NZ_LQPP01000031.1,75999,7050152,195,M.peregrinum
GCF_002102345.1,NZ_LQPP01000032.1,3563,7050152,195,M.peregrinum
GCF_002102345.1,NZ_LQPP01000033.1,191260,7050152,195,M.peregrinum
GCF_002102345.1,NZ_LQPP01000034.1,42663,7050152,195,M.peregrinum
GCF_002102345.1,NZ_LQPP01000035.1,67598,7050152,195,M.peregrinum
GCF_002102345.1,NZ_LQPP01000036.1,94301,7050152,195,M.peregrinum
GCF_002102345.1,NZ_LQPP01000037.1,153339,7050152,195,M.peregrinum
GCF_002102345.1,NZ_LQPP01000038.1,69831,7050152,195,M.peregrinum
GCF_002102345.1,NZ_LQPP01000039.1,1502,7050152,195,M.peregrinum
GCF_002102345.1,NZ_LQPP01000040.1,190582,7050152,195,M.peregrinum
GCF_002102345.1,NZ_LQPP01000041.1,171074,7050152,195,M.peregrinum
GCF_002102345.1,NZ_LQPP01000042.1,323796,7050152,195,M.peregrinum
GCF_002102345.1,NZ_LQPP01000043.1,356279,7050152,195,M.peregrinum
GCF_002102345.1,NZ_LQPP01000044.1,105493,7050152,195,M.peregrinum
GCF_002102345.1,NZ_LQPP01000045.1,31531,7050152,195,M.peregrinum
GCF_002102345.1,NZ_LQPP01000046.1,178371,7050152,195,M.peregrinum
GCF_002102345.1,NZ_LQPP01000047.1,272740,7050152,195,M.peregrinum
GCF_002102345.1,NZ_LQPP01000048.1,202930,7050152,195,M.peregrinum
GCF_002102345.1,NZ_LQPP01000049.1,135910,7050152,195,M.peregrinum
GCF_002102345.1,NZ_LQPP01000050.1,27865,7050152,195,M.peregrinum
GCF_002102345.1,NZ_LQPP01000051.1,22193,7050152,195,M.peregrinum
GCF_002102345.1,NZ_LQPP01000052.1,121379,7050152,195,M.peregrinum
GCF_002102345.1,NZ_LQPP01000053.1,12960,7050152,195,M.peregrinum
GCF_002102345.1,NZ_LQPP01000054.1,11786,7050152,195,M.peregrinum
GCF_002102345.1,NZ_LQPP01000055.1,11289,7050152,195,M.peregrinum
GCF_002102345.1,NZ_LQPP01000056.1,68467,7050152,195,M.peregrinum
GCF_002102345.1,NZ_LQPP01000057.1,11203,7050152,195,M.peregrinum
GCF_002102345.1,NZ_LQPP01000058.1,21149,7050152,195,M.peregrinum
GCF_002102345.1,NZ_LQPP01000059.1,1644,7050152,195,M.peregrinum
GCF_002102345.1,NZ_LQPP01000060.1,6902,7050152,195,M.peregrinum
GCF_002102345.1,NZ_LQPP01000061.1,6561,7050152,195,M.peregrinum
GCF_002102345.1,NZ_LQPP01000062.1,3082,7050152,195,M.peregrinum
GCF_002102345.1,NZ_LQPP01000063.1,2645,7050152,195,M.peregrinum
GCF_002102345.1,NZ_LQPP01000064.1,14386,7050152,195,M.peregrinum
GCF_002102345.1,NZ_LQPP01000065.1,1459,7050152,195,M.peregrinum
GCF_002102345.1,NZ_LQPP01000066.1,1425,7050152,195,M.peregrinum
GCF_002102345.1,NZ_LQPP01000067.1,82751,7050152,195,M.peregrinum
GCF_002102345.1,NZ_LQPP01000068.1,1404,7050152,195,M.peregrinum
GCF_002102345.1,NZ_LQPP01000069.1,1259,7050152,195,M.peregrinum
GCF_002102345.1,NZ_LQPP01000070.1,27001,7050152,195,M.peregrinum
GCF_002102345.1,NZ_LQPP01000071.1,1133,7050152,195,M.peregrinum
GCF_002102345.1,NZ_LQPP01000072.1,70865,7050152,195,M.peregrinum
GCF_002102345.1,NZ_LQPP01000073.1,1267,7050152,195,M.peregrinum
GCF_002102345.1,NZ_LQPP01000074.1,85221,7050152,195,M.peregrinum
GCF_002102345.1,NZ_LQPP01000075.1,6067,7050152,195,M.peregrinum
GCF_002102345.1,NZ_LQPP01000076.1,102455,7050152,195,M.peregrinum
GCF_002102345.1,NZ_LQPP01000077.1,61598,7050152,195,M.peregrinum
GCF_002102345.1,NZ_LQPP01000078.1,83406,7050152,195,M.peregrinum
GCF_002086915.1,NZ_MWQA01000001.1,6254980,6347217,136,M.persicum
GCF_002086915.1,NZ_MWQA01000002.1,2703,6347217,136,M.persicum
GCF_002086915.1,NZ_MWQA01000003.1,1424,6347217,136,M.persicum
GCF_002086915.1,NZ_MWQA01000004.1,1094,6347217,136,M.persicum
GCF_002086915.1,NZ_MWQA01000005.1,5942,6347217,136,M.persicum
GCF_002086915.1,NZ_MWQA01000006.1,4986,6347217,136,M.persicum
GCF_002086915.1,NZ_MWQA01000007.1,1146,6347217,136,M.persicum
GCF_002086915.1,NZ_MWQA01000008.1,12768,6347217,136,M.persicum
GCF_002086915.1,NZ_MWQA01000009.1,1315,6347217,136,M.persicum
GCF_002086915.1,NZ_MWQA01000010.1,895,6347217,136,M.persicum
GCF_002086915.1,NZ_MWQA01000011.1,612,6347217,136,M.persicum
GCF_002086915.1,NZ_MWQA01000012.1,3604,6347217,136,M.persicum
GCF_002086915.1,NZ_MWQA01000013.1,1460,6347217,136,M.persicum
GCF_002086915.1,NZ_MWQA01000014.1,553,6347217,136,M.persicum
GCF_002086915.1,NZ_MWQA01000015.1,1764,6347217,136,M.persicum
GCF_002086915.1,NZ_MWQA01000016.1,2081,6347217,136,M.persicum
GCF_002086915.1,NZ_MWQA01000017.1,3055,6347217,136,M.persicum
GCF_002086915.1,NZ_MWQA01000018.1,1038,6347217,136,M.persicum
GCF_002086915.1,NZ_MWQA01000019.1,755,6347217,136,M.persicum
GCF_002086915.1,NZ_MWQA01000020.1,1094,6347217,136,M.persicum
GCF_002086915.1,NZ_MWQA01000021.1,1136,6347217,136,M.persicum
GCF_002086915.1,NZ_MWQA01000022.1,1864,6347217,136,M.persicum
GCF_002086915.1,NZ_MWQA01000023.1,9168,6347217,136,M.persicum
GCF_002086915.1,NZ_MWQA01000024.1,2238,6347217,136,M.persicum
GCF_002086915.1,NZ_MWQA01000025.1,18658,6347217,136,M.persicum
GCF_002086915.1,NZ_MWQA01000026.1,1716,6347217,136,M.persicum
GCF_002086915.1,NZ_MWQA01000027.1,666,6347217,136,M.persicum
GCF_002086915.1,NZ_MWQA01000028.1,3464,6347217,136,M.persicum
GCF_002086915.1,NZ_MWQA01000029.1,1497,6347217,136,M.persicum
GCF_002086915.1,NZ_MWQA01000030.1,3541,6347217,136,M.persicum
GCF_900453675.1,NZ_UGQI01000001.1,5289247,5313907,110,M.phlei
GCF_900453675.1,NZ_UGQI01000002.1,24660,5313907,110,M.phlei
GCF_010731115.1,NZ_AP022616.1,5853197,5853197,204,M.phocaicum
GCF_026242035.1,NZ_JAPJDN010000001.1,415489,6879965,197,M.pinniadriaticum
GCF_026242035.1,NZ_JAPJDN010000002.1,409470,6879965,197,M.pinniadriaticum
GCF_026242035.1,NZ_JAPJDN010000003.1,348169,6879965,197,M.pinniadriaticum
GCF_026242035.1,NZ_JAPJDN010000004.1,324380,6879965,197,M.pinniadriaticum
GCF_026242035.1,NZ_JAPJDN010000005.1,296783,6879965,197,M.pinniadriaticum
GCF_026242035.1,NZ_JAPJDN010000006.1,262685,6879965,197,M.pinniadriaticum
GCF_026242035.1,NZ_JAPJDN010000007.1,247146,6879965,197,M.pinniadriaticum
GCF_026242035.1,NZ_JAPJDN010000008.1,228122,6879965,197,M.pinniadriaticum
GCF_026242035.1,NZ_JAPJDN010000009.1,226653,6879965,197,M.pinniadriaticum
GCF_026242035.1,NZ_JAPJDN010000010.1,225461,6879965,197,M.pinniadriaticum
GCF_026242035.1,NZ_JAPJDN010000011.1,177716,6879965,197,M.pinniadriaticum
GCF_026242035.1,NZ_JAPJDN010000012.1,167559,6879965,197,M.pinniadriaticum
GCF_026242035.1,NZ_JAPJDN010000013.1,147621,6879965,197,M.pinniadriaticum
GCF_026242035.1,NZ_JAPJDN010000014.1,140993,6879965,197,M.pinniadriaticum
GCF_026242035.1,NZ_JAPJDN010000015.1,125396,6879965,197,M.pinniadriaticum
GCF_026242035.1,NZ_JAPJDN010000016.1,124673,6879965,197,M.pinniadriaticum
GCF_026242035.1,NZ_JAPJDN010000017.1,122861,6879965,197,M.pinniadriaticum
GCF_026242035.1,NZ_JAPJDN010000018.1,114592,6879965,197,M.pinniadriaticum
GCF_026242035.1,NZ_JAPJDN010000019.1,112194,6879965,197,M.pinniadriaticum
GCF_026242035.1,NZ_JAPJDN010000020.1,112113,6879965,197,M.pinniadriaticum
GCF_026242035.1,NZ_JAPJDN010000021.1,112087,6879965,197,M.pinniadriaticum
GCF_026242035.1,NZ_JAPJDN010000022.1,98822,6879965,197,M.pinniadriaticum
GCF_026242035.1,NZ_JAPJDN010000023.1,97370,6879965,197,M.pinniadriaticum
GCF_026242035.1,NZ_JAPJDN010000024.1,94285,6879965,197,M.pinniadriaticum
GCF_026242035.1,NZ_JAPJDN010000025.1,87961,6879965,197,M.pinniadriaticum
GCF_026242035.1,NZ_JAPJDN010000026.1,87696,6879965,197,M.pinniadriaticum
GCF_026242035.1,NZ_JAPJDN010000027.1,85681,6879965,197,M.pinniadriaticum
GCF_026242035.1,NZ_JAPJDN010000028.1,81653,6879965,197,M.pinniadriaticum
GCF_026242035.1,NZ_JAPJDN010000029.1,81187,6879965,197,M.pinniadriaticum
GCF_026242035.1,NZ_JAPJDN010000030.1,70157,6879965,197,M.pinniadriaticum
GCF_026242035.1,NZ_JAPJDN010000031.1,69717,6879965,197,M.pinniadriaticum
GCF_026242035.1,NZ_JAPJDN010000032.1,69624,6879965,197,M.pinniadriaticum
GCF_026242035.1,NZ_JAPJDN010000033.1,64824,6879965,197,M.pinniadriaticum
GCF_026242035.1,NZ_JAPJDN010000034.1,57130,6879965,197,M.pinniadriaticum
GCF_026242035.1,NZ_JAPJDN010000035.1,57086,6879965,197,M.pinniadriaticum
GCF_026242035.1,NZ_JAPJDN010000036.1,55458,6879965,197,M.pinniadriaticum
GCF_026242035.1,NZ_JAPJDN010000037.1,53847,6879965,197,M.pinniadriaticum
GCF_026242035.1,NZ_JAPJDN010000038.1,52408,6879965,197,M.pinniadriaticum
GCF_026242035.1,NZ_JAPJDN010000039.1,51369,6879965,197,M.pinniadriaticum
GCF_026242035.1,NZ_JAPJDN010000040.1,50881,6879965,197,M.pinniadriaticum
GCF_026242035.1,NZ_JAPJDN010000041.1,49429,6879965,197,M.pinniadriaticum
GCF_026242035.1,NZ_JAPJDN010000042.1,48023,6879965,197,M.pinniadriaticum
GCF_026242035.1,NZ_JAPJDN010000043.1,45742,6879965,197,M.pinniadriaticum
GCF_026242035.1,NZ_JAPJDN010000044.1,44397,6879965,197,M.pinniadriaticum
GCF_026242035.1,NZ_JAPJDN010000045.1,44167,6879965,197,M.pinniadriaticum
GCF_026242035.1,NZ_JAPJDN010000046.1,41960,6879965,197,M.pinniadriaticum
GCF_026242035.1,NZ_JAPJDN010000047.1,40782,6879965,197,M.pinniadriaticum
GCF_026242035.1,NZ_JAPJDN010000048.1,40601,6879965,197,M.pinniadriaticum
GCF_026242035.1,NZ_JAPJDN010000049.1,38323,6879965,197,M.pinniadriaticum
GCF_026242035.1,NZ_JAPJDN010000050.1,38313,6879965,197,M.pinniadriaticum
GCF_026242035.1,NZ_JAPJDN010000051.1,34439,6879965,197,M.pinniadriaticum
GCF_026242035.1,NZ_JAPJDN010000052.1,30723,6879965,197,M.pinniadriaticum
GCF_026242035.1,NZ_JAPJDN010000053.1,30358,6879965,197,M.pinniadriaticum
GCF_026242035.1,NZ_JAPJDN010000054.1,30086,6879965,197,M.pinniadriaticum
GCF_026242035.1,NZ_JAPJDN010000055.1,26985,6879965,197,M.pinniadriaticum
GCF_026242035.1,NZ_JAPJDN010000056.1,26561,6879965,197,M.pinniadriaticum
GCF_026242035.1,NZ_JAPJDN010000057.1,26551,6879965,197,M.pinniadriaticum
GCF_026242035.1,NZ_JAPJDN010000058.1,24973,6879965,197,M.pinniadriaticum
GCF_026242035.1,NZ_JAPJDN010000059.1,24327,6879965,197,M.pinniadriaticum
GCF_026242035.1,NZ_JAPJDN010000060.1,21780,6879965,197,M.pinniadriaticum
GCF_026242035.1,NZ_JAPJDN010000061.1,21294,6879965,197,M.pinniadriaticum
GCF_026242035.1,NZ_JAPJDN010000062.1,20848,6879965,197,M.pinniadriaticum
GCF_026242035.1,NZ_JAPJDN010000063.1,20489,6879965,197,M.pinniadriaticum
GCF_026242035.1,NZ_JAPJDN010000064.1,20307,6879965,197,M.pinniadriaticum
GCF_026242035.1,NZ_JAPJDN010000065.1,20068,6879965,197,M.pinniadriaticum
GCF_026242035.1,NZ_JAPJDN010000066.1,19727,6879965,197,M.pinniadriaticum
GCF_026242035.1,NZ_JAPJDN010000067.1,18595,6879965,197,M.pinniadriaticum
GCF_026242035.1,NZ_JAPJDN010000068.1,18354,6879965,197,M.pinniadriaticum
GCF_026242035.1,NZ_JAPJDN010000069.1,18118,6879965,197,M.pinniadriaticum
GCF_026242035.1,NZ_JAPJDN010000070.1,14173,6879965,197,M.pinniadriaticum
GCF_026242035.1,NZ_JAPJDN010000071.1,10327,6879965,197,M.pinniadriaticum
GCF_026242035.1,NZ_JAPJDN010000072.1,10073,6879965,197,M.pinniadriaticum
GCF_026242035.1,NZ_JAPJDN010000073.1,9728,6879965,197,M.pinniadriaticum
GCF_026242035.1,NZ_JAPJDN010000074.1,9368,6879965,197,M.pinniadriaticum
GCF_026242035.1,NZ_JAPJDN010000075.1,9193,6879965,197,M.pinniadriaticum
GCF_026242035.1,NZ_JAPJDN010000076.1,8456,6879965,197,M.pinniadriaticum
GCF_026242035.1,NZ_JAPJDN010000077.1,7947,6879965,197,M.pinniadriaticum
GCF_026242035.1,NZ_JAPJDN010000078.1,7593,6879965,197,M.pinniadriaticum
GCF_026242035.1,NZ_JAPJDN010000079.1,6493,6879965,197,M.pinniadriaticum
GCF_026242035.1,NZ_JAPJDN010000080.1,6269,6879965,197,M.pinniadriaticum
GCF_026242035.1,NZ_JAPJDN010000081.1,6037,6879965,197,M.pinniadriaticum
GCF_026242035.1,NZ_JAPJDN010000082.1,5833,6879965,197,M.pinniadriaticum
GCF_026242035.1,NZ_JAPJDN010000083.1,5447,6879965,197,M.pinniadriaticum
GCF_026242035.1,NZ_JAPJDN010000084.1,4654,6879965,197,M.pinniadriaticum
GCF_026242035.1,NZ_JAPJDN010000085.1,4090,6879965,197,M.pinniadriaticum
GCF_026242035.1,NZ_JAPJDN010000086.1,3468,6879965,197,M.pinniadriaticum
GCF_026242035.1,NZ_JAPJDN010000087.1,3407,6879965,197,M.pinniadriaticum
GCF_026242035.1,NZ_JAPJDN010000088.1,3075,6879965,197,M.pinniadriaticum
GCF_026242035.1,NZ_JAPJDN010000089.1,2867,6879965,197,M.pinniadriaticum
GCF_026242035.1,NZ_JAPJDN010000090.1,2262,6879965,197,M.pinniadriaticum
GCF_026242035.1,NZ_JAPJDN010000091.1,2205,6879965,197,M.pinniadriaticum
GCF_026242035.1,NZ_JAPJDN010000092.1,1901,6879965,197,M.pinniadriaticum
GCF_026242035.1,NZ_JAPJDN010000093.1,1840,6879965,197,M.pinniadriaticum
GCF_026242035.1,NZ_JAPJDN010000094.1,1780,6879965,197,M.pinniadriaticum
GCF_026242035.1,NZ_JAPJDN010000095.1,1717,6879965,197,M.pinniadriaticum
GCF_026242035.1,NZ_JAPJDN010000096.1,1664,6879965,197,M.pinniadriaticum
GCF_026242035.1,NZ_JAPJDN010000097.1,1650,6879965,197,M.pinniadriaticum
GCF_026242035.1,NZ_JAPJDN010000098.1,1643,6879965,197,M.pinniadriaticum
GCF_026242035.1,NZ_JAPJDN010000099.1,1522,6879965,197,M.pinniadriaticum
GCF_026242035.1,NZ_JAPJDN010000100.1,1501,6879965,197,M.pinniadriaticum
GCF_026242035.1,NZ_JAPJDN010000101.1,1429,6879965,197,M.pinniadriaticum
GCF_026242035.1,NZ_JAPJDN010000102.1,1423,6879965,197,M.pinniadriaticum
GCF_026242035.1,NZ_JAPJDN010000103.1,1298,6879965,197,M.pinniadriaticum
GCF_026242035.1,NZ_JAPJDN010000104.1,1231,6879965,197,M.pinniadriaticum
GCF_026242035.1,NZ_JAPJDN010000105.1,1220,6879965,197,M.pinniadriaticum
GCF_026242035.1,NZ_JAPJDN010000106.1,1210,6879965,197,M.pinniadriaticum
GCF_026242035.1,NZ_JAPJDN010000107.1,1205,6879965,197,M.pinniadriaticum
GCF_026242035.1,NZ_JAPJDN010000108.1,1161,6879965,197,M.pinniadriaticum
GCF_026242035.1,NZ_JAPJDN010000109.1,1094,6879965,197,M.pinniadriaticum
GCF_026242035.1,NZ_JAPJDN010000110.1,1025,6879965,197,M.pinniadriaticum
GCF_026242035.1,NZ_JAPJDN010000111.1,951,6879965,197,M.pinniadriaticum
GCF_026242035.1,NZ_JAPJDN010000112.1,949,6879965,197,M.pinniadriaticum
GCF_026242035.1,NZ_JAPJDN010000113.1,887,6879965,197,M.pinniadriaticum
GCF_026242035.1,NZ_JAPJDN010000114.1,719,6879965,197,M.pinniadriaticum
GCF_026242035.1,NZ_JAPJDN010000115.1,679,6879965,197,M.pinniadriaticum
GCF_026242035.1,NZ_JAPJDN010000116.1,636,6879965,197,M.pinniadriaticum
GCF_026242035.1,NZ_JAPJDN010000117.1,597,6879965,197,M.pinniadriaticum
GCF_026242035.1,NZ_JAPJDN010000118.1,596,6879965,197,M.pinniadriaticum
GCF_026242035.1,NZ_JAPJDN010000119.1,596,6879965,197,M.pinniadriaticum
GCF_026242035.1,NZ_JAPJDN010000120.1,578,6879965,197,M.pinniadriaticum
GCF_026242035.1,NZ_JAPJDN010000121.1,535,6879965,197,M.pinniadriaticum
GCF_026242035.1,NZ_JAPJDN010000122.1,535,6879965,197,M.pinniadriaticum
GCF_026242035.1,NZ_JAPJDN010000123.1,494,6879965,197,M.pinniadriaticum
GCF_026242035.1,NZ_JAPJDN010000124.1,420,6879965,197,M.pinniadriaticum
GCF_026242035.1,NZ_JAPJDN010000125.1,370,6879965,197,M.pinniadriaticum
GCF_026242035.1,NZ_JAPJDN010000126.1,351,6879965,197,M.pinniadriaticum
GCF_026242035.1,NZ_JAPJDN010000127.1,337,6879965,197,M.pinniadriaticum
GCF_026242035.1,NZ_JAPJDN010000128.1,308,6879965,197,M.pinniadriaticum
GCF_026242035.1,NZ_JAPJDN010000129.1,228,6879965,197,M.pinniadriaticum
GCF_026242035.1,NZ_JAPJDN010000130.1,222,6879965,197,M.pinniadriaticum
GCF_026242035.1,NZ_JAPJDN010000131.1,222,6879965,197,M.pinniadriaticum
GCF_026242035.1,NZ_JAPJDN010000132.1,221,6879965,197,M.pinniadriaticum
GCF_026242035.1,NZ_JAPJDN010000133.1,221,6879965,197,M.pinniadriaticum
GCF_026242035.1,NZ_JAPJDN010000134.1,221,6879965,197,M.pinniadriaticum
GCF_026242035.1,NZ_JAPJDN010000135.1,221,6879965,197,M.pinniadriaticum
GCF_026242035.1,NZ_JAPJDN010000136.1,221,6879965,197,M.pinniadriaticum
GCF_026242035.1,NZ_JAPJDN010000137.1,221,6879965,197,M.pinniadriaticum
GCF_026242035.1,NZ_JAPJDN010000138.1,220,6879965,197,M.pinniadriaticum
GCF_026242035.1,NZ_JAPJDN010000139.1,220,6879965,197,M.pinniadriaticum
GCF_026242035.1,NZ_JAPJDN010000140.1,220,6879965,197,M.pinniadriaticum
GCF_026242035.1,NZ_JAPJDN010000141.1,220,6879965,197,M.pinniadriaticum
GCF_026242035.1,NZ_JAPJDN010000142.1,219,6879965,197,M.pinniadriaticum
GCF_026242035.1,NZ_JAPJDN010000143.1,212,6879965,197,M.pinniadriaticum
GCF_900289185.1,NZ_OLMG01000001.1,3566527,6977991,157,M.porcinum
GCF_900289185.1,NZ_OLMG01000002.1,58534,6977991,157,M.porcinum
GCF_900289185.1,NZ_OLMG01000003.1,489224,6977991,157,M.porcinum
GCF_900289185.1,NZ_OLMG01000004.1,816463,6977991,157,M.porcinum
GCF_900289185.1,NZ_OLMG01000005.1,2047243,6977991,157,M.porcinum
GCF_010728325.1,NZ_AP022570.1,5712830,5712830,186,M.poriferae
GCF_900566075.1,NZ_UPHU01000001.1,6308341,6425786,82,M.pseudokansasii
GCF_900566075.1,NZ_UPHU01000002.1,117445,6425786,82,M.pseudokansasii
GCF_003584745.1,NZ_AP018410.1,6061597,6061597,5,M.pseudoshottsii
GCF_010729305.1,NZ_AP022574.1,5732362,5732362,183,M.psychrotolerans
GCF_010725725.1,NZ_AP022599.1,5484749,5484749,76,M.pulveris
GCF_025821625.1,NZ_JACKSH010000001.1,2354,6688400,209,M.pyrenivorans
GCF_025821625.1,NZ_JACKSH010000002.1,20631,6688400,209,M.pyrenivorans
GCF_025821625.1,NZ_JACKSH010000003.1,329,6688400,209,M.pyrenivorans
GCF_025821625.1,NZ_JACKSH010000004.1,2228,6688400,209,M.pyrenivorans
GCF_025821625.1,NZ_JACKSH010000005.1,98822,6688400,209,M.pyrenivorans
GCF_025821625.1,NZ_JACKSH010000006.1,9875,6688400,209,M.pyrenivorans
GCF_025821625.1,NZ_JACKSH010000007.1,12388,6688400,209,M.pyrenivorans
GCF_025821625.1,NZ_JACKSH010000008.1,391,6688400,209,M.pyrenivorans
GCF_025821625.1,NZ_JACKSH010000009.1,366,6688400,209,M.pyrenivorans
GCF_025821625.1,NZ_JACKSH010000010.1,54002,6688400,209,M.pyrenivorans
GCF_025821625.1,NZ_JACKSH010000011.1,20206,6688400,209,M.pyrenivorans
GCF_025821625.1,NZ_JACKSH010000012.1,489,6688400,209,M.pyrenivorans
GCF_025821625.1,NZ_JACKSH010000013.1,535,6688400,209,M.pyrenivorans
GCF_025821625.1,NZ_JACKSH010000014.1,1376,6688400,209,M.pyrenivorans
GCF_025821625.1,NZ_JACKSH010000015.1,276,6688400,209,M.pyrenivorans
GCF_025821625.1,NZ_JACKSH010000016.1,61360,6688400,209,M.pyrenivorans
GCF_025821625.1,NZ_JACKSH010000017.1,53208,6688400,209,M.pyrenivorans
GCF_025821625.1,NZ_JACKSH010000018.1,139614,6688400,209,M.pyrenivorans
GCF_025821625.1,NZ_JACKSH010000019.1,333,6688400,209,M.pyrenivorans
GCF_025821625.1,NZ_JACKSH010000020.1,43638,6688400,209,M.pyrenivorans
GCF_025821625.1,NZ_JACKSH010000021.1,547,6688400,209,M.pyrenivorans
GCF_025821625.1,NZ_JACKSH010000022.1,54126,6688400,209,M.pyrenivorans
GCF_025821625.1,NZ_JACKSH010000023.1,56904,6688400,209,M.pyrenivorans
GCF_025821625.1,NZ_JACKSH010000024.1,102431,6688400,209,M.pyrenivorans
GCF_025821625.1,NZ_JACKSH010000025.1,15241,6688400,209,M.pyrenivorans
GCF_025821625.1,NZ_JACKSH010000026.1,144713,6688400,209,M.pyrenivorans
GCF_025821625.1,NZ_JACKSH010000027.1,78585,6688400,209,M.pyrenivorans
GCF_025821625.1,NZ_JACKSH010000028.1,60303,6688400,209,M.pyrenivorans
GCF_025821625.1,NZ_JACKSH010000029.1,986,6688400,209,M.pyrenivorans
GCF_025821625.1,NZ_JACKSH010000030.1,997,6688400,209,M.pyrenivorans
GCF_025821625.1,NZ_JACKSH010000031.1,1089,6688400,209,M.pyrenivorans
GCF_025821625.1,NZ_JACKSH010000032.1,41129,6688400,209,M.pyrenivorans
GCF_025821625.1,NZ_JACKSH010000033.1,620,6688400,209,M.pyrenivorans
GCF_025821625.1,NZ_JACKSH010000034.1,2428,6688400,209,M.pyrenivorans
GCF_025821625.1,NZ_JACKSH010000035.1,6056,6688400,209,M.pyrenivorans
GCF_025821625.1,NZ_JACKSH010000036.1,487,6688400,209,M.pyrenivorans
GCF_025821625.1,NZ_JACKSH010000037.1,2670,6688400,209,M.pyrenivorans
GCF_025821625.1,NZ_JACKSH010000038.1,22505,6688400,209,M.pyrenivorans
GCF_025821625.1,NZ_JACKSH010000039.1,100704,6688400,209,M.pyrenivorans
GCF_025821625.1,NZ_JACKSH010000040.1,388,6688400,209,M.pyrenivorans
GCF_025821625.1,NZ_JACKSH010000041.1,15161,6688400,209,M.pyrenivorans
GCF_025821625.1,NZ_JACKSH010000042.1,2172,6688400,209,M.pyrenivorans
GCF_025821625.1,NZ_JACKSH010000043.1,202,6688400,209,M.pyrenivorans
GCF_025821625.1,NZ_JACKSH010000044.1,848,6688400,209,M.pyrenivorans
GCF_025821625.1,NZ_JACKSH010000045.1,22996,6688400,209,M.pyrenivorans
GCF_025821625.1,NZ_JACKSH010000046.1,86323,6688400,209,M.pyrenivorans
GCF_025821625.1,NZ_JACKSH010000047.1,511,6688400,209,M.pyrenivorans
GCF_025821625.1,NZ_JACKSH010000048.1,952,6688400,209,M.pyrenivorans
GCF_025821625.1,NZ_JACKSH010000049.1,1798,6688400,209,M.pyrenivorans
GCF_025821625.1,NZ_JACKSH010000050.1,164299,6688400,209,M.pyrenivorans
GCF_025821625.1,NZ_JACKSH010000051.1,447,6688400,209,M.pyrenivorans
GCF_025821625.1,NZ_JACKSH010000052.1,1952,6688400,209,M.pyrenivorans
GCF_025821625.1,NZ_JACKSH010000053.1,13117,6688400,209,M.pyrenivorans
GCF_025821625.1,NZ_JACKSH010000054.1,65576,6688400,209,M.pyrenivorans
GCF_025821625.1,NZ_JACKSH010000055.1,27454,6688400,209,M.pyrenivorans
GCF_025821625.1,NZ_JACKSH010000056.1,600,6688400,209,M.pyrenivorans
GCF_025821625.1,NZ_JACKSH010000057.1,7885,6688400,209,M.pyrenivorans
GCF_025821625.1,NZ_JACKSH010000058.1,733,6688400,209,M.pyrenivorans
GCF_025821625.1,NZ_JACKSH010000059.1,398,6688400,209,M.pyrenivorans
GCF_025821625.1,NZ_JACKSH010000060.1,112647,6688400,209,M.pyrenivorans
GCF_025821625.1,NZ_JACKSH010000061.1,2253,6688400,209,M.pyrenivorans
GCF_025821625.1,NZ_JACKSH010000062.1,2400,6688400,209,M.pyrenivorans
GCF_025821625.1,NZ_JACKSH010000063.1,329,6688400,209,M.pyrenivorans
GCF_025821625.1,NZ_JACKSH010000064.1,7637,6688400,209,M.pyrenivorans
GCF_025821625.1,NZ_JACKSH010000065.1,154683,6688400,209,M.pyrenivorans
GCF_025821625.1,NZ_JACKSH010000066.1,317,6688400,209,M.pyrenivorans
GCF_025821625.1,NZ_JACKSH010000067.1,370,6688400,209,M.pyrenivorans
GCF_025821625.1,NZ_JACKSH010000068.1,10473,6688400,209,M.pyrenivorans
GCF_025821625.1,NZ_JACKSH010000069.1,12937,6688400,209,M.pyrenivorans
GCF_025821625.1,NZ_JACKSH010000070.1,434,6688400,209,M.pyrenivorans
GCF_025821625.1,NZ_JACKSH010000071.1,442,6688400,209,M.pyrenivorans
GCF_025821625.1,NZ_JACKSH010000072.1,38843,6688400,209,M.pyrenivorans
GCF_025821625.1,NZ_JACKSH010000073.1,20950,6688400,209,M.pyrenivorans
GCF_025821625.1,NZ_JACKSH010000074.1,476,6688400,209,M.pyrenivorans
GCF_025821625.1,NZ_JACKSH010000075.1,55793,6688400,209,M.pyrenivorans
GCF_025821625.1,NZ_JACKSH010000076.1,2330,6688400,209,M.pyrenivorans
GCF_025821625.1,NZ_JACKSH010000077.1,352,6688400,209,M.pyrenivorans
GCF_025821625.1,NZ_JACKSH010000078.1,9755,6688400,209,M.pyrenivorans
GCF_025821625.1,NZ_JACKSH010000079.1,1375,6688400,209,M.pyrenivorans
GCF_025821625.1,NZ_JACKSH010000080.1,235,6688400,209,M.pyrenivorans
GCF_025821625.1,NZ_JACKSH010000081.1,24901,6688400,209,M.pyrenivorans
GCF_025821625.1,NZ_JACKSH010000082.1,38086,6688400,209,M.pyrenivorans
GCF_025821625.1,NZ_JACKSH010000083.1,222,6688400,209,M.pyrenivorans
GCF_025821625.1,NZ_JACKSH010000084.1,425,6688400,209,M.pyrenivorans
GCF_025821625.1,NZ_JACKSH010000085.1,446,6688400,209,M.pyrenivorans
GCF_025821625.1,NZ_JACKSH010000086.1,14428,6688400,209,M.pyrenivorans
GCF_025821625.1,NZ_JACKSH010000087.1,459,6688400,209,M.pyrenivorans
GCF_025821625.1,NZ_JACKSH010000088.1,764,6688400,209,M.pyrenivorans
GCF_025821625.1,NZ_JACKSH010000089.1,132506,6688400,209,M.pyrenivorans
GCF_025821625.1,NZ_JACKSH010000090.1,25294,6688400,209,M.pyrenivorans
GCF_025821625.1,NZ_JACKSH010000091.1,524,6688400,209,M.pyrenivorans
GCF_025821625.1,NZ_JACKSH010000092.1,82974,6688400,209,M.pyrenivorans
GCF_025821625.1,NZ_JACKSH010000093.1,610,6688400,209,M.pyrenivorans
GCF_025821625.1,NZ_JACKSH010000094.1,1006,6688400,209,M.pyrenivorans
GCF_025821625.1,NZ_JACKSH010000095.1,1432,6688400,209,M.pyrenivorans
GCF_025821625.1,NZ_JACKSH010000096.1,15076,6688400,209,M.pyrenivorans
GCF_025821625.1,NZ_JACKSH010000097.1,141420,6688400,209,M.pyrenivorans
GCF_025821625.1,NZ_JACKSH010000098.1,15137,6688400,209,M.pyrenivorans
GCF_025821625.1,NZ_JACKSH010000099.1,31209,6688400,209,M.pyrenivorans
GCF_025821625.1,NZ_JACKSH010000100.1,34755,6688400,209,M.pyrenivorans
GCF_025821625.1,NZ_JACKSH010000101.1,101623,6688400,209,M.pyrenivorans
GCF_025821625.1,NZ_JACKSH010000102.1,25853,6688400,209,M.pyrenivorans
GCF_025821625.1,NZ_JACKSH010000103.1,2208,6688400,209,M.pyrenivorans
GCF_025821625.1,NZ_JACKSH010000104.1,651,6688400,209,M.pyrenivorans
GCF_025821625.1,NZ_JACKSH010000105.1,205,6688400,209,M.pyrenivorans
GCF_025821625.1,NZ_JACKSH010000106.1,6964,6688400,209,M.pyrenivorans
GCF_025821625.1,NZ_JACKSH010000107.1,88899,6688400,209,M.pyrenivorans
GCF_025821625.1,NZ_JACKSH010000108.1,27352,6688400,209,M.pyrenivorans
GCF_025821625.1,NZ_JACKSH010000109.1,3843,6688400,209,M.pyrenivorans
GCF_025821625.1,NZ_JACKSH010000110.1,34784,6688400,209,M.pyrenivorans
GCF_025821625.1,NZ_JACKSH010000111.1,1339,6688400,209,M.pyrenivorans
GCF_025821625.1,NZ_JACKSH010000112.1,1248,6688400,209,M.pyrenivorans
GCF_025821625.1,NZ_JACKSH010000113.1,22052,6688400,209,M.pyrenivorans
GCF_025821625.1,NZ_JACKSH010000114.1,765,6688400,209,M.pyrenivorans
GCF_025821625.1,NZ_JACKSH010000115.1,1063,6688400,209,M.pyrenivorans
GCF_025821625.1,NZ_JACKSH010000116.1,7926,6688400,209,M.pyrenivorans
GCF_025821625.1,NZ_JACKSH010000117.1,420,6688400,209,M.pyrenivorans
GCF_025821625.1,NZ_JACKSH010000118.1,383,6688400,209,M.pyrenivorans
GCF_025821625.1,NZ_JACKSH010000119.1,159085,6688400,209,M.pyrenivorans
GCF_025821625.1,NZ_JACKSH010000120.1,19733,6688400,209,M.pyrenivorans
GCF_025821625.1,NZ_JACKSH010000121.1,44333,6688400,209,M.pyrenivorans
GCF_025821625.1,NZ_JACKSH010000122.1,551,6688400,209,M.pyrenivorans
GCF_025821625.1,NZ_JACKSH010000123.1,43254,6688400,209,M.pyrenivorans
GCF_025821625.1,NZ_JACKSH010000124.1,387,6688400,209,M.pyrenivorans
GCF_025821625.1,NZ_JACKSH010000125.1,41205,6688400,209,M.pyrenivorans
GCF_025821625.1,NZ_JACKSH010000126.1,627,6688400,209,M.pyrenivorans
GCF_025821625.1,NZ_JACKSH010000127.1,611,6688400,209,M.pyrenivorans
GCF_025821625.1,NZ_JACKSH010000128.1,6766,6688400,209,M.pyrenivorans
GCF_025821625.1,NZ_JACKSH010000129.1,788,6688400,209,M.pyrenivorans
GCF_025821625.1,NZ_JACKSH010000130.1,14108,6688400,209,M.pyrenivorans
GCF_025821625.1,NZ_JACKSH010000131.1,1552,6688400,209,M.pyrenivorans
GCF_025821625.1,NZ_JACKSH010000132.1,1971,6688400,209,M.pyrenivorans
GCF_025821625.1,NZ_JACKSH010000133.1,439,6688400,209,M.pyrenivorans
GCF_025821625.1,NZ_JACKSH010000134.1,38374,6688400,209,M.pyrenivorans
GCF_025821625.1,NZ_JACKSH010000135.1,31063,6688400,209,M.pyrenivorans
GCF_025821625.1,NZ_JACKSH010000136.1,398,6688400,209,M.pyrenivorans
GCF_025821625.1,NZ_JACKSH010000137.1,746,6688400,209,M.pyrenivorans
GCF_025821625.1,NZ_JACKSH010000138.1,359,6688400,209,M.pyrenivorans
GCF_025821625.1,NZ_JACKSH010000139.1,1361,6688400,209,M.pyrenivorans
GCF_025821625.1,NZ_JACKSH010000140.1,3709,6688400,209,M.pyrenivorans
GCF_025821625.1,NZ_JACKSH010000141.1,266,6688400,209,M.pyrenivorans
GCF_025821625.1,NZ_JACKSH010000142.1,397,6688400,209,M.pyrenivorans
GCF_025821625.1,NZ_JACKSH010000143.1,47413,6688400,209,M.pyrenivorans
GCF_025821625.1,NZ_JACKSH010000144.1,37794,6688400,209,M.pyrenivorans
GCF_025821625.1,NZ_JACKSH010000145.1,42409,6688400,209,M.pyrenivorans
GCF_025821625.1,NZ_JACKSH010000146.1,3378,6688400,209,M.pyrenivorans
GCF_025821625.1,NZ_JACKSH010000147.1,224,6688400,209,M.pyrenivorans
GCF_025821625.1,NZ_JACKSH010000148.1,134837,6688400,209,M.pyrenivorans
GCF_025821625.1,NZ_JACKSH010000149.1,3796,6688400,209,M.pyrenivorans
GCF_025821625.1,NZ_JACKSH010000150.1,388,6688400,209,M.pyrenivorans
GCF_025821625.1,NZ_JACKSH010000151.1,168282,6688400,209,M.pyrenivorans
GCF_025821625.1,NZ_JACKSH010000152.1,14894,6688400,209,M.pyrenivorans
GCF_025821625.1,NZ_JACKSH010000153.1,480,6688400,209,M.pyrenivorans
GCF_025821625.1,NZ_JACKSH010000154.1,41718,6688400,209,M.pyrenivorans
GCF_025821625.1,NZ_JACKSH010000155.1,300,6688400,209,M.pyrenivorans
GCF_025821625.1,NZ_JACKSH010000156.1,6497,6688400,209,M.pyrenivorans
GCF_025821625.1,NZ_JACKSH010000157.1,31074,6688400,209,M.pyrenivorans
GCF_025821625.1,NZ_JACKSH010000158.1,10135,6688400,209,M.pyrenivorans
GCF_025821625.1,NZ_JACKSH010000159.1,1772,6688400,209,M.pyrenivorans
GCF_025821625.1,NZ_JACKSH010000160.1,3317,6688400,209,M.pyrenivorans
GCF_025821625.1,NZ_JACKSH010000161.1,15770,6688400,209,M.pyrenivorans
GCF_025821625.1,NZ_JACKSH010000162.1,23936,6688400,209,M.pyrenivorans
GCF_025821625.1,NZ_JACKSH010000163.1,344,6688400,209,M.pyrenivorans
GCF_025821625.1,NZ_JACKSH010000164.1,23612,6688400,209,M.pyrenivorans
GCF_025821625.1,NZ_JACKSH010000165.1,2159,6688400,209,M.pyrenivorans
GCF_025821625.1,NZ_JACKSH010000166.1,48495,6688400,209,M.pyrenivorans
GCF_025821625.1,NZ_JACKSH010000167.1,348,6688400,209,M.pyrenivorans
GCF_025821625.1,NZ_JACKSH010000168.1,34322,6688400,209,M.pyrenivorans
GCF_025821625.1,NZ_JACKSH010000169.1,556,6688400,209,M.pyrenivorans
GCF_025821625.1,NZ_JACKSH010000170.1,503,6688400,209,M.pyrenivorans
GCF_025821625.1,NZ_JACKSH010000171.1,50352,6688400,209,M.pyrenivorans
GCF_025821625.1,NZ_JACKSH010000172.1,824,6688400,209,M.pyrenivorans
GCF_025821625.1,NZ_JACKSH010000173.1,7416,6688400,209,M.pyrenivorans
GCF_025821625.1,NZ_JACKSH010000174.1,1577,6688400,209,M.pyrenivorans
GCF_025821625.1,NZ_JACKSH010000175.1,25770,6688400,209,M.pyrenivorans
GCF_025821625.1,NZ_JACKSH010000176.1,514,6688400,209,M.pyrenivorans
GCF_025821625.1,NZ_JACKSH010000177.1,399,6688400,209,M.pyrenivorans
GCF_025821625.1,NZ_JACKSH010000178.1,640,6688400,209,M.pyrenivorans
GCF_025821625.1,NZ_JACKSH010000179.1,570,6688400,209,M.pyrenivorans
GCF_025821625.1,NZ_JACKSH010000180.1,14491,6688400,209,M.pyrenivorans
GCF_025821625.1,NZ_JACKSH010000181.1,47669,6688400,209,M.pyrenivorans
GCF_025821625.1,NZ_JACKSH010000182.1,574,6688400,209,M.pyrenivorans
GCF_025821625.1,NZ_JACKSH010000183.1,434,6688400,209,M.pyrenivorans
GCF_025821625.1,NZ_JACKSH010000184.1,46815,6688400,209,M.pyrenivorans
GCF_025821625.1,NZ_JACKSH010000185.1,78849,6688400,209,M.pyrenivorans
GCF_025821625.1,NZ_JACKSH010000186.1,5161,6688400,209,M.pyrenivorans
GCF_025821625.1,NZ_JACKSH010000187.1,75557,6688400,209,M.pyrenivorans
GCF_025821625.1,NZ_JACKSH010000188.1,22226,6688400,209,M.pyrenivorans
GCF_025821625.1,NZ_JACKSH010000189.1,338,6688400,209,M.pyrenivorans
GCF_025821625.1,NZ_JACKSH010000190.1,107720,6688400,209,M.pyrenivorans
GCF_025821625.1,NZ_JACKSH010000191.1,381,6688400,209,M.pyrenivorans
GCF_025821625.1,NZ_JACKSH010000192.1,43960,6688400,209,M.pyrenivorans
GCF_025821625.1,NZ_JACKSH010000193.1,418,6688400,209,M.pyrenivorans
GCF_025821625.1,NZ_JACKSH010000194.1,8352,6688400,209,M.pyrenivorans
GCF_025821625.1,NZ_JACKSH010000195.1,39615,6688400,209,M.pyrenivorans
GCF_025821625.1,NZ_JACKSH010000196.1,335,6688400,209,M.pyrenivorans
GCF_025821625.1,NZ_JACKSH010000197.1,364,6688400,209,M.pyrenivorans
GCF_025821625.1,NZ_JACKSH010000198.1,2838,6688400,209,M.pyrenivorans
GCF_025821625.1,NZ_JACKSH010000199.1,21043,6688400,209,M.pyrenivorans
GCF_025821625.1,NZ_JACKSH010000200.1,323,6688400,209,M.pyrenivorans
GCF_025821625.1,NZ_JACKSH010000201.1,5770,6688400,209,M.pyrenivorans
GCF_025821625.1,NZ_JACKSH010000202.1,20476,6688400,209,M.pyrenivorans
GCF_025821625.1,NZ_JACKSH010000203.1,610,6688400,209,M.pyrenivorans
GCF_025821625.1,NZ_JACKSH010000204.1,912,6688400,209,M.pyrenivorans
GCF_025821625.1,NZ_JACKSH010000205.1,431,6688400,209,M.pyrenivorans
GCF_025821625.1,NZ_JACKSH010000206.1,45070,6688400,209,M.pyrenivorans
GCF_025821625.1,NZ_JACKSH010000207.1,365,6688400,209,M.pyrenivorans
GCF_025821625.1,NZ_JACKSH010000208.1,29334,6688400,209,M.pyrenivorans
GCF_025821625.1,NZ_JACKSH010000209.1,15431,6688400,209,M.pyrenivorans
GCF_025821625.1,NZ_JACKSH010000210.1,488,6688400,209,M.pyrenivorans
GCF_025821625.1,NZ_JACKSH010000211.1,43018,6688400,209,M.pyrenivorans
GCF_025821625.1,NZ_JACKSH010000212.1,300,6688400,209,M.pyrenivorans
GCF_025821625.1,NZ_JACKSH010000213.1,547,6688400,209,M.pyrenivorans
GCF_025821625.1,NZ_JACKSH010000214.1,665,6688400,209,M.pyrenivorans
GCF_025821625.1,NZ_JACKSH010000215.1,13103,6688400,209,M.pyrenivorans
GCF_025821625.1,NZ_JACKSH010000216.1,2050,6688400,209,M.pyrenivorans
GCF_025821625.1,NZ_JACKSH010000217.1,705,6688400,209,M.pyrenivorans
GCF_025821625.1,NZ_JACKSH010000218.1,266,6688400,209,M.pyrenivorans
GCF_025821625.1,NZ_JACKSH010000219.1,961,6688400,209,M.pyrenivorans
GCF_025821625.1,NZ_JACKSH010000220.1,486,6688400,209,M.pyrenivorans
GCF_025821625.1,NZ_JACKSH010000221.1,61809,6688400,209,M.pyrenivorans
GCF_025821625.1,NZ_JACKSH010000222.1,7258,6688400,209,M.pyrenivorans
GCF_025821625.1,NZ_JACKSH010000223.1,549,6688400,209,M.pyrenivorans
GCF_025821625.1,NZ_JACKSH010000224.1,60948,6688400,209,M.pyrenivorans
GCF_025821625.1,NZ_JACKSH010000225.1,386,6688400,209,M.pyrenivorans
GCF_025821625.1,NZ_JACKSH010000226.1,388,6688400,209,M.pyrenivorans
GCF_025821625.1,NZ_JACKSH010000227.1,3336,6688400,209,M.pyrenivorans
GCF_025821625.1,NZ_JACKSH010000228.1,407,6688400,209,M.pyrenivorans
GCF_025821625.1,NZ_JACKSH010000229.1,291,6688400,209,M.pyrenivorans
GCF_025821625.1,NZ_JACKSH010000230.1,420,6688400,209,M.pyrenivorans
GCF_025821625.1,NZ_JACKSH010000231.1,350,6688400,209,M.pyrenivorans
GCF_025821625.1,NZ_JACKSH010000232.1,42054,6688400,209,M.pyrenivorans
GCF_025821625.1,NZ_JACKSH010000233.1,310,6688400,209,M.pyrenivorans
GCF_025821625.1,NZ_JACKSH010000234.1,49906,6688400,209,M.pyrenivorans
GCF_025821625.1,NZ_JACKSH010000235.1,366,6688400,209,M.pyrenivorans
GCF_025821625.1,NZ_JACKSH010000236.1,31142,6688400,209,M.pyrenivorans
GCF_025821625.1,NZ_JACKSH010000237.1,178897,6688400,209,M.pyrenivorans
GCF_025821625.1,NZ_JACKSH010000238.1,6368,6688400,209,M.pyrenivorans
GCF_025821625.1,NZ_JACKSH010000239.1,16030,6688400,209,M.pyrenivorans
GCF_025821625.1,NZ_JACKSH010000240.1,3649,6688400,209,M.pyrenivorans
GCF_025821625.1,NZ_JACKSH010000241.1,22844,6688400,209,M.pyrenivorans
GCF_025821625.1,NZ_JACKSH010000242.1,1037,6688400,209,M.pyrenivorans
GCF_025821625.1,NZ_JACKSH010000243.1,342,6688400,209,M.pyrenivorans
GCF_025821625.1,NZ_JACKSH010000244.1,15441,6688400,209,M.pyrenivorans
GCF_025821625.1,NZ_JACKSH010000245.1,1434,6688400,209,M.pyrenivorans
GCF_025821625.1,NZ_JACKSH010000246.1,3772,6688400,209,M.pyrenivorans
GCF_025821625.1,NZ_JACKSH010000247.1,6114,6688400,209,M.pyrenivorans
GCF_025821625.1,NZ_JACKSH010000248.1,47613,6688400,209,M.pyrenivorans
GCF_025821625.1,NZ_JACKSH010000249.1,934,6688400,209,M.pyrenivorans
GCF_025821625.1,NZ_JACKSH010000250.1,62276,6688400,209,M.pyrenivorans
GCF_025821625.1,NZ_JACKSH010000251.1,23869,6688400,209,M.pyrenivorans
GCF_025821625.1,NZ_JACKSH010000252.1,508,6688400,209,M.pyrenivorans
GCF_025821625.1,NZ_JACKSH010000253.1,122571,6688400,209,M.pyrenivorans
GCF_025821625.1,NZ_JACKSH010000254.1,18152,6688400,209,M.pyrenivorans
GCF_025821625.1,NZ_JACKSH010000255.1,1638,6688400,209,M.pyrenivorans
GCF_025821625.1,NZ_JACKSH010000256.1,7526,6688400,209,M.pyrenivorans
GCF_025821625.1,NZ_JACKSH010000257.1,104759,6688400,209,M.pyrenivorans
GCF_025821625.1,NZ_JACKSH010000258.1,4895,6688400,209,M.pyrenivorans
GCF_025821625.1,NZ_JACKSH010000259.1,45464,6688400,209,M.pyrenivorans
GCF_025821625.1,NZ_JACKSH010000260.1,118261,6688400,209,M.pyrenivorans
GCF_025821625.1,NZ_JACKSH010000261.1,491,6688400,209,M.pyrenivorans
GCF_025821625.1,NZ_JACKSH010000262.1,398,6688400,209,M.pyrenivorans
GCF_025821625.1,NZ_JACKSH010000263.1,580,6688400,209,M.pyrenivorans
GCF_025821625.1,NZ_JACKSH010000264.1,637,6688400,209,M.pyrenivorans
GCF_025821625.1,NZ_JACKSH010000265.1,879,6688400,209,M.pyrenivorans
GCF_025821625.1,NZ_JACKSH010000266.1,1623,6688400,209,M.pyrenivorans
GCF_025821625.1,NZ_JACKSH010000267.1,5268,6688400,209,M.pyrenivorans
GCF_025821625.1,NZ_JACKSH010000268.1,330,6688400,209,M.pyrenivorans
GCF_025821625.1,NZ_JACKSH010000269.1,64656,6688400,209,M.pyrenivorans
GCF_025821625.1,NZ_JACKSH010000270.1,675,6688400,209,M.pyrenivorans
GCF_025821625.1,NZ_JACKSH010000271.1,11958,6688400,209,M.pyrenivorans
GCF_025821625.1,NZ_JACKSH010000272.1,312,6688400,209,M.pyrenivorans
GCF_025821625.1,NZ_JACKSH010000273.1,336,6688400,209,M.pyrenivorans
GCF_025821625.1,NZ_JACKSH010000274.1,72561,6688400,209,M.pyrenivorans
GCF_025821625.1,NZ_JACKSH010000275.1,922,6688400,209,M.pyrenivorans
GCF_025821625.1,NZ_JACKSH010000276.1,2998,6688400,209,M.pyrenivorans
GCF_025821625.1,NZ_JACKSH010000277.1,129769,6688400,209,M.pyrenivorans
GCF_025821625.1,NZ_JACKSH010000278.1,4027,6688400,209,M.pyrenivorans
GCF_025821625.1,NZ_JACKSH010000279.1,8738,6688400,209,M.pyrenivorans
GCF_025821625.1,NZ_JACKSH010000280.1,466,6688400,209,M.pyrenivorans
GCF_025821625.1,NZ_JACKSH010000281.1,417,6688400,209,M.pyrenivorans
GCF_025821625.1,NZ_JACKSH010000282.1,1420,6688400,209,M.pyrenivorans
GCF_025821625.1,NZ_JACKSH010000283.1,13485,6688400,209,M.pyrenivorans
GCF_025821625.1,NZ_JACKSH010000284.1,76111,6688400,209,M.pyrenivorans
GCF_025821625.1,NZ_JACKSH010000285.1,2094,6688400,209,M.pyrenivorans
GCF_025821625.1,NZ_JACKSH010000286.1,7047,6688400,209,M.pyrenivorans
GCF_025821625.1,NZ_JACKSH010000287.1,50117,6688400,209,M.pyrenivorans
GCF_025821625.1,NZ_JACKSH010000288.1,42837,6688400,209,M.pyrenivorans
GCF_025821625.1,NZ_JACKSH010000289.1,5921,6688400,209,M.pyrenivorans
GCF_025821625.1,NZ_JACKSH010000290.1,21175,6688400,209,M.pyrenivorans
GCF_025821625.1,NZ_JACKSH010000291.1,1024,6688400,209,M.pyrenivorans
GCF_025821625.1,NZ_JACKSH010000292.1,39881,6688400,209,M.pyrenivorans
GCF_025821625.1,NZ_JACKSH010000293.1,12146,6688400,209,M.pyrenivorans
GCF_025821625.1,NZ_JACKSH010000294.1,10651,6688400,209,M.pyrenivorans
GCF_025821625.1,NZ_JACKSH010000295.1,50321,6688400,209,M.pyrenivorans
GCF_025821625.1,NZ_JACKSH010000296.1,2831,6688400,209,M.pyrenivorans
GCF_025821625.1,NZ_JACKSH010000297.1,3391,6688400,209,M.pyrenivorans
GCF_025821625.1,NZ_JACKSH010000298.1,42434,6688400,209,M.pyrenivorans
GCF_025821625.1,NZ_JACKSH010000299.1,5238,6688400,209,M.pyrenivorans
GCF_025821625.1,NZ_JACKSH010000300.1,52458,6688400,209,M.pyrenivorans
GCF_025821625.1,NZ_JACKSH010000301.1,1357,6688400,209,M.pyrenivorans
GCF_025821625.1,NZ_JACKSH010000302.1,9775,6688400,209,M.pyrenivorans
GCF_025821625.1,NZ_JACKSH010000303.1,1073,6688400,209,M.pyrenivorans
GCF_025821625.1,NZ_JACKSH010000304.1,2872,6688400,209,M.pyrenivorans
GCF_900157375.1,NZ_LT721901.1,6015470,6015470,34,M.rhizamassiliense
GCF_002086695.1,NZ_MVIH01000001.1,834753,6009003,196,M.rhodesiae
GCF_002086695.1,NZ_MVIH01000002.1,710405,6009003,196,M.rhodesiae
GCF_002086695.1,NZ_MVIH01000003.1,504405,6009003,196,M.rhodesiae
GCF_002086695.1,NZ_MVIH01000004.1,488126,6009003,196,M.rhodesiae
GCF_002086695.1,NZ_MVIH01000005.1,430938,6009003,196,M.rhodesiae
GCF_002086695.1,NZ_MVIH01000006.1,325316,6009003,196,M.rhodesiae
GCF_002086695.1,NZ_MVIH01000007.1,254931,6009003,196,M.rhodesiae
GCF_002086695.1,NZ_MVIH01000008.1,249172,6009003,196,M.rhodesiae
GCF_002086695.1,NZ_MVIH01000009.1,195329,6009003,196,M.rhodesiae
GCF_002086695.1,NZ_MVIH01000010.1,192129,6009003,196,M.rhodesiae
GCF_002086695.1,NZ_MVIH01000011.1,184597,6009003,196,M.rhodesiae
GCF_002086695.1,NZ_MVIH01000012.1,173766,6009003,196,M.rhodesiae
GCF_002086695.1,NZ_MVIH01000013.1,151417,6009003,196,M.rhodesiae
GCF_002086695.1,NZ_MVIH01000014.1,124471,6009003,196,M.rhodesiae
GCF_002086695.1,NZ_MVIH01000015.1,117444,6009003,196,M.rhodesiae
GCF_002086695.1,NZ_MVIH01000016.1,106522,6009003,196,M.rhodesiae
GCF_002086695.1,NZ_MVIH01000017.1,91061,6009003,196,M.rhodesiae
GCF_002086695.1,NZ_MVIH01000018.1,89102,6009003,196,M.rhodesiae
GCF_002086695.1,NZ_MVIH01000019.1,87681,6009003,196,M.rhodesiae
GCF_002086695.1,NZ_MVIH01000020.1,80900,6009003,196,M.rhodesiae
GCF_002086695.1,NZ_MVIH01000021.1,79806,6009003,196,M.rhodesiae
GCF_002086695.1,NZ_MVIH01000022.1,76754,6009003,196,M.rhodesiae
GCF_002086695.1,NZ_MVIH01000023.1,43657,6009003,196,M.rhodesiae
GCF_002086695.1,NZ_MVIH01000024.1,42779,6009003,196,M.rhodesiae
GCF_002086695.1,NZ_MVIH01000025.1,40969,6009003,196,M.rhodesiae
GCF_002086695.1,NZ_MVIH01000026.1,40191,6009003,196,M.rhodesiae
GCF_002086695.1,NZ_MVIH01000027.1,36161,6009003,196,M.rhodesiae
GCF_002086695.1,NZ_MVIH01000028.1,35261,6009003,196,M.rhodesiae
GCF_002086695.1,NZ_MVIH01000029.1,32255,6009003,196,M.rhodesiae
GCF_002086695.1,NZ_MVIH01000030.1,27696,6009003,196,M.rhodesiae
GCF_002086695.1,NZ_MVIH01000031.1,24896,6009003,196,M.rhodesiae
GCF_002086695.1,NZ_MVIH01000032.1,24679,6009003,196,M.rhodesiae
GCF_002086695.1,NZ_MVIH01000033.1,22381,6009003,196,M.rhodesiae
GCF_002086695.1,NZ_MVIH01000034.1,22133,6009003,196,M.rhodesiae
GCF_002086695.1,NZ_MVIH01000035.1,22009,6009003,196,M.rhodesiae
GCF_002086695.1,NZ_MVIH01000036.1,16672,6009003,196,M.rhodesiae
GCF_002086695.1,NZ_MVIH01000037.1,10234,6009003,196,M.rhodesiae
GCF_002086695.1,NZ_MVIH01000038.1,5467,6009003,196,M.rhodesiae
GCF_002086695.1,NZ_MVIH01000039.1,2559,6009003,196,M.rhodesiae
GCF_002086695.1,NZ_MVIH01000040.1,1508,6009003,196,M.rhodesiae
GCF_002086695.1,NZ_MVIH01000041.1,1322,6009003,196,M.rhodesiae
GCF_002086695.1,NZ_MVIH01000042.1,1314,6009003,196,M.rhodesiae
GCF_002086695.1,NZ_MVIH01000043.1,1178,6009003,196,M.rhodesiae
GCF_002086695.1,NZ_MVIH01000044.1,1090,6009003,196,M.rhodesiae
GCF_002086695.1,NZ_MVIH01000045.1,893,6009003,196,M.rhodesiae
GCF_002086695.1,NZ_MVIH01000046.1,523,6009003,196,M.rhodesiae
GCF_002086695.1,NZ_MVIH01000047.1,542,6009003,196,M.rhodesiae
GCF_002086695.1,NZ_MVIH01000048.1,390,6009003,196,M.rhodesiae
GCF_002086695.1,NZ_MVIH01000049.1,372,6009003,196,M.rhodesiae
GCF_002086695.1,NZ_MVIH01000050.1,350,6009003,196,M.rhodesiae
GCF_002086695.1,NZ_MVIH01000051.1,261,6009003,196,M.rhodesiae
GCF_002086695.1,NZ_MVIH01000052.1,236,6009003,196,M.rhodesiae
GCF_963853645.1,NZ_OY970456.1,6155284,6155284,87,M.riyadhense
GCF_022374875.2,NZ_CP092427.2,5750445,5750445,127,M.rufum
GCF_900108565.1,NZ_LT629971.1,5987931,5987931,49,M.rutilum
GCF_004924335.1,NZ_CP024633.1,4776697,4776697,213,M.salmoniphilum
GCF_001456355.1,NZ_CP010271.1,4649175,4649175,91,M.saopaulense
GCF_010731875.1,NZ_AP022595.1,4828255,4828255,77,M.sarraceniae
GCF_010729105.1,NZ_AP022573.1,6008916,6008916,50,M.saskatchewanense
GCF_002086735.1,NZ_MVIJ01000001.1,467512,6170273,211,M.scrofulaceum
GCF_002086735.1,NZ_MVIJ01000002.1,219230,6170273,211,M.scrofulaceum
GCF_002086735.1,NZ_MVIJ01000003.1,211979,6170273,211,M.scrofulaceum
GCF_002086735.1,NZ_MVIJ01000004.1,161430,6170273,211,M.scrofulaceum
GCF_002086735.1,NZ_MVIJ01000005.1,160780,6170273,211,M.scrofulaceum
GCF_002086735.1,NZ_MVIJ01000006.1,159194,6170273,211,M.scrofulaceum
GCF_002086735.1,NZ_MVIJ01000007.1,156651,6170273,211,M.scrofulaceum
GCF_002086735.1,NZ_MVIJ01000008.1,156149,6170273,211,M.scrofulaceum
GCF_002086735.1,NZ_MVIJ01000009.1,153727,6170273,211,M.scrofulaceum
GCF_002086735.1,NZ_MVIJ01000010.1,147459,6170273,211,M.scrofulaceum
GCF_002086735.1,NZ_MVIJ01000011.1,137129,6170273,211,M.scrofulaceum
GCF_002086735.1,NZ_MVIJ01000012.1,136946,6170273,211,M.scrofulaceum
GCF_002086735.1,NZ_MVIJ01000013.1,128911,6170273,211,M.scrofulaceum
GCF_002086735.1,NZ_MVIJ01000014.1,122447,6170273,211,M.scrofulaceum
GCF_002086735.1,NZ_MVIJ01000015.1,122385,6170273,211,M.scrofulaceum
GCF_002086735.1,NZ_MVIJ01000016.1,120535,6170273,211,M.scrofulaceum
GCF_002086735.1,NZ_MVIJ01000017.1,104758,6170273,211,M.scrofulaceum
GCF_002086735.1,NZ_MVIJ01000018.1,103605,6170273,211,M.scrofulaceum
GCF_002086735.1,NZ_MVIJ01000019.1,100159,6170273,211,M.scrofulaceum
GCF_002086735.1,NZ_MVIJ01000020.1,99219,6170273,211,M.scrofulaceum
GCF_002086735.1,NZ_MVIJ01000021.1,98580,6170273,211,M.scrofulaceum
GCF_002086735.1,NZ_MVIJ01000022.1,96870,6170273,211,M.scrofulaceum
GCF_002086735.1,NZ_MVIJ01000023.1,91274,6170273,211,M.scrofulaceum
GCF_002086735.1,NZ_MVIJ01000024.1,86470,6170273,211,M.scrofulaceum
GCF_002086735.1,NZ_MVIJ01000025.1,82490,6170273,211,M.scrofulaceum
GCF_002086735.1,NZ_MVIJ01000026.1,81436,6170273,211,M.scrofulaceum
GCF_002086735.1,NZ_MVIJ01000027.1,80538,6170273,211,M.scrofulaceum
GCF_002086735.1,NZ_MVIJ01000028.1,78038,6170273,211,M.scrofulaceum
GCF_002086735.1,NZ_MVIJ01000029.1,73837,6170273,211,M.scrofulaceum
GCF_002086735.1,NZ_MVIJ01000030.1,73602,6170273,211,M.scrofulaceum
GCF_002086735.1,NZ_MVIJ01000031.1,73053,6170273,211,M.scrofulaceum
GCF_002086735.1,NZ_MVIJ01000032.1,71783,6170273,211,M.scrofulaceum
GCF_002086735.1,NZ_MVIJ01000033.1,69389,6170273,211,M.scrofulaceum
GCF_002086735.1,NZ_MVIJ01000034.1,69229,6170273,211,M.scrofulaceum
GCF_002086735.1,NZ_MVIJ01000035.1,59437,6170273,211,M.scrofulaceum
GCF_002086735.1,NZ_MVIJ01000036.1,58614,6170273,211,M.scrofulaceum
GCF_002086735.1,NZ_MVIJ01000037.1,56411,6170273,211,M.scrofulaceum
GCF_002086735.1,NZ_MVIJ01000038.1,55388,6170273,211,M.scrofulaceum
GCF_002086735.1,NZ_MVIJ01000039.1,53954,6170273,211,M.scrofulaceum
GCF_002086735.1,NZ_MVIJ01000040.1,53178,6170273,211,M.scrofulaceum
GCF_002086735.1,NZ_MVIJ01000041.1,52487,6170273,211,M.scrofulaceum
GCF_002086735.1,NZ_MVIJ01000042.1,52009,6170273,211,M.scrofulaceum
GCF_002086735.1,NZ_MVIJ01000043.1,49361,6170273,211,M.scrofulaceum
GCF_002086735.1,NZ_MVIJ01000044.1,49243,6170273,211,M.scrofulaceum
GCF_002086735.1,NZ_MVIJ01000045.1,43899,6170273,211,M.scrofulaceum
GCF_002086735.1,NZ_MVIJ01000046.1,42166,6170273,211,M.scrofulaceum
GCF_002086735.1,NZ_MVIJ01000047.1,40649,6170273,211,M.scrofulaceum
GCF_002086735.1,NZ_MVIJ01000048.1,36619,6170273,211,M.scrofulaceum
GCF_002086735.1,NZ_MVIJ01000049.1,34519,6170273,211,M.scrofulaceum
GCF_002086735.1,NZ_MVIJ01000050.1,34152,6170273,211,M.scrofulaceum
GCF_002086735.1,NZ_MVIJ01000051.1,33751,6170273,211,M.scrofulaceum
GCF_002086735.1,NZ_MVIJ01000052.1,33550,6170273,211,M.scrofulaceum
GCF_002086735.1,NZ_MVIJ01000053.1,33221,6170273,211,M.scrofulaceum
GCF_002086735.1,NZ_MVIJ01000054.1,32690,6170273,211,M.scrofulaceum
GCF_002086735.1,NZ_MVIJ01000055.1,31140,6170273,211,M.scrofulaceum
GCF_002086735.1,NZ_MVIJ01000056.1,30861,6170273,211,M.scrofulaceum
GCF_002086735.1,NZ_MVIJ01000057.1,30093,6170273,211,M.scrofulaceum
GCF_002086735.1,NZ_MVIJ01000058.1,29894,6170273,211,M.scrofulaceum
GCF_002086735.1,NZ_MVIJ01000059.1,29886,6170273,211,M.scrofulaceum
GCF_002086735.1,NZ_MVIJ01000060.1,29162,6170273,211,M.scrofulaceum
GCF_002086735.1,NZ_MVIJ01000061.1,28541,6170273,211,M.scrofulaceum
GCF_002086735.1,NZ_MVIJ01000062.1,28022,6170273,211,M.scrofulaceum
GCF_002086735.1,NZ_MVIJ01000063.1,27861,6170273,211,M.scrofulaceum
GCF_002086735.1,NZ_MVIJ01000064.1,27284,6170273,211,M.scrofulaceum
GCF_002086735.1,NZ_MVIJ01000065.1,25663,6170273,211,M.scrofulaceum
GCF_002086735.1,NZ_MVIJ01000066.1,24538,6170273,211,M.scrofulaceum
GCF_002086735.1,NZ_MVIJ01000067.1,22562,6170273,211,M.scrofulaceum
GCF_002086735.1,NZ_MVIJ01000068.1,22280,6170273,211,M.scrofulaceum
GCF_002086735.1,NZ_MVIJ01000069.1,22177,6170273,211,M.scrofulaceum
GCF_002086735.1,NZ_MVIJ01000070.1,19879,6170273,211,M.scrofulaceum
GCF_002086735.1,NZ_MVIJ01000071.1,18760,6170273,211,M.scrofulaceum
GCF_002086735.1,NZ_MVIJ01000072.1,18116,6170273,211,M.scrofulaceum
GCF_002086735.1,NZ_MVIJ01000073.1,17848,6170273,211,M.scrofulaceum
GCF_002086735.1,NZ_MVIJ01000074.1,17183,6170273,211,M.scrofulaceum
GCF_002086735.1,NZ_MVIJ01000075.1,16941,6170273,211,M.scrofulaceum
GCF_002086735.1,NZ_MVIJ01000076.1,15694,6170273,211,M.scrofulaceum
GCF_002086735.1,NZ_MVIJ01000077.1,15683,6170273,211,M.scrofulaceum
GCF_002086735.1,NZ_MVIJ01000078.1,15386,6170273,211,M.scrofulaceum
GCF_002086735.1,NZ_MVIJ01000079.1,14636,6170273,211,M.scrofulaceum
GCF_002086735.1,NZ_MVIJ01000080.1,14544,6170273,211,M.scrofulaceum
GCF_002086735.1,NZ_MVIJ01000081.1,14520,6170273,211,M.scrofulaceum
GCF_002086735.1,NZ_MVIJ01000082.1,14404,6170273,211,M.scrofulaceum
GCF_002086735.1,NZ_MVIJ01000083.1,12984,6170273,211,M.scrofulaceum
GCF_002086735.1,NZ_MVIJ01000084.1,12472,6170273,211,M.scrofulaceum
GCF_002086735.1,NZ_MVIJ01000085.1,12469,6170273,211,M.scrofulaceum
GCF_002086735.1,NZ_MVIJ01000086.1,12252,6170273,211,M.scrofulaceum
GCF_002086735.1,NZ_MVIJ01000087.1,11847,6170273,211,M.scrofulaceum
GCF_002086735.1,NZ_MVIJ01000088.1,11453,6170273,211,M.scrofulaceum
GCF_002086735.1,NZ_MVIJ01000089.1,11005,6170273,211,M.scrofulaceum
GCF_002086735.1,NZ_MVIJ01000090.1,10123,6170273,211,M.scrofulaceum
GCF_002086735.1,NZ_MVIJ01000091.1,10111,6170273,211,M.scrofulaceum
GCF_002086735.1,NZ_MVIJ01000092.1,9990,6170273,211,M.scrofulaceum
GCF_002086735.1,NZ_MVIJ01000093.1,9927,6170273,211,M.scrofulaceum
GCF_002086735.1,NZ_MVIJ01000094.1,8778,6170273,211,M.scrofulaceum
GCF_002086735.1,NZ_MVIJ01000095.1,8682,6170273,211,M.scrofulaceum
GCF_002086735.1,NZ_MVIJ01000096.1,8224,6170273,211,M.scrofulaceum
GCF_002086735.1,NZ_MVIJ01000097.1,8121,6170273,211,M.scrofulaceum
GCF_002086735.1,NZ_MVIJ01000098.1,8073,6170273,211,M.scrofulaceum
GCF_002086735.1,NZ_MVIJ01000099.1,7923,6170273,211,M.scrofulaceum
GCF_002086735.1,NZ_MVIJ01000100.1,7206,6170273,211,M.scrofulaceum
GCF_002086735.1,NZ_MVIJ01000101.1,6988,6170273,211,M.scrofulaceum
GCF_002086735.1,NZ_MVIJ01000102.1,6878,6170273,211,M.scrofulaceum
GCF_002086735.1,NZ_MVIJ01000103.1,6772,6170273,211,M.scrofulaceum
GCF_002086735.1,NZ_MVIJ01000104.1,6450,6170273,211,M.scrofulaceum
GCF_002086735.1,NZ_MVIJ01000105.1,6156,6170273,211,M.scrofulaceum
GCF_002086735.1,NZ_MVIJ01000106.1,5904,6170273,211,M.scrofulaceum
GCF_002086735.1,NZ_MVIJ01000107.1,5600,6170273,211,M.scrofulaceum
GCF_002086735.1,NZ_MVIJ01000108.1,5132,6170273,211,M.scrofulaceum
GCF_002086735.1,NZ_MVIJ01000109.1,4489,6170273,211,M.scrofulaceum
GCF_002086735.1,NZ_MVIJ01000110.1,4456,6170273,211,M.scrofulaceum
GCF_002086735.1,NZ_MVIJ01000111.1,4399,6170273,211,M.scrofulaceum
GCF_002086735.1,NZ_MVIJ01000112.1,4065,6170273,211,M.scrofulaceum
GCF_002086735.1,NZ_MVIJ01000113.1,3997,6170273,211,M.scrofulaceum
GCF_002086735.1,NZ_MVIJ01000114.1,3925,6170273,211,M.scrofulaceum
GCF_002086735.1,NZ_MVIJ01000115.1,3603,6170273,211,M.scrofulaceum
GCF_002086735.1,NZ_MVIJ01000116.1,3421,6170273,211,M.scrofulaceum
GCF_002086735.1,NZ_MVIJ01000117.1,3413,6170273,211,M.scrofulaceum
GCF_002086735.1,NZ_MVIJ01000118.1,3299,6170273,211,M.scrofulaceum
GCF_002086735.1,NZ_MVIJ01000119.1,3168,6170273,211,M.scrofulaceum
GCF_002086735.1,NZ_MVIJ01000120.1,3152,6170273,211,M.scrofulaceum
GCF_002086735.1,NZ_MVIJ01000121.1,3149,6170273,211,M.scrofulaceum
GCF_002086735.1,NZ_MVIJ01000122.1,2970,6170273,211,M.scrofulaceum
GCF_002086735.1,NZ_MVIJ01000123.1,2727,6170273,211,M.scrofulaceum
GCF_002086735.1,NZ_MVIJ01000124.1,2566,6170273,211,M.scrofulaceum
GCF_002086735.1,NZ_MVIJ01000125.1,2633,6170273,211,M.scrofulaceum
GCF_002086735.1,NZ_MVIJ01000126.1,2526,6170273,211,M.scrofulaceum
GCF_002086735.1,NZ_MVIJ01000127.1,2366,6170273,211,M.scrofulaceum
GCF_002086735.1,NZ_MVIJ01000128.1,2346,6170273,211,M.scrofulaceum
GCF_002086735.1,NZ_MVIJ01000129.1,2188,6170273,211,M.scrofulaceum
GCF_002086735.1,NZ_MVIJ01000130.1,2166,6170273,211,M.scrofulaceum
GCF_002086735.1,NZ_MVIJ01000131.1,1973,6170273,211,M.scrofulaceum
GCF_002086735.1,NZ_MVIJ01000132.1,1804,6170273,211,M.scrofulaceum
GCF_002086735.1,NZ_MVIJ01000133.1,1627,6170273,211,M.scrofulaceum
GCF_002086735.1,NZ_MVIJ01000134.1,1516,6170273,211,M.scrofulaceum
GCF_002086735.1,NZ_MVIJ01000135.1,1459,6170273,211,M.scrofulaceum
GCF_002086735.1,NZ_MVIJ01000136.1,1416,6170273,211,M.scrofulaceum
GCF_002086735.1,NZ_MVIJ01000137.1,1322,6170273,211,M.scrofulaceum
GCF_002086735.1,NZ_MVIJ01000138.1,1290,6170273,211,M.scrofulaceum
GCF_002086735.1,NZ_MVIJ01000139.1,1288,6170273,211,M.scrofulaceum
GCF_002086735.1,NZ_MVIJ01000140.1,1285,6170273,211,M.scrofulaceum
GCF_002086735.1,NZ_MVIJ01000141.1,1254,6170273,211,M.scrofulaceum
GCF_002086735.1,NZ_MVIJ01000142.1,1230,6170273,211,M.scrofulaceum
GCF_002086735.1,NZ_MVIJ01000143.1,1200,6170273,211,M.scrofulaceum
GCF_002086735.1,NZ_MVIJ01000144.1,1190,6170273,211,M.scrofulaceum
GCF_002086735.1,NZ_MVIJ01000145.1,1033,6170273,211,M.scrofulaceum
GCF_002086735.1,NZ_MVIJ01000146.1,1089,6170273,211,M.scrofulaceum
GCF_002086735.1,NZ_MVIJ01000147.1,1081,6170273,211,M.scrofulaceum
GCF_002086735.1,NZ_MVIJ01000148.1,973,6170273,211,M.scrofulaceum
GCF_002086735.1,NZ_MVIJ01000149.1,963,6170273,211,M.scrofulaceum
GCF_002086735.1,NZ_MVIJ01000150.1,940,6170273,211,M.scrofulaceum
GCF_002086735.1,NZ_MVIJ01000151.1,914,6170273,211,M.scrofulaceum
GCF_002086735.1,NZ_MVIJ01000152.1,886,6170273,211,M.scrofulaceum
GCF_002086735.1,NZ_MVIJ01000153.1,844,6170273,211,M.scrofulaceum
GCF_002086735.1,NZ_MVIJ01000154.1,826,6170273,211,M.scrofulaceum
GCF_002086735.1,NZ_MVIJ01000155.1,807,6170273,211,M.scrofulaceum
GCF_002086735.1,NZ_MVIJ01000156.1,790,6170273,211,M.scrofulaceum
GCF_002086735.1,NZ_MVIJ01000157.1,685,6170273,211,M.scrofulaceum
GCF_002086735.1,NZ_MVIJ01000158.1,675,6170273,211,M.scrofulaceum
GCF_002086735.1,NZ_MVIJ01000159.1,650,6170273,211,M.scrofulaceum
GCF_002086735.1,NZ_MVIJ01000160.1,649,6170273,211,M.scrofulaceum
GCF_002086735.1,NZ_MVIJ01000161.1,635,6170273,211,M.scrofulaceum
GCF_002086735.1,NZ_MVIJ01000162.1,577,6170273,211,M.scrofulaceum
GCF_002086735.1,NZ_MVIJ01000163.1,572,6170273,211,M.scrofulaceum
GCF_002086735.1,NZ_MVIJ01000164.1,399,6170273,211,M.scrofulaceum
GCF_002086735.1,NZ_MVIJ01000165.1,514,6170273,211,M.scrofulaceum
GCF_002086735.1,NZ_MVIJ01000166.1,457,6170273,211,M.scrofulaceum
GCF_002086735.1,NZ_MVIJ01000167.1,426,6170273,211,M.scrofulaceum
GCF_002086735.1,NZ_MVIJ01000168.1,422,6170273,211,M.scrofulaceum
GCF_002086735.1,NZ_MVIJ01000169.1,419,6170273,211,M.scrofulaceum
GCF_002086735.1,NZ_MVIJ01000170.1,390,6170273,211,M.scrofulaceum
GCF_002086735.1,NZ_MVIJ01000171.1,344,6170273,211,M.scrofulaceum
GCF_002086735.1,NZ_MVIJ01000172.1,341,6170273,211,M.scrofulaceum
GCF_002086735.1,NZ_MVIJ01000173.1,303,6170273,211,M.scrofulaceum
GCF_002086735.1,NZ_MVIJ01000174.1,282,6170273,211,M.scrofulaceum
GCF_002086735.1,NZ_MVIJ01000175.1,260,6170273,211,M.scrofulaceum
GCF_002086735.1,NZ_MVIJ01000176.1,258,6170273,211,M.scrofulaceum
GCF_002086735.1,NZ_MVIJ01000177.1,249,6170273,211,M.scrofulaceum
GCF_002086735.1,NZ_MVIJ01000178.1,247,6170273,211,M.scrofulaceum
GCF_002086735.1,NZ_MVIJ01000179.1,242,6170273,211,M.scrofulaceum
GCF_002086735.1,NZ_MVIJ01000180.1,232,6170273,211,M.scrofulaceum
GCF_002086735.1,NZ_MVIJ01000181.1,229,6170273,211,M.scrofulaceum
GCF_002086735.1,NZ_MVIJ01000182.1,218,6170273,211,M.scrofulaceum
GCF_002086735.1,NZ_MVIJ01000183.1,203,6170273,211,M.scrofulaceum
GCF_002086735.1,NZ_MVIJ01000184.1,201,6170273,211,M.scrofulaceum
GCF_010731735.1,NZ_AP022588.1,6250641,6250641,123,M.sediminis
GCF_019645875.1,NZ_CP081000.1,6086722,6086722,7,M.senegalense
GCF_019668465.1,NZ_AP024828.1,5795031,5831451,66,M.senriense
GCF_019668465.1,NZ_AP024829.1,20977,5831451,66,M.senriense
GCF_019668465.1,NZ_AP024830.1,15443,5831451,66,M.senriense
GCF_010723225.1,NZ_BLKV01000001.1,2700447,4611963,164,M.senuensis
GCF_010723225.1,NZ_BLKV01000002.1,1599613,4611963,164,M.senuensis
GCF_010723225.1,NZ_BLKV01000003.1,311903,4611963,164,M.senuensis
GCF_010731595.1,NZ_AP022582.1,5531300,5531300,12,M.seoulense
GCF_016919345.1,NZ_CP070349.1,6515693,6515693,58,M.septicum
GCF_041206865.1,NZ_JBGEDP010000001.1,6019647,6416468,153,M.servetii
GCF_041206865.1,NZ_JBGEDP010000002.1,250868,6416468,153,M.servetii
GCF_041206865.1,NZ_JBGEDP010000003.1,145953,6416468,153,M.servetii
GCF_000805375.1,NZ_JTLZ01000001.1,555071,6065527,181,M.setense
GCF_000805375.1,NZ_JTLZ01000002.1,285350,6065527,181,M.setense
GCF_000805375.1,NZ_JTLZ01000003.1,118559,6065527,181,M.setense
GCF_000805375.1,NZ_JTLZ01000004.1,891313,6065527,181,M.setense
GCF_000805375.1,NZ_JTLZ01000005.1,1032361,6065527,181,M.setense
GCF_000805375.1,NZ_JTLZ01000006.1,214026,6065527,181,M.setense
GCF_000805375.1,NZ_JTLZ01000007.1,250683,6065527,181,M.setense
GCF_000805375.1,NZ_JTLZ01000008.1,664239,6065527,181,M.setense
GCF_000805375.1,NZ_JTLZ01000009.1,536636,6065527,181,M.setense
GCF_000805375.1,NZ_JTLZ01000010.1,292512,6065527,181,M.setense
GCF_000805375.1,NZ_JTLZ01000011.1,83937,6065527,181,M.setense
GCF_000805375.1,NZ_JTLZ01000012.1,1121546,6065527,181,M.setense
GCF_000805375.1,NZ_JTLZ01000013.1,372,6065527,181,M.setense
GCF_000805375.1,NZ_JTLZ01000014.1,5324,6065527,181,M.setense
GCF_000805375.1,NZ_JTLZ01000015.1,1091,6065527,181,M.setense
GCF_000805375.1,NZ_JTLZ01000016.1,1371,6065527,181,M.setense
GCF_000805375.1,NZ_JTLZ01000017.1,8090,6065527,181,M.setense
GCF_000805375.1,NZ_JTLZ01000018.1,998,6065527,181,M.setense
GCF_000805375.1,NZ_JTLZ01000019.1,1077,6065527,181,M.setense
GCF_000805375.1,NZ_JTLZ01000020.1,384,6065527,181,M.setense
GCF_000805375.1,NZ_JTLZ01000021.1,310,6065527,181,M.setense
GCF_000805375.1,NZ_JTLZ01000022.1,277,6065527,181,M.setense
GCF_002102355.1,NZ_LQPT01000001.1,2287,5562166,29,M.sherrisii
GCF_002102355.1,NZ_LQPT01000002.1,84480,5562166,29,M.sherrisii
GCF_002102355.1,NZ_LQPT01000003.1,11894,5562166,29,M.sherrisii
GCF_002102355.1,NZ_LQPT01000004.1,3280,5562166,29,M.sherrisii
GCF_002102355.1,NZ_LQPT01000005.1,21883,5562166,29,M.sherrisii
GCF_002102355.1,NZ_LQPT01000006.1,1780,5562166,29,M.sherrisii
GCF_002102355.1,NZ_LQPT01000007.1,1717,5562166,29,M.sherrisii
GCF_002102355.1,NZ_LQPT01000008.1,1518,5562166,29,M.sherrisii
GCF_002102355.1,NZ_LQPT01000009.1,1402,5562166,29,M.sherrisii
GCF_002102355.1,NZ_LQPT01000010.1,1291,5562166,29,M.sherrisii
GCF_002102355.1,NZ_LQPT01000011.1,1270,5562166,29,M.sherrisii
GCF_002102355.1,NZ_LQPT01000012.1,1219,5562166,29,M.sherrisii
GCF_002102355.1,NZ_LQPT01000013.1,4270,5562166,29,M.sherrisii
GCF_002102355.1,NZ_LQPT01000014.1,1125,5562166,29,M.sherrisii
GCF_002102355.1,NZ_LQPT01000015.1,8194,5562166,29,M.sherrisii
GCF_002102355.1,NZ_LQPT01000016.1,141863,5562166,29,M.sherrisii
GCF_002102355.1,NZ_LQPT01000017.1,4925,5562166,29,M.sherrisii
GCF_002102355.1,NZ_LQPT01000018.1,1077,5562166,29,M.sherrisii
GCF_002102355.1,NZ_LQPT01000019.1,372454,5562166,29,M.sherrisii
GCF_002102355.1,NZ_LQPT01000020.1,114844,5562166,29,M.sherrisii
GCF_002102355.1,NZ_LQPT01000021.1,2053,5562166,29,M.sherrisii
GCF_002102355.1,NZ_LQPT01000022.1,5740,5562166,29,M.sherrisii
GCF_002102355.1,NZ_LQPT01000023.1,143674,5562166,29,M.sherrisii
GCF_002102355.1,NZ_LQPT01000024.1,4364,5562166,29,M.sherrisii
GCF_002102355.1,NZ_LQPT01000025.1,3499,5562166,29,M.sherrisii
GCF_002102355.1,NZ_LQPT01000026.1,6243,5562166,29,M.sherrisii
GCF_002102355.1,NZ_LQPT01000027.1,37220,5562166,29,M.sherrisii
GCF_002102355.1,NZ_LQPT01000028.1,190967,5562166,29,M.sherrisii
GCF_002102355.1,NZ_LQPT01000029.1,74408,5562166,29,M.sherrisii
GCF_002102355.1,NZ_LQPT01000030.1,2521,5562166,29,M.sherrisii
GCF_002102355.1,NZ_LQPT01000031.1,1336,5562166,29,M.sherrisii
GCF_002102355.1,NZ_LQPT01000032.1,3526,5562166,29,M.sherrisii
GCF_002102355.1,NZ_LQPT01000033.1,98614,5562166,29,M.sherrisii
GCF_002102355.1,NZ_LQPT01000034.1,4994,5562166,29,M.sherrisii
GCF_002102355.1,NZ_LQPT01000035.1,8159,5562166,29,M.sherrisii
GCF_002102355.1,NZ_LQPT01000036.1,12778,5562166,29,M.sherrisii
GCF_002102355.1,NZ_LQPT01000037.1,13188,5562166,29,M.sherrisii
GCF_002102355.1,NZ_LQPT01000038.1,50339,5562166,29,M.sherrisii
GCF_002102355.1,NZ_LQPT01000039.1,13275,5562166,29,M.sherrisii
GCF_002102355.1,NZ_LQPT01000040.1,214960,5562166,29,M.sherrisii
GCF_002102355.1,NZ_LQPT01000041.1,3622,5562166,29,M.sherrisii
GCF_002102355.1,NZ_LQPT01000042.1,24840,5562166,29,M.sherrisii
GCF_002102355.1,NZ_LQPT01000043.1,1427,5562166,29,M.sherrisii
GCF_002102355.1,NZ_LQPT01000044.1,14218,5562166,29,M.sherrisii
GCF_002102355.1,NZ_LQPT01000045.1,54633,5562166,29,M.sherrisii
GCF_002102355.1,NZ_LQPT01000046.1,3406,5562166,29,M.sherrisii
GCF_002102355.1,NZ_LQPT01000047.1,15921,5562166,29,M.sherrisii
GCF_002102355.1,NZ_LQPT01000048.1,5513,5562166,29,M.sherrisii
GCF_002102355.1,NZ_LQPT01000049.1,3406,5562166,29,M.sherrisii
GCF_002102355.1,NZ_LQPT01000050.1,3701,5562166,29,M.sherrisii
GCF_002102355.1,NZ_LQPT01000051.1,116693,5562166,29,M.sherrisii
GCF_002102355.1,NZ_LQPT01000052.1,2643,5562166,29,M.sherrisii
GCF_002102355.1,NZ_LQPT01000053.1,11957,5562166,29,M.sherrisii
GCF_002102355.1,NZ_LQPT01000054.1,21120,5562166,29,M.sherrisii
GCF_002102355.1,NZ_LQPT01000055.1,2724,5562166,29,M.sherrisii
GCF_002102355.1,NZ_LQPT01000056.1,15838,5562166,29,M.sherrisii
GCF_002102355.1,NZ_LQPT01000057.1,17449,5562166,29,M.sherrisii
GCF_002102355.1,NZ_LQPT01000058.1,1295,5562166,29,M.sherrisii
GCF_002102355.1,NZ_LQPT01000059.1,22278,5562166,29,M.sherrisii
GCF_002102355.1,NZ_LQPT01000060.1,69232,5562166,29,M.sherrisii
GCF_002102355.1,NZ_LQPT01000061.1,13671,5562166,29,M.sherrisii
GCF_002102355.1,NZ_LQPT01000062.1,1250,5562166,29,M.sherrisii
GCF_002102355.1,NZ_LQPT01000063.1,2861,5562166,29,M.sherrisii
GCF_002102355.1,NZ_LQPT01000064.1,2447,5562166,29,M.sherrisii
GCF_002102355.1,NZ_LQPT01000065.1,70166,5562166,29,M.sherrisii
GCF_002102355.1,NZ_LQPT01000066.1,8832,5562166,29,M.sherrisii
GCF_002102355.1,NZ_LQPT01000067.1,3398,5562166,29,M.sherrisii
GCF_002102355.1,NZ_LQPT01000068.1,19281,5562166,29,M.sherrisii
GCF_002102355.1,NZ_LQPT01000069.1,103757,5562166,29,M.sherrisii
GCF_002102355.1,NZ_LQPT01000070.1,186113,5562166,29,M.sherrisii
GCF_002102355.1,NZ_LQPT01000071.1,1048,5562166,29,M.sherrisii
GCF_002102355.1,NZ_LQPT01000072.1,175183,5562166,29,M.sherrisii
GCF_002102355.1,NZ_LQPT01000073.1,22202,5562166,29,M.sherrisii
GCF_002102355.1,NZ_LQPT01000074.1,20505,5562166,29,M.sherrisii
GCF_002102355.1,NZ_LQPT01000075.1,18494,5562166,29,M.sherrisii
GCF_002102355.1,NZ_LQPT01000076.1,125930,5562166,29,M.sherrisii
GCF_002102355.1,NZ_LQPT01000077.1,124151,5562166,29,M.sherrisii
GCF_002102355.1,NZ_LQPT01000078.1,29268,5562166,29,M.sherrisii
GCF_002102355.1,NZ_LQPT01000079.1,5752,5562166,29,M.sherrisii
GCF_002102355.1,NZ_LQPT01000080.1,23689,5562166,29,M.sherrisii
GCF_002102355.1,NZ_LQPT01000081.1,308085,5562166,29,M.sherrisii
GCF_002102355.1,NZ_LQPT01000082.1,153590,5562166,29,M.sherrisii
GCF_002102355.1,NZ_LQPT01000083.1,1301,5562166,29,M.sherrisii
GCF_002102355.1,NZ_LQPT01000084.1,155617,5562166,29,M.sherrisii
GCF_002102355.1,NZ_LQPT01000085.1,3013,5562166,29,M.sherrisii
GCF_002102355.1,NZ_LQPT01000086.1,22784,5562166,29,M.sherrisii
GCF_002102355.1,NZ_LQPT01000087.1,9579,5562166,29,M.sherrisii
GCF_002102355.1,NZ_LQPT01000088.1,5133,5562166,29,M.sherrisii
GCF_002102355.1,NZ_LQPT01000089.1,94059,5562166,29,M.sherrisii
GCF_002102355.1,NZ_LQPT01000090.1,39988,5562166,29,M.sherrisii
GCF_002102355.1,NZ_LQPT01000091.1,4190,5562166,29,M.sherrisii
GCF_002102355.1,NZ_LQPT01000092.1,110706,5562166,29,M.sherrisii
GCF_002102355.1,NZ_LQPT01000093.1,140578,5562166,29,M.sherrisii
GCF_002102355.1,NZ_LQPT01000094.1,45663,5562166,29,M.sherrisii
GCF_002102355.1,NZ_LQPT01000095.1,6746,5562166,29,M.sherrisii
GCF_002102355.1,NZ_LQPT01000096.1,2098,5562166,29,M.sherrisii
GCF_002102355.1,NZ_LQPT01000097.1,1398,5562166,29,M.sherrisii
GCF_002102355.1,NZ_LQPT01000098.1,53872,5562166,29,M.sherrisii
GCF_002102355.1,NZ_LQPT01000099.1,180847,5562166,29,M.sherrisii
GCF_002102355.1,NZ_LQPT01000100.1,3331,5562166,29,M.sherrisii
GCF_002102355.1,NZ_LQPT01000101.1,195961,5562166,29,M.sherrisii
GCF_002102355.1,NZ_LQPT01000102.1,85926,5562166,29,M.sherrisii
GCF_002102355.1,NZ_LQPT01000103.1,23648,5562166,29,M.sherrisii
GCF_002102355.1,NZ_LQPT01000104.1,147768,5562166,29,M.sherrisii
GCF_002102355.1,NZ_LQPT01000105.1,1727,5562166,29,M.sherrisii
GCF_002102355.1,NZ_LQPT01000106.1,30591,5562166,29,M.sherrisii
GCF_002102355.1,NZ_LQPT01000107.1,52035,5562166,29,M.sherrisii
GCF_002102355.1,NZ_LQPT01000108.1,57616,5562166,29,M.sherrisii
GCF_002102355.1,NZ_LQPT01000109.1,2573,5562166,29,M.sherrisii
GCF_002102355.1,NZ_LQPT01000110.1,26570,5562166,29,M.sherrisii
GCF_002102355.1,NZ_LQPT01000111.1,53030,5562166,29,M.sherrisii
GCF_002102355.1,NZ_LQPT01000112.1,52655,5562166,29,M.sherrisii
GCF_002102355.1,NZ_LQPT01000113.1,1329,5562166,29,M.sherrisii
GCF_002102355.1,NZ_LQPT01000114.1,1239,5562166,29,M.sherrisii
GCF_002102355.1,NZ_LQPT01000115.1,1240,5562166,29,M.sherrisii
GCF_002102355.1,NZ_LQPT01000116.1,29856,5562166,29,M.sherrisii
GCF_002102355.1,NZ_LQPT01000117.1,47433,5562166,29,M.sherrisii
GCF_002102355.1,NZ_LQPT01000118.1,12920,5562166,29,M.sherrisii
GCF_002102355.1,NZ_LQPT01000119.1,93718,5562166,29,M.sherrisii
GCF_002102355.1,NZ_LQPT01000120.1,30744,5562166,29,M.sherrisii
GCF_002102355.1,NZ_LQPT01000121.1,51584,5562166,29,M.sherrisii
GCF_002102355.1,NZ_LQPT01000122.1,44199,5562166,29,M.sherrisii
GCF_002102355.1,NZ_LQPT01000123.1,29665,5562166,29,M.sherrisii
GCF_002102355.1,NZ_LQPT01000124.1,17094,5562166,29,M.sherrisii
GCF_002102355.1,NZ_LQPT01000125.1,20809,5562166,29,M.sherrisii
GCF_002102355.1,NZ_LQPT01000126.1,28442,5562166,29,M.sherrisii
GCF_002102355.1,NZ_LQPT01000127.1,21380,5562166,29,M.sherrisii
GCF_002102355.1,NZ_LQPT01000128.1,13291,5562166,29,M.sherrisii
GCF_002356315.1,NZ_AP018164.1,5232660,5232660,45,M.shigaense
GCF_900417275.1,NZ_UEGW01000001.1,4829736,4842631,159,M.shimoidei
GCF_900417275.1,NZ_UEGW01000002.1,4891,4842631,159,M.shimoidei
GCF_900417275.1,NZ_UEGW01000003.1,2695,4842631,159,M.shimoidei
GCF_900417275.1,NZ_UEGW01000004.1,1996,4842631,159,M.shimoidei
GCF_900417275.1,NZ_UEGW01000005.1,1789,4842631,159,M.shimoidei
GCF_900417275.1,NZ_UEGW01000006.1,1524,4842631,159,M.shimoidei
GCF_010730055.1,NZ_AP022575.1,4504020,4504020,42,M.shinjukuense
GCF_010728525.1,NZ_AP022572.1,5973149,5973149,5,M.shottsii
GCF_010727605.1,NZ_AP022568.1,5788994,5788994,203,M.simiae
GCF_900232995.1,NZ_OCVX01000001.1,93669,6192024,207,M.simulans
GCF_900232995.1,NZ_OCVX01000002.1,50020,6192024,207,M.simulans
GCF_900232995.1,NZ_OCVX01000003.1,3450000,6192024,207,M.simulans
GCF_900232995.1,NZ_OCVX01000004.1,521714,6192024,207,M.simulans
GCF_900232995.1,NZ_OCVX01000005.1,698600,6192024,207,M.simulans
GCF_900232995.1,NZ_OCVX01000006.1,84982,6192024,207,M.simulans
GCF_900232995.1,NZ_OCVX01000007.1,910737,6192024,207,M.simulans
GCF_900232995.1,NZ_OCVX01000008.1,805,6192024,207,M.simulans
GCF_900232995.1,NZ_OCVX01000009.1,1607,6192024,207,M.simulans
GCF_900232995.1,NZ_OCVX01000010.1,1803,6192024,207,M.simulans
GCF_900232995.1,NZ_OCVX01000011.1,1157,6192024,207,M.simulans
GCF_900232995.1,NZ_OCVX01000012.1,1265,6192024,207,M.simulans
GCF_900232995.1,NZ_OCVX01000013.1,3163,6192024,207,M.simulans
GCF_900232995.1,NZ_OCVX01000014.1,4053,6192024,207,M.simulans
GCF_900232995.1,NZ_OCVX01000015.1,12397,6192024,207,M.simulans
GCF_900232995.1,NZ_OCVX01000016.1,1526,6192024,207,M.simulans
GCF_900232995.1,NZ_OCVX01000017.1,21090,6192024,207,M.simulans
GCF_900232995.1,NZ_OCVX01000018.1,3108,6192024,207,M.simulans
GCF_900232995.1,NZ_OCVX01000019.1,4767,6192024,207,M.simulans
GCF_900232995.1,NZ_OCVX01000020.1,2959,6192024,207,M.simulans
GCF_900232995.1,NZ_OCVX01000021.1,969,6192024,207,M.simulans
GCF_900232995.1,NZ_OCVX01000022.1,1363,6192024,207,M.simulans
GCF_900232995.1,NZ_OCVX01000023.1,1558,6192024,207,M.simulans
GCF_900232995.1,NZ_OCVX01000024.1,2098,6192024,207,M.simulans
GCF_900232995.1,NZ_OCVX01000025.1,23287,6192024,207,M.simulans
GCF_900232995.1,NZ_OCVX01000026.1,970,6192024,207,M.simulans
GCF_900232995.1,NZ_OCVX01000027.1,846,6192024,207,M.simulans
GCF_900232995.1,NZ_OCVX01000028.1,1398,6192024,207,M.simulans
GCF_900232995.1,NZ_OCVX01000029.1,1612,6192024,207,M.simulans
GCF_900232995.1,NZ_OCVX01000030.1,6177,6192024,207,M.simulans
GCF_900232995.1,NZ_OCVX01000031.1,898,6192024,207,M.simulans
GCF_900232995.1,NZ_OCVX01000032.1,3084,6192024,207,M.simulans
GCF_900232995.1,NZ_OCVX01000033.1,11309,6192024,207,M.simulans
GCF_900232995.1,NZ_OCVX01000034.1,1210,6192024,207,M.simulans
GCF_900232995.1,NZ_OCVX01000035.1,1978,6192024,207,M.simulans
GCF_900232995.1,NZ_OCVX01000036.1,3667,6192024,207,M.simulans
GCF_900232995.1,NZ_OCVX01000037.1,9108,6192024,207,M.simulans
GCF_900232995.1,NZ_OCVX01000038.1,2513,6192024,207,M.simulans
GCF_900232995.1,NZ_OCVX01000039.1,21048,6192024,207,M.simulans
GCF_900232995.1,NZ_OCVX01000040.1,6068,6192024,207,M.simulans
GCF_900232995.1,NZ_OCVX01000041.1,9856,6192024,207,M.simulans
GCF_900232995.1,NZ_OCVX01000042.1,4785,6192024,207,M.simulans
GCF_900232995.1,NZ_OCVX01000043.1,4039,6192024,207,M.simulans
GCF_900232995.1,NZ_OCVX01000044.1,5058,6192024,207,M.simulans
GCF_900232995.1,NZ_OCVX01000045.1,5799,6192024,207,M.simulans
GCF_900232995.1,NZ_OCVX01000046.1,895,6192024,207,M.simulans
GCF_900232995.1,NZ_OCVX01000047.1,3146,6192024,207,M.simulans
GCF_900232995.1,NZ_OCVX01000048.1,16659,6192024,207,M.simulans
GCF_900232995.1,NZ_OCVX01000049.1,1570,6192024,207,M.simulans
GCF_900232995.1,NZ_OCVX01000050.1,999,6192024,207,M.simulans
GCF_900232995.1,NZ_OCVX01000051.1,2345,6192024,207,M.simulans
GCF_900232995.1,NZ_OCVX01000052.1,4044,6192024,207,M.simulans
GCF_900232995.1,NZ_OCVX01000053.1,1140,6192024,207,M.simulans
GCF_900232995.1,NZ_OCVX01000054.1,1818,6192024,207,M.simulans
GCF_900232995.1,NZ_OCVX01000055.1,1611,6192024,207,M.simulans
GCF_900232995.1,NZ_OCVX01000056.1,2821,6192024,207,M.simulans
GCF_900232995.1,NZ_OCVX01000057.1,2383,6192024,207,M.simulans
GCF_900232995.1,NZ_OCVX01000058.1,1172,6192024,207,M.simulans
GCF_900232995.1,NZ_OCVX01000059.1,8856,6192024,207,M.simulans
GCF_900232995.1,NZ_OCVX01000060.1,1361,6192024,207,M.simulans
GCF_900232995.1,NZ_OCVX01000061.1,3782,6192024,207,M.simulans
GCF_900232995.1,NZ_OCVX01000062.1,1239,6192024,207,M.simulans
GCF_900232995.1,NZ_OCVX01000063.1,1668,6192024,207,M.simulans
GCF_900232995.1,NZ_OCVX01000064.1,1519,6192024,207,M.simulans
GCF_900232995.1,NZ_OCVX01000065.1,2606,6192024,207,M.simulans
GCF_900232995.1,NZ_OCVX01000066.1,1164,6192024,207,M.simulans
GCF_900232995.1,NZ_OCVX01000067.1,1542,6192024,207,M.simulans
GCF_900232995.1,NZ_OCVX01000068.1,1548,6192024,207,M.simulans
GCF_900232995.1,NZ_OCVX01000069.1,1539,6192024,207,M.simulans
GCF_900232995.1,NZ_OCVX01000070.1,5197,6192024,207,M.simulans
GCF_900232995.1,NZ_OCVX01000071.1,1864,6192024,207,M.simulans
GCF_900232995.1,NZ_OCVX01000072.1,1361,6192024,207,M.simulans
GCF_900232995.1,NZ_OCVX01000073.1,1089,6192024,207,M.simulans
GCF_900232995.1,NZ_OCVX01000074.1,2728,6192024,207,M.simulans
GCF_900232995.1,NZ_OCVX01000075.1,1463,6192024,207,M.simulans
GCF_900232995.1,NZ_OCVX01000076.1,1826,6192024,207,M.simulans
GCF_900232995.1,NZ_OCVX01000077.1,3415,6192024,207,M.simulans
GCF_900232995.1,NZ_OCVX01000078.1,4351,6192024,207,M.simulans
GCF_900232995.1,NZ_OCVX01000079.1,1489,6192024,207,M.simulans
GCF_900232995.1,NZ_OCVX01000080.1,1143,6192024,207,M.simulans
GCF_900232995.1,NZ_OCVX01000081.1,1009,6192024,207,M.simulans
GCF_900232995.1,NZ_OCVX01000082.1,1569,6192024,207,M.simulans
GCF_900232995.1,NZ_OCVX01000083.1,8063,6192024,207,M.simulans
GCF_900232995.1,NZ_OCVX01000084.1,6979,6192024,207,M.simulans
GCF_900232995.1,NZ_OCVX01000085.1,5130,6192024,207,M.simulans
GCF_900232995.1,NZ_OCVX01000086.1,5656,6192024,207,M.simulans
GCF_900232995.1,NZ_OCVX01000087.1,1335,6192024,207,M.simulans
GCF_900232995.1,NZ_OCVX01000088.1,1038,6192024,207,M.simulans
GCF_900232995.1,NZ_OCVX01000089.1,10218,6192024,207,M.simulans
GCF_900232995.1,NZ_OCVX01000090.1,4226,6192024,207,M.simulans
GCF_900232995.1,NZ_OCVX01000091.1,2230,6192024,207,M.simulans
GCF_900232995.1,NZ_OCVX01000092.1,939,6192024,207,M.simulans
GCF_900232995.1,NZ_OCVX01000093.1,1348,6192024,207,M.simulans
GCF_900232995.1,NZ_OCVX01000094.1,3057,6192024,207,M.simulans
GCF_900232995.1,NZ_OCVX01000095.1,1441,6192024,207,M.simulans
GCF_900232995.1,NZ_OCVX01000096.1,2028,6192024,207,M.simulans
GCF_900232995.1,NZ_OCVX01000097.1,1121,6192024,207,M.simulans
GCF_900232995.1,NZ_OCVX01000098.1,14836,6192024,207,M.simulans
GCF_900232995.1,NZ_OCVX01000099.1,8829,6192024,207,M.simulans
GCF_900232995.1,NZ_OCVX01000100.1,9027,6192024,207,M.simulans
GCF_900232995.1,NZ_OCVX01000101.1,865,6192024,207,M.simulans
GCF_900232995.1,NZ_OCVX01000102.1,1735,6192024,207,M.simulans
GCF_900232995.1,NZ_OCVX01000103.1,1258,6192024,207,M.simulans
GCF_900232995.1,NZ_OCVX01000104.1,3329,6192024,207,M.simulans
GCF_900232995.1,NZ_OCVX01000105.1,1285,6192024,207,M.simulans
GCF_000214155.1,NC_015576.1,4643668,4643668,4,M.sinensis
GCF_022370415.1,NZ_CP080274.1,6895172,6895172,25,M.smegmatis
GCF_002250655.1,NZ_NOZR01000001.1,405133,6066978,55,M.sphagni
GCF_002250655.1,NZ_NOZR01000002.1,378674,6066978,55,M.sphagni
GCF_002250655.1,NZ_NOZR01000003.1,332512,6066978,55,M.sphagni
GCF_002250655.1,NZ_NOZR01000004.1,326623,6066978,55,M.sphagni
GCF_002250655.1,NZ_NOZR01000005.1,291216,6066978,55,M.sphagni
GCF_002250655.1,NZ_NOZR01000006.1,286837,6066978,55,M.sphagni
GCF_002250655.1,NZ_NOZR01000007.1,234838,6066978,55,M.sphagni
GCF_002250655.1,NZ_NOZR01000008.1,231877,6066978,55,M.sphagni
GCF_002250655.1,NZ_NOZR01000009.1,226229,6066978,55,M.sphagni
GCF_002250655.1,NZ_NOZR01000010.1,199913,6066978,55,M.sphagni
GCF_002250655.1,NZ_NOZR01000011.1,167586,6066978,55,M.sphagni
GCF_002250655.1,NZ_NOZR01000012.1,151292,6066978,55,M.sphagni
GCF_002250655.1,NZ_NOZR01000013.1,149506,6066978,55,M.sphagni
GCF_002250655.1,NZ_NOZR01000014.1,145563,6066978,55,M.sphagni
GCF_002250655.1,NZ_NOZR01000015.1,142074,6066978,55,M.sphagni
GCF_002250655.1,NZ_NOZR01000016.1,141652,6066978,55,M.sphagni
GCF_002250655.1,NZ_NOZR01000017.1,137750,6066978,55,M.sphagni
GCF_002250655.1,NZ_NOZR01000018.1,132793,6066978,55,M.sphagni
GCF_002250655.1,NZ_NOZR01000019.1,130035,6066978,55,M.sphagni
GCF_002250655.1,NZ_NOZR01000020.1,125844,6066978,55,M.sphagni
GCF_002250655.1,NZ_NOZR01000021.1,115638,6066978,55,M.sphagni
GCF_002250655.1,NZ_NOZR01000022.1,113524,6066978,55,M.sphagni
GCF_002250655.1,NZ_NOZR01000023.1,109903,6066978,55,M.sphagni
GCF_002250655.1,NZ_NOZR01000024.1,101569,6066978,55,M.sphagni
GCF_002250655.1,NZ_NOZR01000025.1,96101,6066978,55,M.sphagni
GCF_002250655.1,NZ_NOZR01000026.1,91451,6066978,55,M.sphagni
GCF_002250655.1,NZ_NOZR01000027.1,87550,6066978,55,M.sphagni
GCF_002250655.1,NZ_NOZR01000028.1,84836,6066978,55,M.sphagni
GCF_002250655.1,NZ_NOZR01000029.1,72587,6066978,55,M.sphagni
GCF_002250655.1,NZ_NOZR01000030.1,70745,6066978,55,M.sphagni
GCF_002250655.1,NZ_NOZR01000031.1,69738,6066978,55,M.sphagni
GCF_002250655.1,NZ_NOZR01000032.1,66876,6066978,55,M.sphagni
GCF_002250655.1,NZ_NOZR01000033.1,66691,6066978,55,M.sphagni
GCF_002250655.1,NZ_NOZR01000034.1,60550,6066978,55,M.sphagni
GCF_002250655.1,NZ_NOZR01000035.1,58138,6066978,55,M.sphagni
GCF_002250655.1,NZ_NOZR01000036.1,55479,6066978,55,M.sphagni
GCF_002250655.1,NZ_NOZR01000037.1,46997,6066978,55,M.sphagni
GCF_002250655.1,NZ_NOZR01000038.1,40167,6066978,55,M.sphagni
GCF_002250655.1,NZ_NOZR01000039.1,35613,6066978,55,M.sphagni
GCF_002250655.1,NZ_NOZR01000040.1,33302,6066978,55,M.sphagni
GCF_002250655.1,NZ_NOZR01000041.1,30914,6066978,55,M.sphagni
GCF_002250655.1,NZ_NOZR01000042.1,27440,6066978,55,M.sphagni
GCF_002250655.1,NZ_NOZR01000043.1,23605,6066978,55,M.sphagni
GCF_002250655.1,NZ_NOZR01000044.1,23206,6066978,55,M.sphagni
GCF_002250655.1,NZ_NOZR01000045.1,22150,6066978,55,M.sphagni
GCF_002250655.1,NZ_NOZR01000046.1,18794,6066978,55,M.sphagni
GCF_002250655.1,NZ_NOZR01000047.1,18665,6066978,55,M.sphagni
GCF_002250655.1,NZ_NOZR01000048.1,16476,6066978,55,M.sphagni
GCF_002250655.1,NZ_NOZR01000049.1,11101,6066978,55,M.sphagni
GCF_002250655.1,NZ_NOZR01000050.1,10268,6066978,55,M.sphagni
GCF_002250655.1,NZ_NOZR01000051.1,9639,6066978,55,M.sphagni
GCF_002250655.1,NZ_NOZR01000052.1,9183,6066978,55,M.sphagni
GCF_002250655.1,NZ_NOZR01000053.1,6197,6066978,55,M.sphagni
GCF_002250655.1,NZ_NOZR01000054.1,5463,6066978,55,M.sphagni
GCF_002250655.1,NZ_NOZR01000055.1,2783,6066978,55,M.sphagni
GCF_002250655.1,NZ_NOZR01000056.1,1516,6066978,55,M.sphagni
GCF_002250655.1,NZ_NOZR01000057.1,1454,6066978,55,M.sphagni
GCF_002250655.1,NZ_NOZR01000058.1,1284,6066978,55,M.sphagni
GCF_002250655.1,NZ_NOZR01000059.1,1265,6066978,55,M.sphagni
GCF_002250655.1,NZ_NOZR01000060.1,1223,6066978,55,M.sphagni
GCF_002250655.1,NZ_NOZR01000061.1,1117,6066978,55,M.sphagni
GCF_002250655.1,NZ_NOZR01000062.1,1014,6066978,55,M.sphagni
GCF_002250655.1,NZ_NOZR01000063.1,804,6066978,55,M.sphagni
GCF_002250655.1,NZ_NOZR01000064.1,663,6066978,55,M.sphagni
GCF_002250655.1,NZ_NOZR01000065.1,651,6066978,55,M.sphagni
GCF_002250655.1,NZ_NOZR01000066.1,564,6066978,55,M.sphagni
GCF_002250655.1,NZ_NOZR01000067.1,476,6066978,55,M.sphagni
GCF_002250655.1,NZ_NOZR01000068.1,441,6066978,55,M.sphagni
GCF_002250655.1,NZ_NOZR01000069.1,415,6066978,55,M.sphagni
GCF_002250655.1,NZ_NOZR01000070.1,410,6066978,55,M.sphagni
GCF_002250655.1,NZ_NOZR01000071.1,353,6066978,55,M.sphagni
GCF_002250655.1,NZ_NOZR01000072.1,342,6066978,55,M.sphagni
GCF_002250655.1,NZ_NOZR01000073.1,338,6066978,55,M.sphagni
GCF_002250655.1,NZ_NOZR01000074.1,326,6066978,55,M.sphagni
GCF_002250655.1,NZ_NOZR01000075.1,310,6066978,55,M.sphagni
GCF_002250655.1,NZ_NOZR01000076.1,293,6066978,55,M.sphagni
GCF_002250655.1,NZ_NOZR01000077.1,218,6066978,55,M.sphagni
GCF_002250655.1,NZ_NOZR01000078.1,215,6066978,55,M.sphagni
GCF_018278905.1,NZ_CP046600.1,5581157,5581157,28,M.spongiae
GCF_003719305.1,NZ_RARC01000001.1,579512,6956345,224,M.stellerae
GCF_003719305.1,NZ_RARC01000002.1,521690,6956345,224,M.stellerae
GCF_003719305.1,NZ_RARC01000003.1,374564,6956345,224,M.stellerae
GCF_003719305.1,NZ_RARC01000004.1,311427,6956345,224,M.stellerae
GCF_003719305.1,NZ_RARC01000005.1,277166,6956345,224,M.stellerae
GCF_003719305.1,NZ_RARC01000006.1,237995,6956345,224,M.stellerae
GCF_003719305.1,NZ_RARC01000007.1,228964,6956345,224,M.stellerae
GCF_003719305.1,NZ_RARC01000008.1,221298,6956345,224,M.stellerae
GCF_003719305.1,NZ_RARC01000009.1,211840,6956345,224,M.stellerae
GCF_003719305.1,NZ_RARC01000010.1,207512,6956345,224,M.stellerae
GCF_003719305.1,NZ_RARC01000011.1,192062,6956345,224,M.stellerae
GCF_003719305.1,NZ_RARC01000012.1,175888,6956345,224,M.stellerae
GCF_003719305.1,NZ_RARC01000013.1,161308,6956345,224,M.stellerae
GCF_003719305.1,NZ_RARC01000014.1,156584,6956345,224,M.stellerae
GCF_003719305.1,NZ_RARC01000015.1,132395,6956345,224,M.stellerae
GCF_003719305.1,NZ_RARC01000016.1,129040,6956345,224,M.stellerae
GCF_003719305.1,NZ_RARC01000017.1,128632,6956345,224,M.stellerae
GCF_003719305.1,NZ_RARC01000018.1,124509,6956345,224,M.stellerae
GCF_003719305.1,NZ_RARC01000019.1,121881,6956345,224,M.stellerae
GCF_003719305.1,NZ_RARC01000020.1,118047,6956345,224,M.stellerae
GCF_003719305.1,NZ_RARC01000021.1,116174,6956345,224,M.stellerae
GCF_003719305.1,NZ_RARC01000022.1,103499,6956345,224,M.stellerae
GCF_003719305.1,NZ_RARC01000023.1,101043,6956345,224,M.stellerae
GCF_003719305.1,NZ_RARC01000024.1,100362,6956345,224,M.stellerae
GCF_003719305.1,NZ_RARC01000025.1,98380,6956345,224,M.stellerae
GCF_003719305.1,NZ_RARC01000026.1,95400,6956345,224,M.stellerae
GCF_003719305.1,NZ_RARC01000027.1,92935,6956345,224,M.stellerae
GCF_003719305.1,NZ_RARC01000028.1,92710,6956345,224,M.stellerae
GCF_003719305.1,NZ_RARC01000029.1,86753,6956345,224,M.stellerae
GCF_003719305.1,NZ_RARC01000030.1,80886,6956345,224,M.stellerae
GCF_003719305.1,NZ_RARC01000031.1,80436,6956345,224,M.stellerae
GCF_003719305.1,NZ_RARC01000032.1,79063,6956345,224,M.stellerae
GCF_003719305.1,NZ_RARC01000033.1,78687,6956345,224,M.stellerae
GCF_003719305.1,NZ_RARC01000034.1,78127,6956345,224,M.stellerae
GCF_003719305.1,NZ_RARC01000035.1,76302,6956345,224,M.stellerae
GCF_003719305.1,NZ_RARC01000036.1,76155,6956345,224,M.stellerae
GCF_003719305.1,NZ_RARC01000037.1,74620,6956345,224,M.stellerae
GCF_003719305.1,NZ_RARC01000038.1,66049,6956345,224,M.stellerae
GCF_003719305.1,NZ_RARC01000039.1,62191,6956345,224,M.stellerae
GCF_003719305.1,NZ_RARC01000040.1,59142,6956345,224,M.stellerae
GCF_003719305.1,NZ_RARC01000041.1,58314,6956345,224,M.stellerae
GCF_003719305.1,NZ_RARC01000042.1,55735,6956345,224,M.stellerae
GCF_003719305.1,NZ_RARC01000043.1,45148,6956345,224,M.stellerae
GCF_003719305.1,NZ_RARC01000044.1,41407,6956345,224,M.stellerae
GCF_003719305.1,NZ_RARC01000045.1,39570,6956345,224,M.stellerae
GCF_003719305.1,NZ_RARC01000046.1,36064,6956345,224,M.stellerae
GCF_003719305.1,NZ_RARC01000047.1,35288,6956345,224,M.stellerae
GCF_003719305.1,NZ_RARC01000048.1,35177,6956345,224,M.stellerae
GCF_003719305.1,NZ_RARC01000049.1,31477,6956345,224,M.stellerae
GCF_003719305.1,NZ_RARC01000050.1,30676,6956345,224,M.stellerae
GCF_003719305.1,NZ_RARC01000051.1,23236,6956345,224,M.stellerae
GCF_003719305.1,NZ_RARC01000052.1,19654,6956345,224,M.stellerae
GCF_003719305.1,NZ_RARC01000053.1,17541,6956345,224,M.stellerae
GCF_003719305.1,NZ_RARC01000054.1,17449,6956345,224,M.stellerae
GCF_003719305.1,NZ_RARC01000055.1,15845,6956345,224,M.stellerae
GCF_003719305.1,NZ_RARC01000056.1,15834,6956345,224,M.stellerae
GCF_003719305.1,NZ_RARC01000057.1,15528,6956345,224,M.stellerae
GCF_003719305.1,NZ_RARC01000058.1,15233,6956345,224,M.stellerae
GCF_003719305.1,NZ_RARC01000059.1,9576,6956345,224,M.stellerae
GCF_003719305.1,NZ_RARC01000060.1,9266,6956345,224,M.stellerae
GCF_003719305.1,NZ_RARC01000061.1,8743,6956345,224,M.stellerae
GCF_003719305.1,NZ_RARC01000062.1,8265,6956345,224,M.stellerae
GCF_003719305.1,NZ_RARC01000063.1,7816,6956345,224,M.stellerae
GCF_003719305.1,NZ_RARC01000064.1,5984,6956345,224,M.stellerae
GCF_003719305.1,NZ_RARC01000065.1,5662,6956345,224,M.stellerae
GCF_003719305.1,NZ_RARC01000066.1,5399,6956345,224,M.stellerae
GCF_003719305.1,NZ_RARC01000067.1,4325,6956345,224,M.stellerae
GCF_003719305.1,NZ_RARC01000068.1,4081,6956345,224,M.stellerae
GCF_003719305.1,NZ_RARC01000069.1,3761,6956345,224,M.stellerae
GCF_003719305.1,NZ_RARC01000070.1,2562,6956345,224,M.stellerae
GCF_003719305.1,NZ_RARC01000071.1,1929,6956345,224,M.stellerae
GCF_003719305.1,NZ_RARC01000072.1,1923,6956345,224,M.stellerae
GCF_003719305.1,NZ_RARC01000073.1,1831,6956345,224,M.stellerae
GCF_003719305.1,NZ_RARC01000074.1,1830,6956345,224,M.stellerae
GCF_003719305.1,NZ_RARC01000075.1,1558,6956345,224,M.stellerae
GCF_003719305.1,NZ_RARC01000076.1,1488,6956345,224,M.stellerae
GCF_003719305.1,NZ_RARC01000077.1,1387,6956345,224,M.stellerae
GCF_003719305.1,NZ_RARC01000078.1,1255,6956345,224,M.stellerae
GCF_003719305.1,NZ_RARC01000079.1,1237,6956345,224,M.stellerae
GCF_003719305.1,NZ_RARC01000080.1,1093,6956345,224,M.stellerae
GCF_003719305.1,NZ_RARC01000081.1,880,6956345,224,M.stellerae
GCF_003719305.1,NZ_RARC01000082.1,776,6956345,224,M.stellerae
GCF_003719305.1,NZ_RARC01000083.1,586,6956345,224,M.stellerae
GCF_003719305.1,NZ_RARC01000084.1,584,6956345,224,M.stellerae
GCF_003719305.1,NZ_RARC01000085.1,547,6956345,224,M.stellerae
GCF_003719305.1,NZ_RARC01000086.1,547,6956345,224,M.stellerae
GCF_003719305.1,NZ_RARC01000087.1,528,6956345,224,M.stellerae
GCF_003719305.1,NZ_RARC01000088.1,522,6956345,224,M.stellerae
GCF_002356335.1,NZ_AP018165.1,4994485,4994485,139,M.stephanolepidis
GCF_010731715.1,NZ_AP022587.1,6210822,6210822,215,M.stomatepiae
GCF_001942625.1,NZ_MLCL01000001.1,245295,6344489,125,M.syngnathidarum
GCF_001942625.1,NZ_MLCL01000002.1,106407,6344489,125,M.syngnathidarum
GCF_001942625.1,NZ_MLCL01000003.1,1347,6344489,125,M.syngnathidarum
GCF_001942625.1,NZ_MLCL01000004.1,148942,6344489,125,M.syngnathidarum
GCF_001942625.1,NZ_MLCL01000005.1,1543,6344489,125,M.syngnathidarum
GCF_001942625.1,NZ_MLCL01000006.1,252,6344489,125,M.syngnathidarum
GCF_001942625.1,NZ_MLCL01000007.1,448,6344489,125,M.syngnathidarum
GCF_001942625.1,NZ_MLCL01000008.1,519,6344489,125,M.syngnathidarum
GCF_001942625.1,NZ_MLCL01000009.1,413,6344489,125,M.syngnathidarum
GCF_001942625.1,NZ_MLCL01000010.1,44562,6344489,125,M.syngnathidarum
GCF_001942625.1,NZ_MLCL01000011.1,186832,6344489,125,M.syngnathidarum
GCF_001942625.1,NZ_MLCL01000012.1,1232,6344489,125,M.syngnathidarum
GCF_001942625.1,NZ_MLCL01000013.1,2270,6344489,125,M.syngnathidarum
GCF_001942625.1,NZ_MLCL01000014.1,467,6344489,125,M.syngnathidarum
GCF_001942625.1,NZ_MLCL01000015.1,2354,6344489,125,M.syngnathidarum
GCF_001942625.1,NZ_MLCL01000016.1,65547,6344489,125,M.syngnathidarum
GCF_001942625.1,NZ_MLCL01000017.1,2993,6344489,125,M.syngnathidarum
GCF_001942625.1,NZ_MLCL01000018.1,14079,6344489,125,M.syngnathidarum
GCF_001942625.1,NZ_MLCL01000019.1,61784,6344489,125,M.syngnathidarum
GCF_001942625.1,NZ_MLCL01000020.1,430,6344489,125,M.syngnathidarum
GCF_001942625.1,NZ_MLCL01000021.1,56061,6344489,125,M.syngnathidarum
GCF_001942625.1,NZ_MLCL01000022.1,120016,6344489,125,M.syngnathidarum
GCF_001942625.1,NZ_MLCL01000023.1,192523,6344489,125,M.syngnathidarum
GCF_001942625.1,NZ_MLCL01000024.1,283603,6344489,125,M.syngnathidarum
GCF_001942625.1,NZ_MLCL01000025.1,543,6344489,125,M.syngnathidarum
GCF_001942625.1,NZ_MLCL01000026.1,648,6344489,125,M.syngnathidarum
GCF_001942625.1,NZ_MLCL01000027.1,58702,6344489,125,M.syngnathidarum
GCF_001942625.1,NZ_MLCL01000028.1,22193,6344489,125,M.syngnathidarum
GCF_001942625.1,NZ_MLCL01000029.1,380164,6344489,125,M.syngnathidarum
GCF_001942625.1,NZ_MLCL01000030.1,404,6344489,125,M.syngnathidarum
GCF_001942625.1,NZ_MLCL01000031.1,4583,6344489,125,M.syngnathidarum
GCF_001942625.1,NZ_MLCL01000032.1,161464,6344489,125,M.syngnathidarum
GCF_001942625.1,NZ_MLCL01000033.1,299083,6344489,125,M.syngnathidarum
GCF_001942625.1,NZ_MLCL01000034.1,9030,6344489,125,M.syngnathidarum
GCF_001942625.1,NZ_MLCL01000035.1,2842,6344489,125,M.syngnathidarum
GCF_001942625.1,NZ_MLCL01000036.1,19762,6344489,125,M.syngnathidarum
GCF_001942625.1,NZ_MLCL01000037.1,42983,6344489,125,M.syngnathidarum
GCF_001942625.1,NZ_MLCL01000038.1,15425,6344489,125,M.syngnathidarum
GCF_001942625.1,NZ_MLCL01000039.1,184850,6344489,125,M.syngnathidarum
GCF_001942625.1,NZ_MLCL01000040.1,1696,6344489,125,M.syngnathidarum
GCF_001942625.1,NZ_MLCL01000041.1,1778,6344489,125,M.syngnathidarum
GCF_001942625.1,NZ_MLCL01000042.1,93222,6344489,125,M.syngnathidarum
GCF_001942625.1,NZ_MLCL01000043.1,3445,6344489,125,M.syngnathidarum
GCF_001942625.1,NZ_MLCL01000044.1,449,6344489,125,M.syngnathidarum
GCF_001942625.1,NZ_MLCL01000045.1,1659,6344489,125,M.syngnathidarum
GCF_001942625.1,NZ_MLCL01000046.1,1511,6344489,125,M.syngnathidarum
GCF_001942625.1,NZ_MLCL01000047.1,450,6344489,125,M.syngnathidarum
GCF_001942625.1,NZ_MLCL01000048.1,15147,6344489,125,M.syngnathidarum
GCF_001942625.1,NZ_MLCL01000049.1,1513,6344489,125,M.syngnathidarum
GCF_001942625.1,NZ_MLCL01000050.1,27579,6344489,125,M.syngnathidarum
GCF_001942625.1,NZ_MLCL01000051.1,1230,6344489,125,M.syngnathidarum
GCF_001942625.1,NZ_MLCL01000052.1,107724,6344489,125,M.syngnathidarum
GCF_001942625.1,NZ_MLCL01000053.1,1509,6344489,125,M.syngnathidarum
GCF_001942625.1,NZ_MLCL01000054.1,79539,6344489,125,M.syngnathidarum
GCF_001942625.1,NZ_MLCL01000055.1,532,6344489,125,M.syngnathidarum
GCF_001942625.1,NZ_MLCL01000056.1,543,6344489,125,M.syngnathidarum
GCF_001942625.1,NZ_MLCL01000057.1,3181,6344489,125,M.syngnathidarum
GCF_001942625.1,NZ_MLCL01000058.1,1716,6344489,125,M.syngnathidarum
GCF_001942625.1,NZ_MLCL01000059.1,13773,6344489,125,M.syngnathidarum
GCF_001942625.1,NZ_MLCL01000060.1,1668,6344489,125,M.syngnathidarum
GCF_001942625.1,NZ_MLCL01000061.1,111177,6344489,125,M.syngnathidarum
GCF_001942625.1,NZ_MLCL01000062.1,452191,6344489,125,M.syngnathidarum
GCF_001942625.1,NZ_MLCL01000063.1,55675,6344489,125,M.syngnathidarum
GCF_001942625.1,NZ_MLCL01000064.1,254,6344489,125,M.syngnathidarum
GCF_001942625.1,NZ_MLCL01000065.1,1077,6344489,125,M.syngnathidarum
GCF_001942625.1,NZ_MLCL01000066.1,254,6344489,125,M.syngnathidarum
GCF_001942625.1,NZ_MLCL01000067.1,673,6344489,125,M.syngnathidarum
GCF_001942625.1,NZ_MLCL01000068.1,47127,6344489,125,M.syngnathidarum
GCF_001942625.1,NZ_MLCL01000069.1,4481,6344489,125,M.syngnathidarum
GCF_001942625.1,NZ_MLCL01000070.1,1361,6344489,125,M.syngnathidarum
GCF_001942625.1,NZ_MLCL01000071.1,45520,6344489,125,M.syngnathidarum
GCF_001942625.1,NZ_MLCL01000072.1,1593,6344489,125,M.syngnathidarum
GCF_001942625.1,NZ_MLCL01000073.1,178770,6344489,125,M.syngnathidarum
GCF_001942625.1,NZ_MLCL01000074.1,112596,6344489,125,M.syngnathidarum
GCF_001942625.1,NZ_MLCL01000075.1,56645,6344489,125,M.syngnathidarum
GCF_001942625.1,NZ_MLCL01000076.1,133385,6344489,125,M.syngnathidarum
GCF_001942625.1,NZ_MLCL01000077.1,133089,6344489,125,M.syngnathidarum
GCF_001942625.1,NZ_MLCL01000078.1,133706,6344489,125,M.syngnathidarum
GCF_001942625.1,NZ_MLCL01000079.1,191633,6344489,125,M.syngnathidarum
GCF_001942625.1,NZ_MLCL01000080.1,687,6344489,125,M.syngnathidarum
GCF_001942625.1,NZ_MLCL01000081.1,6934,6344489,125,M.syngnathidarum
GCF_001942625.1,NZ_MLCL01000082.1,930,6344489,125,M.syngnathidarum
GCF_001942625.1,NZ_MLCL01000083.1,50333,6344489,125,M.syngnathidarum
GCF_001942625.1,NZ_MLCL01000084.1,91068,6344489,125,M.syngnathidarum
GCF_001942625.1,NZ_MLCL01000085.1,9423,6344489,125,M.syngnathidarum
GCF_001942625.1,NZ_MLCL01000086.1,328331,6344489,125,M.syngnathidarum
GCF_001942625.1,NZ_MLCL01000087.1,41573,6344489,125,M.syngnathidarum
GCF_001942625.1,NZ_MLCL01000088.1,553,6344489,125,M.syngnathidarum
GCF_001942625.1,NZ_MLCL01000089.1,622886,6344489,125,M.syngnathidarum
GCF_001942625.1,NZ_MLCL01000090.1,40683,6344489,125,M.syngnathidarum
GCF_001942625.1,NZ_MLCL01000091.1,115825,6344489,125,M.syngnathidarum
GCF_001942625.1,NZ_MLCL01000092.1,432,6344489,125,M.syngnathidarum
GCF_001942625.1,NZ_MLCL01000093.1,271165,6344489,125,M.syngnathidarum
GCF_002116635.1,NZ_LQPW01000001.1,23419,6672659,174,M.szulgai
GCF_002116635.1,NZ_LQPW01000002.1,1329,6672659,174,M.szulgai
GCF_002116635.1,NZ_LQPW01000003.1,7409,6672659,174,M.szulgai
GCF_002116635.1,NZ_LQPW01000004.1,4723,6672659,174,M.szulgai
GCF_002116635.1,NZ_LQPW01000005.1,272809,6672659,174,M.szulgai
GCF_002116635.1,NZ_LQPW01000006.1,1528,6672659,174,M.szulgai
GCF_002116635.1,NZ_LQPW01000007.1,77210,6672659,174,M.szulgai
GCF_002116635.1,NZ_LQPW01000008.1,50315,6672659,174,M.szulgai
GCF_002116635.1,NZ_LQPW01000009.1,18077,6672659,174,M.szulgai
GCF_002116635.1,NZ_LQPW01000010.1,151962,6672659,174,M.szulgai
GCF_002116635.1,NZ_LQPW01000011.1,15758,6672659,174,M.szulgai
GCF_002116635.1,NZ_LQPW01000012.1,29142,6672659,174,M.szulgai
GCF_002116635.1,NZ_LQPW01000013.1,128628,6672659,174,M.szulgai
GCF_002116635.1,NZ_LQPW01000014.1,11656,6672659,174,M.szulgai
GCF_002116635.1,NZ_LQPW01000015.1,38633,6672659,174,M.szulgai
GCF_002116635.1,NZ_LQPW01000016.1,104816,6672659,174,M.szulgai
GCF_002116635.1,NZ_LQPW01000017.1,69157,6672659,174,M.szulgai
GCF_002116635.1,NZ_LQPW01000018.1,1751,6672659,174,M.szulgai
GCF_002116635.1,NZ_LQPW01000019.1,295676,6672659,174,M.szulgai
GCF_002116635.1,NZ_LQPW01000020.1,2817,6672659,174,M.szulgai
GCF_002116635.1,NZ_LQPW01000021.1,13751,6672659,174,M.szulgai
GCF_002116635.1,NZ_LQPW01000022.1,96322,6672659,174,M.szulgai
GCF_002116635.1,NZ_LQPW01000023.1,37907,6672659,174,M.szulgai
GCF_002116635.1,NZ_LQPW01000024.1,1363,6672659,174,M.szulgai
GCF_002116635.1,NZ_LQPW01000025.1,2952,6672659,174,M.szulgai
GCF_002116635.1,NZ_LQPW01000026.1,1536,6672659,174,M.szulgai
GCF_002116635.1,NZ_LQPW01000027.1,25406,6672659,174,M.szulgai
GCF_002116635.1,NZ_LQPW01000028.1,24602,6672659,174,M.szulgai
GCF_002116635.1,NZ_LQPW01000029.1,60818,6672659,174,M.szulgai
GCF_002116635.1,NZ_LQPW01000030.1,2065,6672659,174,M.szulgai
GCF_002116635.1,NZ_LQPW01000031.1,296906,6672659,174,M.szulgai
GCF_002116635.1,NZ_LQPW01000032.1,22584,6672659,174,M.szulgai
GCF_002116635.1,NZ_LQPW01000033.1,1446,6672659,174,M.szulgai
GCF_002116635.1,NZ_LQPW01000034.1,13698,6672659,174,M.szulgai
GCF_002116635.1,NZ_LQPW01000035.1,1455,6672659,174,M.szulgai
GCF_002116635.1,NZ_LQPW01000036.1,8700,6672659,174,M.szulgai
GCF_002116635.1,NZ_LQPW01000037.1,4341,6672659,174,M.szulgai
GCF_002116635.1,NZ_LQPW01000038.1,6704,6672659,174,M.szulgai
GCF_002116635.1,NZ_LQPW01000039.1,179759,6672659,174,M.szulgai
GCF_002116635.1,NZ_LQPW01000040.1,15959,6672659,174,M.szulgai
GCF_002116635.1,NZ_LQPW01000041.1,15544,6672659,174,M.szulgai
GCF_002116635.1,NZ_LQPW01000042.1,13040,6672659,174,M.szulgai
GCF_002116635.1,NZ_LQPW01000043.1,1022,6672659,174,M.szulgai
GCF_002116635.1,NZ_LQPW01000044.1,8170,6672659,174,M.szulgai
GCF_002116635.1,NZ_LQPW01000045.1,10063,6672659,174,M.szulgai
GCF_002116635.1,NZ_LQPW01000046.1,1513,6672659,174,M.szulgai
GCF_002116635.1,NZ_LQPW01000047.1,6255,6672659,174,M.szulgai
GCF_002116635.1,NZ_LQPW01000048.1,89837,6672659,174,M.szulgai
GCF_002116635.1,NZ_LQPW01000049.1,93971,6672659,174,M.szulgai
GCF_002116635.1,NZ_LQPW01000050.1,10601,6672659,174,M.szulgai
GCF_002116635.1,NZ_LQPW01000051.1,6146,6672659,174,M.szulgai
GCF_002116635.1,NZ_LQPW01000052.1,1257,6672659,174,M.szulgai
GCF_002116635.1,NZ_LQPW01000053.1,1749,6672659,174,M.szulgai
GCF_002116635.1,NZ_LQPW01000054.1,81414,6672659,174,M.szulgai
GCF_002116635.1,NZ_LQPW01000055.1,6066,6672659,174,M.szulgai
GCF_002116635.1,NZ_LQPW01000056.1,1064,6672659,174,M.szulgai
GCF_002116635.1,NZ_LQPW01000057.1,12030,6672659,174,M.szulgai
GCF_002116635.1,NZ_LQPW01000058.1,1896,6672659,174,M.szulgai
GCF_002116635.1,NZ_LQPW01000059.1,1037,6672659,174,M.szulgai
GCF_002116635.1,NZ_LQPW01000060.1,1944,6672659,174,M.szulgai
GCF_002116635.1,NZ_LQPW01000061.1,1754,6672659,174,M.szulgai
GCF_002116635.1,NZ_LQPW01000062.1,47929,6672659,174,M.szulgai
GCF_002116635.1,NZ_LQPW01000063.1,8325,6672659,174,M.szulgai
GCF_002116635.1,NZ_LQPW01000064.1,35563,6672659,174,M.szulgai
GCF_002116635.1,NZ_LQPW01000065.1,23102,6672659,174,M.szulgai
GCF_002116635.1,NZ_LQPW01000066.1,1029,6672659,174,M.szulgai
GCF_002116635.1,NZ_LQPW01000067.1,33455,6672659,174,M.szulgai
GCF_002116635.1,NZ_LQPW01000068.1,1040,6672659,174,M.szulgai
GCF_002116635.1,NZ_LQPW01000069.1,24062,6672659,174,M.szulgai
GCF_002116635.1,NZ_LQPW01000070.1,5907,6672659,174,M.szulgai
GCF_002116635.1,NZ_LQPW01000071.1,9311,6672659,174,M.szulgai
GCF_002116635.1,NZ_LQPW01000072.1,39118,6672659,174,M.szulgai
GCF_002116635.1,NZ_LQPW01000073.1,2878,6672659,174,M.szulgai
GCF_002116635.1,NZ_LQPW01000074.1,10944,6672659,174,M.szulgai
GCF_002116635.1,NZ_LQPW01000075.1,59208,6672659,174,M.szulgai
GCF_002116635.1,NZ_LQPW01000076.1,28910,6672659,174,M.szulgai
GCF_002116635.1,NZ_LQPW01000077.1,2776,6672659,174,M.szulgai
GCF_002116635.1,NZ_LQPW01000078.1,1414,6672659,174,M.szulgai
GCF_002116635.1,NZ_LQPW01000079.1,1547,6672659,174,M.szulgai
GCF_002116635.1,NZ_LQPW01000080.1,1751,6672659,174,M.szulgai
GCF_002116635.1,NZ_LQPW01000081.1,11212,6672659,174,M.szulgai
GCF_002116635.1,NZ_LQPW01000082.1,90113,6672659,174,M.szulgai
GCF_002116635.1,NZ_LQPW01000083.1,12573,6672659,174,M.szulgai
GCF_002116635.1,NZ_LQPW01000084.1,7144,6672659,174,M.szulgai
GCF_002116635.1,NZ_LQPW01000085.1,1997,6672659,174,M.szulgai
GCF_002116635.1,NZ_LQPW01000086.1,150381,6672659,174,M.szulgai
GCF_002116635.1,NZ_LQPW01000087.1,1016,6672659,174,M.szulgai
GCF_002116635.1,NZ_LQPW01000088.1,19066,6672659,174,M.szulgai
GCF_002116635.1,NZ_LQPW01000089.1,1697,6672659,174,M.szulgai
GCF_002116635.1,NZ_LQPW01000090.1,36481,6672659,174,M.szulgai
GCF_002116635.1,NZ_LQPW01000091.1,76141,6672659,174,M.szulgai
GCF_002116635.1,NZ_LQPW01000092.1,1772,6672659,174,M.szulgai
GCF_002116635.1,NZ_LQPW01000093.1,2083,6672659,174,M.szulgai
GCF_002116635.1,NZ_LQPW01000094.1,2257,6672659,174,M.szulgai
GCF_002116635.1,NZ_LQPW01000095.1,2432,6672659,174,M.szulgai
GCF_002116635.1,NZ_LQPW01000096.1,2715,6672659,174,M.szulgai
GCF_002116635.1,NZ_LQPW01000097.1,1449,6672659,174,M.szulgai
GCF_002116635.1,NZ_LQPW01000098.1,2767,6672659,174,M.szulgai
GCF_002116635.1,NZ_LQPW01000099.1,3187,6672659,174,M.szulgai
GCF_002116635.1,NZ_LQPW01000100.1,3308,6672659,174,M.szulgai
GCF_002116635.1,NZ_LQPW01000101.1,1885,6672659,174,M.szulgai
GCF_002116635.1,NZ_LQPW01000102.1,1076,6672659,174,M.szulgai
GCF_002116635.1,NZ_LQPW01000103.1,4646,6672659,174,M.szulgai
GCF_002116635.1,NZ_LQPW01000104.1,19906,6672659,174,M.szulgai
GCF_002116635.1,NZ_LQPW01000105.1,1119,6672659,174,M.szulgai
GCF_002116635.1,NZ_LQPW01000106.1,60670,6672659,174,M.szulgai
GCF_002116635.1,NZ_LQPW01000107.1,89016,6672659,174,M.szulgai
GCF_002116635.1,NZ_LQPW01000108.1,1543,6672659,174,M.szulgai
GCF_002116635.1,NZ_LQPW01000109.1,49509,6672659,174,M.szulgai
GCF_002116635.1,NZ_LQPW01000110.1,43796,6672659,174,M.szulgai
GCF_002116635.1,NZ_LQPW01000111.1,2173,6672659,174,M.szulgai
GCF_002116635.1,NZ_LQPW01000112.1,13815,6672659,174,M.szulgai
GCF_002116635.1,NZ_LQPW01000113.1,1086,6672659,174,M.szulgai
GCF_002116635.1,NZ_LQPW01000114.1,1074,6672659,174,M.szulgai
GCF_002116635.1,NZ_LQPW01000115.1,12746,6672659,174,M.szulgai
GCF_002116635.1,NZ_LQPW01000116.1,10285,6672659,174,M.szulgai
GCF_002116635.1,NZ_LQPW01000117.1,1768,6672659,174,M.szulgai
GCF_002116635.1,NZ_LQPW01000118.1,2129,6672659,174,M.szulgai
GCF_002116635.1,NZ_LQPW01000119.1,26822,6672659,174,M.szulgai
GCF_002116635.1,NZ_LQPW01000120.1,195064,6672659,174,M.szulgai
GCF_002116635.1,NZ_LQPW01000121.1,1182,6672659,174,M.szulgai
GCF_002116635.1,NZ_LQPW01000122.1,18630,6672659,174,M.szulgai
GCF_002116635.1,NZ_LQPW01000123.1,67747,6672659,174,M.szulgai
GCF_002116635.1,NZ_LQPW01000124.1,1194,6672659,174,M.szulgai
GCF_002116635.1,NZ_LQPW01000125.1,112975,6672659,174,M.szulgai
GCF_002116635.1,NZ_LQPW01000126.1,9708,6672659,174,M.szulgai
GCF_002116635.1,NZ_LQPW01000127.1,1213,6672659,174,M.szulgai
GCF_002116635.1,NZ_LQPW01000128.1,1006,6672659,174,M.szulgai
GCF_002116635.1,NZ_LQPW01000129.1,3471,6672659,174,M.szulgai
GCF_002116635.1,NZ_LQPW01000130.1,6944,6672659,174,M.szulgai
GCF_002116635.1,NZ_LQPW01000131.1,46001,6672659,174,M.szulgai
GCF_002116635.1,NZ_LQPW01000132.1,131019,6672659,174,M.szulgai
GCF_002116635.1,NZ_LQPW01000133.1,1661,6672659,174,M.szulgai
GCF_002116635.1,NZ_LQPW01000134.1,105844,6672659,174,M.szulgai
GCF_002116635.1,NZ_LQPW01000135.1,1208,6672659,174,M.szulgai
GCF_002116635.1,NZ_LQPW01000136.1,57920,6672659,174,M.szulgai
GCF_002116635.1,NZ_LQPW01000137.1,59984,6672659,174,M.szulgai
GCF_002116635.1,NZ_LQPW01000138.1,15163,6672659,174,M.szulgai
GCF_002116635.1,NZ_LQPW01000139.1,1061,6672659,174,M.szulgai
GCF_002116635.1,NZ_LQPW01000140.1,78605,6672659,174,M.szulgai
GCF_002116635.1,NZ_LQPW01000141.1,1191,6672659,174,M.szulgai
GCF_002116635.1,NZ_LQPW01000142.1,1023,6672659,174,M.szulgai
GCF_002116635.1,NZ_LQPW01000143.1,80536,6672659,174,M.szulgai
GCF_002116635.1,NZ_LQPW01000144.1,81625,6672659,174,M.szulgai
GCF_002116635.1,NZ_LQPW01000145.1,84706,6672659,174,M.szulgai
GCF_002116635.1,NZ_LQPW01000146.1,68528,6672659,174,M.szulgai
GCF_002116635.1,NZ_LQPW01000147.1,5213,6672659,174,M.szulgai
GCF_002116635.1,NZ_LQPW01000148.1,129957,6672659,174,M.szulgai
GCF_002116635.1,NZ_LQPW01000149.1,1951,6672659,174,M.szulgai
GCF_002116635.1,NZ_LQPW01000150.1,76168,6672659,174,M.szulgai
GCF_002116635.1,NZ_LQPW01000151.1,30501,6672659,174,M.szulgai
GCF_002116635.1,NZ_LQPW01000152.1,50495,6672659,174,M.szulgai
GCF_002116635.1,NZ_LQPW01000153.1,45511,6672659,174,M.szulgai
GCF_002116635.1,NZ_LQPW01000154.1,85725,6672659,174,M.szulgai
GCF_002116635.1,NZ_LQPW01000155.1,17282,6672659,174,M.szulgai
GCF_002116635.1,NZ_LQPW01000156.1,71434,6672659,174,M.szulgai
GCF_002116635.1,NZ_LQPW01000157.1,1259,6672659,174,M.szulgai
GCF_002116635.1,NZ_LQPW01000158.1,57621,6672659,174,M.szulgai
GCF_002116635.1,NZ_LQPW01000159.1,2884,6672659,174,M.szulgai
GCF_002116635.1,NZ_LQPW01000160.1,19584,6672659,174,M.szulgai
GCF_002116635.1,NZ_LQPW01000161.1,1525,6672659,174,M.szulgai
GCF_002116635.1,NZ_LQPW01000162.1,13211,6672659,174,M.szulgai
GCF_002116635.1,NZ_LQPW01000163.1,109568,6672659,174,M.szulgai
GCF_002116635.1,NZ_LQPW01000164.1,4470,6672659,174,M.szulgai
GCF_002116635.1,NZ_LQPW01000165.1,218914,6672659,174,M.szulgai
GCF_002116635.1,NZ_LQPW01000166.1,9299,6672659,174,M.szulgai
GCF_002116635.1,NZ_LQPW01000167.1,200206,6672659,174,M.szulgai
GCF_002116635.1,NZ_LQPW01000168.1,35417,6672659,174,M.szulgai
GCF_002116635.1,NZ_LQPW01000169.1,1422,6672659,174,M.szulgai
GCF_002116635.1,NZ_LQPW01000170.1,1040,6672659,174,M.szulgai
GCF_002116635.1,NZ_LQPW01000171.1,103006,6672659,174,M.szulgai
GCF_002116635.1,NZ_LQPW01000172.1,12499,6672659,174,M.szulgai
GCF_002116635.1,NZ_LQPW01000173.1,95710,6672659,174,M.szulgai
GCF_002116635.1,NZ_LQPW01000174.1,76494,6672659,174,M.szulgai
GCF_002116635.1,NZ_LQPW01000175.1,1128,6672659,174,M.szulgai
GCF_002116635.1,NZ_LQPW01000176.1,165765,6672659,174,M.szulgai
GCF_002116635.1,NZ_LQPW01000177.1,26598,6672659,174,M.szulgai
GCF_002116635.1,NZ_LQPW01000178.1,161007,6672659,174,M.szulgai
GCF_001854525.1,NZ_MLQM01000001.1,119565,5622166,140,M.talmoniae
GCF_001854525.1,NZ_MLQM01000002.1,107176,5622166,140,M.talmoniae
GCF_001854525.1,NZ_MLQM01000003.1,103470,5622166,140,M.talmoniae
GCF_001854525.1,NZ_MLQM01000004.1,93429,5622166,140,M.talmoniae
GCF_001854525.1,NZ_MLQM01000005.1,90995,5622166,140,M.talmoniae
GCF_001854525.1,NZ_MLQM01000006.1,62836,5622166,140,M.talmoniae
GCF_001854525.1,NZ_MLQM01000007.1,61862,5622166,140,M.talmoniae
GCF_001854525.1,NZ_MLQM01000008.1,60597,5622166,140,M.talmoniae
GCF_001854525.1,NZ_MLQM01000009.1,60154,5622166,140,M.talmoniae
GCF_001854525.1,NZ_MLQM01000010.1,60021,5622166,140,M.talmoniae
GCF_001854525.1,NZ_MLQM01000011.1,55617,5622166,140,M.talmoniae
GCF_001854525.1,NZ_MLQM01000012.1,53139,5622166,140,M.talmoniae
GCF_001854525.1,NZ_MLQM01000013.1,52026,5622166,140,M.talmoniae
GCF_001854525.1,NZ_MLQM01000014.1,51308,5622166,140,M.talmoniae
GCF_001854525.1,NZ_MLQM01000015.1,51002,5622166,140,M.talmoniae
GCF_001854525.1,NZ_MLQM01000016.1,50857,5622166,140,M.talmoniae
GCF_001854525.1,NZ_MLQM01000017.1,49760,5622166,140,M.talmoniae
GCF_001854525.1,NZ_MLQM01000018.1,49456,5622166,140,M.talmoniae
GCF_001854525.1,NZ_MLQM01000019.1,48230,5622166,140,M.talmoniae
GCF_001854525.1,NZ_MLQM01000020.1,46880,5622166,140,M.talmoniae
GCF_001854525.1,NZ_MLQM01000021.1,46302,5622166,140,M.talmoniae
GCF_001854525.1,NZ_MLQM01000022.1,45852,5622166,140,M.talmoniae
GCF_001854525.1,NZ_MLQM01000023.1,44842,5622166,140,M.talmoniae
GCF_001854525.1,NZ_MLQM01000024.1,44499,5622166,140,M.talmoniae
GCF_001854525.1,NZ_MLQM01000025.1,44127,5622166,140,M.talmoniae
GCF_001854525.1,NZ_MLQM01000026.1,43452,5622166,140,M.talmoniae
GCF_001854525.1,NZ_MLQM01000027.1,43061,5622166,140,M.talmoniae
GCF_001854525.1,NZ_MLQM01000028.1,42104,5622166,140,M.talmoniae
GCF_001854525.1,NZ_MLQM01000029.1,38671,5622166,140,M.talmoniae
GCF_001854525.1,NZ_MLQM01000030.1,38105,5622166,140,M.talmoniae
GCF_001854525.1,NZ_MLQM01000031.1,37979,5622166,140,M.talmoniae
GCF_001854525.1,NZ_MLQM01000032.1,37293,5622166,140,M.talmoniae
GCF_001854525.1,NZ_MLQM01000033.1,36018,5622166,140,M.talmoniae
GCF_001854525.1,NZ_MLQM01000034.1,35581,5622166,140,M.talmoniae
GCF_001854525.1,NZ_MLQM01000035.1,35571,5622166,140,M.talmoniae
GCF_001854525.1,NZ_MLQM01000036.1,35293,5622166,140,M.talmoniae
GCF_001854525.1,NZ_MLQM01000037.1,34294,5622166,140,M.talmoniae
GCF_001854525.1,NZ_MLQM01000038.1,33936,5622166,140,M.talmoniae
GCF_001854525.1,NZ_MLQM01000039.1,33845,5622166,140,M.talmoniae
GCF_001854525.1,NZ_MLQM01000040.1,33637,5622166,140,M.talmoniae
GCF_001854525.1,NZ_MLQM01000041.1,33409,5622166,140,M.talmoniae
GCF_001854525.1,NZ_MLQM01000042.1,32410,5622166,140,M.talmoniae
GCF_001854525.1,NZ_MLQM01000043.1,31511,5622166,140,M.talmoniae
GCF_001854525.1,NZ_MLQM01000044.1,31371,5622166,140,M.talmoniae
GCF_001854525.1,NZ_MLQM01000045.1,30170,5622166,140,M.talmoniae
GCF_001854525.1,NZ_MLQM01000046.1,30109,5622166,140,M.talmoniae
GCF_001854525.1,NZ_MLQM01000047.1,29454,5622166,140,M.talmoniae
GCF_001854525.1,NZ_MLQM01000048.1,29200,5622166,140,M.talmoniae
GCF_001854525.1,NZ_MLQM01000049.1,29087,5622166,140,M.talmoniae
GCF_001854525.1,NZ_MLQM01000050.1,28548,5622166,140,M.talmoniae
GCF_001854525.1,NZ_MLQM01000051.1,28409,5622166,140,M.talmoniae
GCF_001854525.1,NZ_MLQM01000052.1,28322,5622166,140,M.talmoniae
GCF_001854525.1,NZ_MLQM01000053.1,27800,5622166,140,M.talmoniae
GCF_001854525.1,NZ_MLQM01000054.1,27379,5622166,140,M.talmoniae
GCF_001854525.1,NZ_MLQM01000055.1,27324,5622166,140,M.talmoniae
GCF_001854525.1,NZ_MLQM01000056.1,27278,5622166,140,M.talmoniae
GCF_001854525.1,NZ_MLQM01000057.1,26736,5622166,140,M.talmoniae
GCF_001854525.1,NZ_MLQM01000058.1,26523,5622166,140,M.talmoniae
GCF_001854525.1,NZ_MLQM01000059.1,26433,5622166,140,M.talmoniae
GCF_001854525.1,NZ_MLQM01000060.1,26291,5622166,140,M.talmoniae
GCF_001854525.1,NZ_MLQM01000061.1,25649,5622166,140,M.talmoniae
GCF_001854525.1,NZ_MLQM01000062.1,25543,5622166,140,M.talmoniae
GCF_001854525.1,NZ_MLQM01000063.1,25311,5622166,140,M.talmoniae
GCF_001854525.1,NZ_MLQM01000064.1,25230,5622166,140,M.talmoniae
GCF_001854525.1,NZ_MLQM01000065.1,24990,5622166,140,M.talmoniae
GCF_001854525.1,NZ_MLQM01000066.1,24975,5622166,140,M.talmoniae
GCF_001854525.1,NZ_MLQM01000067.1,24628,5622166,140,M.talmoniae
GCF_001854525.1,NZ_MLQM01000068.1,24206,5622166,140,M.talmoniae
GCF_001854525.1,NZ_MLQM01000069.1,23800,5622166,140,M.talmoniae
GCF_001854525.1,NZ_MLQM01000070.1,23987,5622166,140,M.talmoniae
GCF_001854525.1,NZ_MLQM01000071.1,23964,5622166,140,M.talmoniae
GCF_001854525.1,NZ_MLQM01000072.1,23400,5622166,140,M.talmoniae
GCF_001854525.1,NZ_MLQM01000073.1,23358,5622166,140,M.talmoniae
GCF_001854525.1,NZ_MLQM01000074.1,23263,5622166,140,M.talmoniae
GCF_001854525.1,NZ_MLQM01000075.1,23090,5622166,140,M.talmoniae
GCF_001854525.1,NZ_MLQM01000076.1,23068,5622166,140,M.talmoniae
GCF_001854525.1,NZ_MLQM01000077.1,22941,5622166,140,M.talmoniae
GCF_001854525.1,NZ_MLQM01000078.1,22762,5622166,140,M.talmoniae
GCF_001854525.1,NZ_MLQM01000079.1,22706,5622166,140,M.talmoniae
GCF_001854525.1,NZ_MLQM01000080.1,21727,5622166,140,M.talmoniae
GCF_001854525.1,NZ_MLQM01000081.1,21485,5622166,140,M.talmoniae
GCF_001854525.1,NZ_MLQM01000082.1,21403,5622166,140,M.talmoniae
GCF_001854525.1,NZ_MLQM01000083.1,21403,5622166,140,M.talmoniae
GCF_001854525.1,NZ_MLQM01000084.1,21233,5622166,140,M.talmoniae
GCF_001854525.1,NZ_MLQM01000085.1,21001,5622166,140,M.talmoniae
GCF_001854525.1,NZ_MLQM01000086.1,20912,5622166,140,M.talmoniae
GCF_001854525.1,NZ_MLQM01000087.1,20909,5622166,140,M.talmoniae
GCF_001854525.1,NZ_MLQM01000088.1,20866,5622166,140,M.talmoniae
GCF_001854525.1,NZ_MLQM01000089.1,20814,5622166,140,M.talmoniae
GCF_001854525.1,NZ_MLQM01000090.1,20793,5622166,140,M.talmoniae
GCF_001854525.1,NZ_MLQM01000091.1,20569,5622166,140,M.talmoniae
GCF_001854525.1,NZ_MLQM01000092.1,20538,5622166,140,M.talmoniae
GCF_001854525.1,NZ_MLQM01000093.1,20495,5622166,140,M.talmoniae
GCF_001854525.1,NZ_MLQM01000094.1,20293,5622166,140,M.talmoniae
GCF_001854525.1,NZ_MLQM01000095.1,20211,5622166,140,M.talmoniae
GCF_001854525.1,NZ_MLQM01000096.1,20151,5622166,140,M.talmoniae
GCF_001854525.1,NZ_MLQM01000097.1,20079,5622166,140,M.talmoniae
GCF_001854525.1,NZ_MLQM01000098.1,19624,5622166,140,M.talmoniae
GCF_001854525.1,NZ_MLQM01000099.1,19571,5622166,140,M.talmoniae
GCF_001854525.1,NZ_MLQM01000100.1,19073,5622166,140,M.talmoniae
GCF_001854525.1,NZ_MLQM01000101.1,19026,5622166,140,M.talmoniae
GCF_001854525.1,NZ_MLQM01000102.1,18980,5622166,140,M.talmoniae
GCF_001854525.1,NZ_MLQM01000103.1,18942,5622166,140,M.talmoniae
GCF_001854525.1,NZ_MLQM01000104.1,18845,5622166,140,M.talmoniae
GCF_001854525.1,NZ_MLQM01000105.1,18796,5622166,140,M.talmoniae
GCF_001854525.1,NZ_MLQM01000106.1,18754,5622166,140,M.talmoniae
GCF_001854525.1,NZ_MLQM01000107.1,18645,5622166,140,M.talmoniae
GCF_001854525.1,NZ_MLQM01000108.1,18501,5622166,140,M.talmoniae
GCF_001854525.1,NZ_MLQM01000109.1,18474,5622166,140,M.talmoniae
GCF_001854525.1,NZ_MLQM01000110.1,18028,5622166,140,M.talmoniae
GCF_001854525.1,NZ_MLQM01000111.1,17771,5622166,140,M.talmoniae
GCF_001854525.1,NZ_MLQM01000112.1,17722,5622166,140,M.talmoniae
GCF_001854525.1,NZ_MLQM01000113.1,17549,5622166,140,M.talmoniae
GCF_001854525.1,NZ_MLQM01000114.1,17478,5622166,140,M.talmoniae
GCF_001854525.1,NZ_MLQM01000115.1,17414,5622166,140,M.talmoniae
GCF_001854525.1,NZ_MLQM01000116.1,17352,5622166,140,M.talmoniae
GCF_001854525.1,NZ_MLQM01000117.1,17214,5622166,140,M.talmoniae
GCF_001854525.1,NZ_MLQM01000118.1,17194,5622166,140,M.talmoniae
GCF_001854525.1,NZ_MLQM01000119.1,17042,5622166,140,M.talmoniae
GCF_001854525.1,NZ_MLQM01000120.1,16881,5622166,140,M.talmoniae
GCF_001854525.1,NZ_MLQM01000121.1,16826,5622166,140,M.talmoniae
GCF_001854525.1,NZ_MLQM01000122.1,16671,5622166,140,M.talmoniae
GCF_001854525.1,NZ_MLQM01000123.1,16619,5622166,140,M.talmoniae
GCF_001854525.1,NZ_MLQM01000124.1,16417,5622166,140,M.talmoniae
GCF_001854525.1,NZ_MLQM01000125.1,16323,5622166,140,M.talmoniae
GCF_001854525.1,NZ_MLQM01000126.1,16199,5622166,140,M.talmoniae
GCF_001854525.1,NZ_MLQM01000127.1,16198,5622166,140,M.talmoniae
GCF_001854525.1,NZ_MLQM01000128.1,16189,5622166,140,M.talmoniae
GCF_001854525.1,NZ_MLQM01000129.1,16138,5622166,140,M.talmoniae
GCF_001854525.1,NZ_MLQM01000130.1,16118,5622166,140,M.talmoniae
GCF_001854525.1,NZ_MLQM01000131.1,16076,5622166,140,M.talmoniae
GCF_001854525.1,NZ_MLQM01000132.1,16060,5622166,140,M.talmoniae
GCF_001854525.1,NZ_MLQM01000133.1,15689,5622166,140,M.talmoniae
GCF_001854525.1,NZ_MLQM01000134.1,15232,5622166,140,M.talmoniae
GCF_001854525.1,NZ_MLQM01000135.1,15191,5622166,140,M.talmoniae
GCF_001854525.1,NZ_MLQM01000136.1,15180,5622166,140,M.talmoniae
GCF_001854525.1,NZ_MLQM01000137.1,14918,5622166,140,M.talmoniae
GCF_001854525.1,NZ_MLQM01000138.1,14824,5622166,140,M.talmoniae
GCF_001854525.1,NZ_MLQM01000139.1,14587,5622166,140,M.talmoniae
GCF_001854525.1,NZ_MLQM01000140.1,14530,5622166,140,M.talmoniae
GCF_001854525.1,NZ_MLQM01000141.1,14528,5622166,140,M.talmoniae
GCF_001854525.1,NZ_MLQM01000142.1,14328,5622166,140,M.talmoniae
GCF_001854525.1,NZ_MLQM01000143.1,14115,5622166,140,M.talmoniae
GCF_001854525.1,NZ_MLQM01000144.1,14112,5622166,140,M.talmoniae
GCF_001854525.1,NZ_MLQM01000145.1,13930,5622166,140,M.talmoniae
GCF_001854525.1,NZ_MLQM01000146.1,13684,5622166,140,M.talmoniae
GCF_001854525.1,NZ_MLQM01000147.1,13511,5622166,140,M.talmoniae
GCF_001854525.1,NZ_MLQM01000148.1,13345,5622166,140,M.talmoniae
GCF_001854525.1,NZ_MLQM01000149.1,13336,5622166,140,M.talmoniae
GCF_001854525.1,NZ_MLQM01000150.1,13223,5622166,140,M.talmoniae
GCF_001854525.1,NZ_MLQM01000151.1,13140,5622166,140,M.talmoniae
GCF_001854525.1,NZ_MLQM01000152.1,13099,5622166,140,M.talmoniae
GCF_001854525.1,NZ_MLQM01000153.1,12711,5622166,140,M.talmoniae
GCF_001854525.1,NZ_MLQM01000154.1,12631,5622166,140,M.talmoniae
GCF_001854525.1,NZ_MLQM01000155.1,12622,5622166,140,M.talmoniae
GCF_001854525.1,NZ_MLQM01000156.1,12600,5622166,140,M.talmoniae
GCF_001854525.1,NZ_MLQM01000157.1,12567,5622166,140,M.talmoniae
GCF_001854525.1,NZ_MLQM01000158.1,12447,5622166,140,M.talmoniae
GCF_001854525.1,NZ_MLQM01000159.1,12411,5622166,140,M.talmoniae
GCF_001854525.1,NZ_MLQM01000160.1,12386,5622166,140,M.talmoniae
GCF_001854525.1,NZ_MLQM01000161.1,12327,5622166,140,M.talmoniae
GCF_001854525.1,NZ_MLQM01000162.1,12216,5622166,140,M.talmoniae
GCF_001854525.1,NZ_MLQM01000163.1,12143,5622166,140,M.talmoniae
GCF_001854525.1,NZ_MLQM01000164.1,12130,5622166,140,M.talmoniae
GCF_001854525.1,NZ_MLQM01000165.1,12120,5622166,140,M.talmoniae
GCF_001854525.1,NZ_MLQM01000166.1,12078,5622166,140,M.talmoniae
GCF_001854525.1,NZ_MLQM01000167.1,11901,5622166,140,M.talmoniae
GCF_001854525.1,NZ_MLQM01000168.1,11791,5622166,140,M.talmoniae
GCF_001854525.1,NZ_MLQM01000169.1,11738,5622166,140,M.talmoniae
GCF_001854525.1,NZ_MLQM01000170.1,11635,5622166,140,M.talmoniae
GCF_001854525.1,NZ_MLQM01000171.1,11630,5622166,140,M.talmoniae
GCF_001854525.1,NZ_MLQM01000172.1,11513,5622166,140,M.talmoniae
GCF_001854525.1,NZ_MLQM01000173.1,11483,5622166,140,M.talmoniae
GCF_001854525.1,NZ_MLQM01000174.1,11480,5622166,140,M.talmoniae
GCF_001854525.1,NZ_MLQM01000175.1,11478,5622166,140,M.talmoniae
GCF_001854525.1,NZ_MLQM01000176.1,11473,5622166,140,M.talmoniae
GCF_001854525.1,NZ_MLQM01000177.1,11412,5622166,140,M.talmoniae
GCF_001854525.1,NZ_MLQM01000178.1,11313,5622166,140,M.talmoniae
GCF_001854525.1,NZ_MLQM01000179.1,11208,5622166,140,M.talmoniae
GCF_001854525.1,NZ_MLQM01000180.1,11175,5622166,140,M.talmoniae
GCF_001854525.1,NZ_MLQM01000181.1,11104,5622166,140,M.talmoniae
GCF_001854525.1,NZ_MLQM01000182.1,11022,5622166,140,M.talmoniae
GCF_001854525.1,NZ_MLQM01000183.1,10971,5622166,140,M.talmoniae
GCF_001854525.1,NZ_MLQM01000184.1,10847,5622166,140,M.talmoniae
GCF_001854525.1,NZ_MLQM01000185.1,10835,5622166,140,M.talmoniae
GCF_001854525.1,NZ_MLQM01000186.1,10830,5622166,140,M.talmoniae
GCF_001854525.1,NZ_MLQM01000187.1,10825,5622166,140,M.talmoniae
GCF_001854525.1,NZ_MLQM01000188.1,10743,5622166,140,M.talmoniae
GCF_001854525.1,NZ_MLQM01000189.1,10521,5622166,140,M.talmoniae
GCF_001854525.1,NZ_MLQM01000190.1,10369,5622166,140,M.talmoniae
GCF_001854525.1,NZ_MLQM01000191.1,10324,5622166,140,M.talmoniae
GCF_001854525.1,NZ_MLQM01000192.1,10315,5622166,140,M.talmoniae
GCF_001854525.1,NZ_MLQM01000193.1,10302,5622166,140,M.talmoniae
GCF_001854525.1,NZ_MLQM01000194.1,10198,5622166,140,M.talmoniae
GCF_001854525.1,NZ_MLQM01000195.1,9990,5622166,140,M.talmoniae
GCF_001854525.1,NZ_MLQM01000196.1,9984,5622166,140,M.talmoniae
GCF_001854525.1,NZ_MLQM01000197.1,9778,5622166,140,M.talmoniae
GCF_001854525.1,NZ_MLQM01000198.1,9591,5622166,140,M.talmoniae
GCF_001854525.1,NZ_MLQM01000199.1,9569,5622166,140,M.talmoniae
GCF_001854525.1,NZ_MLQM01000200.1,9437,5622166,140,M.talmoniae
GCF_001854525.1,NZ_MLQM01000201.1,9286,5622166,140,M.talmoniae
GCF_001854525.1,NZ_MLQM01000202.1,9084,5622166,140,M.talmoniae
GCF_001854525.1,NZ_MLQM01000203.1,8987,5622166,140,M.talmoniae
GCF_001854525.1,NZ_MLQM01000204.1,8939,5622166,140,M.talmoniae
GCF_001854525.1,NZ_MLQM01000205.1,8929,5622166,140,M.talmoniae
GCF_001854525.1,NZ_MLQM01000206.1,8830,5622166,140,M.talmoniae
GCF_001854525.1,NZ_MLQM01000207.1,8732,5622166,140,M.talmoniae
GCF_001854525.1,NZ_MLQM01000208.1,8636,5622166,140,M.talmoniae
GCF_001854525.1,NZ_MLQM01000209.1,8360,5622166,140,M.talmoniae
GCF_001854525.1,NZ_MLQM01000210.1,8167,5622166,140,M.talmoniae
GCF_001854525.1,NZ_MLQM01000211.1,8080,5622166,140,M.talmoniae
GCF_001854525.1,NZ_MLQM01000212.1,8055,5622166,140,M.talmoniae
GCF_001854525.1,NZ_MLQM01000213.1,8012,5622166,140,M.talmoniae
GCF_001854525.1,NZ_MLQM01000214.1,7962,5622166,140,M.talmoniae
GCF_001854525.1,NZ_MLQM01000215.1,7917,5622166,140,M.talmoniae
GCF_001854525.1,NZ_MLQM01000216.1,7839,5622166,140,M.talmoniae
GCF_001854525.1,NZ_MLQM01000217.1,7792,5622166,140,M.talmoniae
GCF_001854525.1,NZ_MLQM01000218.1,7711,5622166,140,M.talmoniae
GCF_001854525.1,NZ_MLQM01000219.1,7570,5622166,140,M.talmoniae
GCF_001854525.1,NZ_MLQM01000220.1,7543,5622166,140,M.talmoniae
GCF_001854525.1,NZ_MLQM01000221.1,7372,5622166,140,M.talmoniae
GCF_001854525.1,NZ_MLQM01000222.1,7325,5622166,140,M.talmoniae
GCF_001854525.1,NZ_MLQM01000223.1,7102,5622166,140,M.talmoniae
GCF_001854525.1,NZ_MLQM01000224.1,6899,5622166,140,M.talmoniae
GCF_001854525.1,NZ_MLQM01000225.1,6896,5622166,140,M.talmoniae
GCF_001854525.1,NZ_MLQM01000226.1,6887,5622166,140,M.talmoniae
GCF_001854525.1,NZ_MLQM01000227.1,6873,5622166,140,M.talmoniae
GCF_001854525.1,NZ_MLQM01000228.1,6760,5622166,140,M.talmoniae
GCF_001854525.1,NZ_MLQM01000229.1,6744,5622166,140,M.talmoniae
GCF_001854525.1,NZ_MLQM01000230.1,6683,5622166,140,M.talmoniae
GCF_001854525.1,NZ_MLQM01000231.1,6387,5622166,140,M.talmoniae
GCF_001854525.1,NZ_MLQM01000232.1,6384,5622166,140,M.talmoniae
GCF_001854525.1,NZ_MLQM01000233.1,6202,5622166,140,M.talmoniae
GCF_001854525.1,NZ_MLQM01000234.1,6120,5622166,140,M.talmoniae
GCF_001854525.1,NZ_MLQM01000235.1,6017,5622166,140,M.talmoniae
GCF_001854525.1,NZ_MLQM01000236.1,5962,5622166,140,M.talmoniae
GCF_001854525.1,NZ_MLQM01000237.1,5936,5622166,140,M.talmoniae
GCF_001854525.1,NZ_MLQM01000238.1,5905,5622166,140,M.talmoniae
GCF_001854525.1,NZ_MLQM01000239.1,5901,5622166,140,M.talmoniae
GCF_001854525.1,NZ_MLQM01000240.1,5890,5622166,140,M.talmoniae
GCF_001854525.1,NZ_MLQM01000241.1,5794,5622166,140,M.talmoniae
GCF_001854525.1,NZ_MLQM01000242.1,5740,5622166,140,M.talmoniae
GCF_001854525.1,NZ_MLQM01000243.1,5581,5622166,140,M.talmoniae
GCF_001854525.1,NZ_MLQM01000244.1,5551,5622166,140,M.talmoniae
GCF_001854525.1,NZ_MLQM01000245.1,5404,5622166,140,M.talmoniae
GCF_001854525.1,NZ_MLQM01000246.1,5388,5622166,140,M.talmoniae
GCF_001854525.1,NZ_MLQM01000247.1,5358,5622166,140,M.talmoniae
GCF_001854525.1,NZ_MLQM01000248.1,5267,5622166,140,M.talmoniae
GCF_001854525.1,NZ_MLQM01000249.1,5258,5622166,140,M.talmoniae
GCF_001854525.1,NZ_MLQM01000250.1,5063,5622166,140,M.talmoniae
GCF_001854525.1,NZ_MLQM01000251.1,4911,5622166,140,M.talmoniae
GCF_001854525.1,NZ_MLQM01000252.1,4887,5622166,140,M.talmoniae
GCF_001854525.1,NZ_MLQM01000253.1,4859,5622166,140,M.talmoniae
GCF_001854525.1,NZ_MLQM01000254.1,4846,5622166,140,M.talmoniae
GCF_001854525.1,NZ_MLQM01000255.1,4815,5622166,140,M.talmoniae
GCF_001854525.1,NZ_MLQM01000256.1,4775,5622166,140,M.talmoniae
GCF_001854525.1,NZ_MLQM01000257.1,4767,5622166,140,M.talmoniae
GCF_001854525.1,NZ_MLQM01000258.1,4739,5622166,140,M.talmoniae
GCF_001854525.1,NZ_MLQM01000259.1,4711,5622166,140,M.talmoniae
GCF_001854525.1,NZ_MLQM01000260.1,4660,5622166,140,M.talmoniae
GCF_001854525.1,NZ_MLQM01000261.1,4655,5622166,140,M.talmoniae
GCF_001854525.1,NZ_MLQM01000262.1,4569,5622166,140,M.talmoniae
GCF_001854525.1,NZ_MLQM01000263.1,4525,5622166,140,M.talmoniae
GCF_001854525.1,NZ_MLQM01000264.1,4483,5622166,140,M.talmoniae
GCF_001854525.1,NZ_MLQM01000265.1,4455,5622166,140,M.talmoniae
GCF_001854525.1,NZ_MLQM01000266.1,4447,5622166,140,M.talmoniae
GCF_001854525.1,NZ_MLQM01000267.1,4429,5622166,140,M.talmoniae
GCF_001854525.1,NZ_MLQM01000268.1,4387,5622166,140,M.talmoniae
GCF_001854525.1,NZ_MLQM01000269.1,4355,5622166,140,M.talmoniae
GCF_001854525.1,NZ_MLQM01000270.1,4213,5622166,140,M.talmoniae
GCF_001854525.1,NZ_MLQM01000271.1,4123,5622166,140,M.talmoniae
GCF_001854525.1,NZ_MLQM01000272.1,4028,5622166,140,M.talmoniae
GCF_001854525.1,NZ_MLQM01000273.1,3956,5622166,140,M.talmoniae
GCF_001854525.1,NZ_MLQM01000274.1,3817,5622166,140,M.talmoniae
GCF_001854525.1,NZ_MLQM01000275.1,3811,5622166,140,M.talmoniae
GCF_001854525.1,NZ_MLQM01000276.1,3760,5622166,140,M.talmoniae
GCF_001854525.1,NZ_MLQM01000277.1,3751,5622166,140,M.talmoniae
GCF_001854525.1,NZ_MLQM01000278.1,3739,5622166,140,M.talmoniae
GCF_001854525.1,NZ_MLQM01000279.1,3701,5622166,140,M.talmoniae
GCF_001854525.1,NZ_MLQM01000280.1,3679,5622166,140,M.talmoniae
GCF_001854525.1,NZ_MLQM01000281.1,3653,5622166,140,M.talmoniae
GCF_001854525.1,NZ_MLQM01000282.1,3624,5622166,140,M.talmoniae
GCF_001854525.1,NZ_MLQM01000283.1,3503,5622166,140,M.talmoniae
GCF_001854525.1,NZ_MLQM01000284.1,3471,5622166,140,M.talmoniae
GCF_001854525.1,NZ_MLQM01000285.1,3438,5622166,140,M.talmoniae
GCF_001854525.1,NZ_MLQM01000286.1,3407,5622166,140,M.talmoniae
GCF_001854525.1,NZ_MLQM01000287.1,3403,5622166,140,M.talmoniae
GCF_001854525.1,NZ_MLQM01000288.1,3346,5622166,140,M.talmoniae
GCF_001854525.1,NZ_MLQM01000289.1,3296,5622166,140,M.talmoniae
GCF_001854525.1,NZ_MLQM01000290.1,3293,5622166,140,M.talmoniae
GCF_001854525.1,NZ_MLQM01000291.1,3275,5622166,140,M.talmoniae
GCF_001854525.1,NZ_MLQM01000292.1,3217,5622166,140,M.talmoniae
GCF_001854525.1,NZ_MLQM01000293.1,3169,5622166,140,M.talmoniae
GCF_001854525.1,NZ_MLQM01000294.1,3152,5622166,140,M.talmoniae
GCF_001854525.1,NZ_MLQM01000295.1,3143,5622166,140,M.talmoniae
GCF_001854525.1,NZ_MLQM01000296.1,3093,5622166,140,M.talmoniae
GCF_001854525.1,NZ_MLQM01000297.1,3056,5622166,140,M.talmoniae
GCF_001854525.1,NZ_MLQM01000298.1,3050,5622166,140,M.talmoniae
GCF_001854525.1,NZ_MLQM01000299.1,3033,5622166,140,M.talmoniae
GCF_001854525.1,NZ_MLQM01000300.1,2917,5622166,140,M.talmoniae
GCF_001854525.1,NZ_MLQM01000301.1,2782,5622166,140,M.talmoniae
GCF_001854525.1,NZ_MLQM01000302.1,2677,5622166,140,M.talmoniae
GCF_001854525.1,NZ_MLQM01000303.1,2653,5622166,140,M.talmoniae
GCF_001854525.1,NZ_MLQM01000304.1,2648,5622166,140,M.talmoniae
GCF_001854525.1,NZ_MLQM01000305.1,2606,5622166,140,M.talmoniae
GCF_001854525.1,NZ_MLQM01000306.1,2461,5622166,140,M.talmoniae
GCF_001854525.1,NZ_MLQM01000307.1,2390,5622166,140,M.talmoniae
GCF_001854525.1,NZ_MLQM01000308.1,2357,5622166,140,M.talmoniae
GCF_001854525.1,NZ_MLQM01000309.1,2348,5622166,140,M.talmoniae
GCF_001854525.1,NZ_MLQM01000310.1,2343,5622166,140,M.talmoniae
GCF_001854525.1,NZ_MLQM01000311.1,2311,5622166,140,M.talmoniae
GCF_001854525.1,NZ_MLQM01000312.1,2263,5622166,140,M.talmoniae
GCF_001854525.1,NZ_MLQM01000313.1,2254,5622166,140,M.talmoniae
GCF_001854525.1,NZ_MLQM01000314.1,2200,5622166,140,M.talmoniae
GCF_001854525.1,NZ_MLQM01000315.1,2143,5622166,140,M.talmoniae
GCF_001854525.1,NZ_MLQM01000316.1,2093,5622166,140,M.talmoniae
GCF_001854525.1,NZ_MLQM01000317.1,2035,5622166,140,M.talmoniae
GCF_001854525.1,NZ_MLQM01000318.1,2015,5622166,140,M.talmoniae
GCF_001854525.1,NZ_MLQM01000319.1,1973,5622166,140,M.talmoniae
GCF_001854525.1,NZ_MLQM01000320.1,1887,5622166,140,M.talmoniae
GCF_001854525.1,NZ_MLQM01000321.1,1814,5622166,140,M.talmoniae
GCF_001854525.1,NZ_MLQM01000322.1,1736,5622166,140,M.talmoniae
GCF_001854525.1,NZ_MLQM01000323.1,1695,5622166,140,M.talmoniae
GCF_001854525.1,NZ_MLQM01000324.1,1665,5622166,140,M.talmoniae
GCF_001854525.1,NZ_MLQM01000325.1,1661,5622166,140,M.talmoniae
GCF_001854525.1,NZ_MLQM01000326.1,1660,5622166,140,M.talmoniae
GCF_001854525.1,NZ_MLQM01000327.1,1643,5622166,140,M.talmoniae
GCF_001854525.1,NZ_MLQM01000328.1,1604,5622166,140,M.talmoniae
GCF_001854525.1,NZ_MLQM01000329.1,1511,5622166,140,M.talmoniae
GCF_001854525.1,NZ_MLQM01000330.1,1507,5622166,140,M.talmoniae
GCF_001854525.1,NZ_MLQM01000331.1,1476,5622166,140,M.talmoniae
GCF_001854525.1,NZ_MLQM01000332.1,1475,5622166,140,M.talmoniae
GCF_001854525.1,NZ_MLQM01000333.1,1463,5622166,140,M.talmoniae
GCF_001854525.1,NZ_MLQM01000334.1,1411,5622166,140,M.talmoniae
GCF_001854525.1,NZ_MLQM01000335.1,1399,5622166,140,M.talmoniae
GCF_001854525.1,NZ_MLQM01000336.1,1359,5622166,140,M.talmoniae
GCF_001854525.1,NZ_MLQM01000337.1,1346,5622166,140,M.talmoniae
GCF_001854525.1,NZ_MLQM01000338.1,1341,5622166,140,M.talmoniae
GCF_001854525.1,NZ_MLQM01000339.1,1253,5622166,140,M.talmoniae
GCF_001854525.1,NZ_MLQM01000340.1,1249,5622166,140,M.talmoniae
GCF_001854525.1,NZ_MLQM01000341.1,1239,5622166,140,M.talmoniae
GCF_001854525.1,NZ_MLQM01000342.1,1232,5622166,140,M.talmoniae
GCF_001854525.1,NZ_MLQM01000343.1,1213,5622166,140,M.talmoniae
GCF_001854525.1,NZ_MLQM01000344.1,1113,5622166,140,M.talmoniae
GCF_001854525.1,NZ_MLQM01000345.1,1095,5622166,140,M.talmoniae
GCF_001854525.1,NZ_MLQM01000346.1,1083,5622166,140,M.talmoniae
GCF_001854525.1,NZ_MLQM01000347.1,1070,5622166,140,M.talmoniae
GCF_001854525.1,NZ_MLQM01000348.1,1064,5622166,140,M.talmoniae
GCF_001854525.1,NZ_MLQM01000349.1,1056,5622166,140,M.talmoniae
GCF_001854525.1,NZ_MLQM01000350.1,1028,5622166,140,M.talmoniae
GCF_001854525.1,NZ_MLQM01000351.1,1019,5622166,140,M.talmoniae
GCF_001854525.1,NZ_MLQM01000352.1,1015,5622166,140,M.talmoniae
GCF_001854525.1,NZ_MLQM01000353.1,983,5622166,140,M.talmoniae
GCF_001854525.1,NZ_MLQM01000354.1,980,5622166,140,M.talmoniae
GCF_001854525.1,NZ_MLQM01000355.1,975,5622166,140,M.talmoniae
GCF_001854525.1,NZ_MLQM01000356.1,944,5622166,140,M.talmoniae
GCF_001854525.1,NZ_MLQM01000357.1,926,5622166,140,M.talmoniae
GCF_001854525.1,NZ_MLQM01000358.1,917,5622166,140,M.talmoniae
GCF_001854525.1,NZ_MLQM01000359.1,871,5622166,140,M.talmoniae
GCF_001854525.1,NZ_MLQM01000360.1,850,5622166,140,M.talmoniae
GCF_001854525.1,NZ_MLQM01000361.1,844,5622166,140,M.talmoniae
GCF_001854525.1,NZ_MLQM01000362.1,839,5622166,140,M.talmoniae
GCF_001854525.1,NZ_MLQM01000363.1,813,5622166,140,M.talmoniae
GCF_001854525.1,NZ_MLQM01000364.1,761,5622166,140,M.talmoniae
GCF_001854525.1,NZ_MLQM01000365.1,722,5622166,140,M.talmoniae
GCF_001854525.1,NZ_MLQM01000366.1,715,5622166,140,M.talmoniae
GCF_001854525.1,NZ_MLQM01000367.1,703,5622166,140,M.talmoniae
GCF_001854525.1,NZ_MLQM01000368.1,693,5622166,140,M.talmoniae
GCF_001854525.1,NZ_MLQM01000369.1,672,5622166,140,M.talmoniae
GCF_001854525.1,NZ_MLQM01000370.1,669,5622166,140,M.talmoniae
GCF_001854525.1,NZ_MLQM01000371.1,599,5622166,140,M.talmoniae
GCF_001854525.1,NZ_MLQM01000372.1,598,5622166,140,M.talmoniae
GCF_001854525.1,NZ_MLQM01000373.1,592,5622166,140,M.talmoniae
GCF_001854525.1,NZ_MLQM01000374.1,590,5622166,140,M.talmoniae
GCF_001854525.1,NZ_MLQM01000375.1,566,5622166,140,M.talmoniae
GCF_001854525.1,NZ_MLQM01000376.1,561,5622166,140,M.talmoniae
GCF_001854525.1,NZ_MLQM01000377.1,561,5622166,140,M.talmoniae
GCF_001854525.1,NZ_MLQM01000378.1,539,5622166,140,M.talmoniae
GCF_001854525.1,NZ_MLQM01000379.1,514,5622166,140,M.talmoniae
GCF_001854525.1,NZ_MLQM01000380.1,513,5622166,140,M.talmoniae
GCF_001854525.1,NZ_MLQM01000381.1,505,5622166,140,M.talmoniae
GCF_010727125.1,NZ_AP022564.1,4566186,4566186,75,M.terrae
GCF_900157385.1,NZ_LT717690.1,1111,6029582,115,M.terramassiliense
GCF_900157385.1,NZ_LT717691.1,1357,6029582,115,M.terramassiliense
GCF_900157385.1,NZ_LT717692.1,1262,6029582,115,M.terramassiliense
GCF_900157385.1,NZ_LT717693.1,1825,6029582,115,M.terramassiliense
GCF_900157385.1,NZ_LT717694.1,3142,6029582,115,M.terramassiliense
GCF_900157385.1,NZ_LT717695.1,5698,6029582,115,M.terramassiliense
GCF_900157385.1,NZ_LT717696.1,819,6029582,115,M.terramassiliense
GCF_900157385.1,NZ_LT717697.1,405962,6029582,115,M.terramassiliense
GCF_900157385.1,NZ_LT717698.1,432351,6029582,115,M.terramassiliense
GCF_900157385.1,NZ_LT717699.1,828602,6029582,115,M.terramassiliense
GCF_900157385.1,NZ_LT717700.1,1348111,6029582,115,M.terramassiliense
GCF_900157385.1,NZ_LT717701.1,2999342,6029582,115,M.terramassiliense
GCF_900187065.1,NZ_LT906483.1,4950685,4950685,216,M.thermoresistibile
GCF_902168065.1,NZ_LR655690.1,337441,3238528,65,M.tilburgii
GCF_902168065.1,NZ_LR655691.1,155920,3238528,65,M.tilburgii
GCF_902168065.1,NZ_LR655692.1,103017,3238528,65,M.tilburgii
GCF_902168065.1,NZ_LR655693.1,101599,3238528,65,M.tilburgii
GCF_902168065.1,NZ_LR655694.1,101064,3238528,65,M.tilburgii
GCF_902168065.1,NZ_LR655695.1,98318,3238528,65,M.tilburgii
GCF_902168065.1,NZ_LR655696.1,94081,3238528,65,M.tilburgii
GCF_902168065.1,NZ_LR655697.1,93325,3238528,65,M.tilburgii
GCF_902168065.1,NZ_LR655698.1,84963,3238528,65,M.tilburgii
GCF_902168065.1,NZ_LR655699.1,84874,3238528,65,M.tilburgii
GCF_902168065.1,NZ_LR655700.1,71197,3238528,65,M.tilburgii
GCF_902168065.1,NZ_LR655701.1,67967,3238528,65,M.tilburgii
GCF_902168065.1,NZ_LR655702.1,67675,3238528,65,M.tilburgii
GCF_902168065.1,NZ_LR655703.1,60447,3238528,65,M.tilburgii
GCF_902168065.1,NZ_LR655704.1,56170,3238528,65,M.tilburgii
GCF_902168065.1,NZ_LR655705.1,55889,3238528,65,M.tilburgii
GCF_902168065.1,NZ_LR655706.1,55371,3238528,65,M.tilburgii
GCF_902168065.1,NZ_LR655707.1,54834,3238528,65,M.tilburgii
GCF_902168065.1,NZ_LR655708.1,54595,3238528,65,M.tilburgii
GCF_902168065.1,NZ_LR655709.1,54310,3238528,65,M.tilburgii
GCF_902168065.1,NZ_LR655710.1,50684,3238528,65,M.tilburgii
GCF_902168065.1,NZ_LR655711.1,50488,3238528,65,M.tilburgii
GCF_902168065.1,NZ_LR655712.1,49862,3238528,65,M.tilburgii
GCF_902168065.1,NZ_LR655713.1,49408,3238528,65,M.tilburgii
GCF_902168065.1,NZ_LR655714.1,48061,3238528,65,M.tilburgii
GCF_902168065.1,NZ_LR655715.1,46411,3238528,65,M.tilburgii
GCF_902168065.1,NZ_LR655716.1,46362,3238528,65,M.tilburgii
GCF_902168065.1,NZ_LR655717.1,44612,3238528,65,M.tilburgii
GCF_902168065.1,NZ_LR655718.1,40668,3238528,65,M.tilburgii
GCF_902168065.1,NZ_LR655719.1,39000,3238528,65,M.tilburgii
GCF_902168065.1,NZ_LR655720.1,37860,3238528,65,M.tilburgii
GCF_902168065.1,NZ_LR655721.1,37472,3238528,65,M.tilburgii
GCF_902168065.1,NZ_LR655722.1,37135,3238528,65,M.tilburgii
GCF_902168065.1,NZ_LR655723.1,36084,3238528,65,M.tilburgii
GCF_902168065.1,NZ_LR655724.1,35646,3238528,65,M.tilburgii
GCF_902168065.1,NZ_LR655725.1,31926,3238528,65,M.tilburgii
GCF_902168065.1,NZ_LR655726.1,28948,3238528,65,M.tilburgii
GCF_902168065.1,NZ_LR655727.1,28764,3238528,65,M.tilburgii
GCF_902168065.1,NZ_LR655728.1,27654,3238528,65,M.tilburgii
GCF_902168065.1,NZ_LR655729.1,27513,3238528,65,M.tilburgii
GCF_902168065.1,NZ_LR655730.1,27411,3238528,65,M.tilburgii
GCF_902168065.1,NZ_LR655731.1,25948,3238528,65,M.tilburgii
GCF_902168065.1,NZ_LR655732.1,24090,3238528,65,M.tilburgii
GCF_902168065.1,NZ_LR655733.1,23750,3238528,65,M.tilburgii
GCF_902168065.1,NZ_LR655734.1,23129,3238528,65,M.tilburgii
GCF_902168065.1,NZ_LR655735.1,22182,3238528,65,M.tilburgii
GCF_902168065.1,NZ_LR655736.1,21173,3238528,65,M.tilburgii
GCF_902168065.1,NZ_LR655737.1,20679,3238528,65,M.tilburgii
GCF_902168065.1,NZ_LR655738.1,20249,3238528,65,M.tilburgii
GCF_902168065.1,NZ_LR655739.1,19595,3238528,65,M.tilburgii
GCF_902168065.1,NZ_LR655740.1,19111,3238528,65,M.tilburgii
GCF_902168065.1,NZ_LR655741.1,18886,3238528,65,M.tilburgii
GCF_902168065.1,NZ_LR655742.1,18194,3238528,65,M.tilburgii
GCF_902168065.1,NZ_LR655743.1,18042,3238528,65,M.tilburgii
GCF_902168065.1,NZ_LR655744.1,17716,3238528,65,M.tilburgii
GCF_902168065.1,NZ_LR655745.1,17126,3238528,65,M.tilburgii
GCF_902168065.1,NZ_LR655746.1,16754,3238528,65,M.tilburgii
GCF_902168065.1,NZ_LR655747.1,16518,3238528,65,M.tilburgii
GCF_902168065.1,NZ_LR655748.1,19595,3238528,65,M.tilburgii
GCF_902168065.1,NZ_LR655749.1,16017,3238528,65,M.tilburgii
GCF_902168065.1,NZ_LR655750.1,14769,3238528,65,M.tilburgii
GCF_902168065.1,NZ_LR655751.1,14260,3238528,65,M.tilburgii
GCF_902168065.1,NZ_LR655752.1,12370,3238528,65,M.tilburgii
GCF_902168065.1,NZ_LR655753.1,11243,3238528,65,M.tilburgii
GCF_902168065.1,NZ_LR655754.1,10741,3238528,65,M.tilburgii
GCF_902168065.1,NZ_LR655755.1,10736,3238528,65,M.tilburgii
GCF_902168065.1,NZ_LR655756.1,9691,3238528,65,M.tilburgii
GCF_902168065.1,NZ_LR655757.1,8905,3238528,65,M.tilburgii
GCF_902168065.1,NZ_LR655758.1,7929,3238528,65,M.tilburgii
GCF_902168065.1,NZ_LR655759.1,7414,3238528,65,M.tilburgii
GCF_902168065.1,NZ_LR655760.1,7124,3238528,65,M.tilburgii
GCF_902168065.1,NZ_LR655761.1,6746,3238528,65,M.tilburgii
GCF_902168065.1,NZ_LR655762.1,5710,3238528,65,M.tilburgii
GCF_902168065.1,NZ_LR655763.1,5477,3238528,65,M.tilburgii
GCF_902168065.1,NZ_LR655764.1,5292,3238528,65,M.tilburgii
GCF_902168065.1,NZ_LR655765.1,5277,3238528,65,M.tilburgii
GCF_902168065.1,NZ_LR655766.1,5264,3238528,65,M.tilburgii
GCF_902168065.1,NZ_LR655767.1,5183,3238528,65,M.tilburgii
GCF_902168065.1,NZ_LR655768.1,4034,3238528,65,M.tilburgii
GCF_902168065.1,NZ_LR655769.1,3549,3238528,65,M.tilburgii
GCF_902168065.1,NZ_LR655770.1,3071,3238528,65,M.tilburgii
GCF_902168065.1,NZ_LR655771.1,2798,3238528,65,M.tilburgii
GCF_902168065.1,NZ_LR655772.1,2455,3238528,65,M.tilburgii
GCF_902168065.1,NZ_LR655773.1,2329,3238528,65,M.tilburgii
GCF_902168065.1,NZ_LR655774.1,2060,3238528,65,M.tilburgii
GCF_902168065.1,NZ_LR655775.1,1492,3238528,65,M.tilburgii
GCF_902168065.1,NZ_LR655776.1,1451,3238528,65,M.tilburgii
GCF_902168065.1,NZ_LR655777.1,1374,3238528,65,M.tilburgii
GCF_902168065.1,NZ_LR655778.1,686,3238528,65,M.tilburgii
GCF_902168065.1,NZ_LR655779.1,668,3238528,65,M.tilburgii
GCF_902168065.1,NZ_LR655780.1,623,3238528,65,M.tilburgii
GCF_902168065.1,NZ_LR655781.1,310,3238528,65,M.tilburgii
GCF_902168065.1,NZ_LR655782.1,555,3238528,65,M.tilburgii
GCF_902168065.1,NZ_LR655783.1,462,3238528,65,M.tilburgii
GCF_902168065.1,NZ_LR655784.1,428,3238528,65,M.tilburgii
GCF_902168065.1,NZ_LR655785.1,415,3238528,65,M.tilburgii
GCF_902168065.1,NZ_LR655786.1,388,3238528,65,M.tilburgii
GCF_902168065.1,NZ_LR655787.1,346,3238528,65,M.tilburgii
GCF_902168065.1,NZ_LR655788.1,338,3238528,65,M.tilburgii
GCF_902168065.1,NZ_LR655789.1,288,3238528,65,M.tilburgii
GCF_902168065.1,NZ_LR655790.1,254,3238528,65,M.tilburgii
GCF_902168065.1,NZ_LR655791.1,243,3238528,65,M.tilburgii
GCF_025821985.1,NZ_JACKSY010000001.1,1801,5931282,2,M.timonense
GCF_025821985.1,NZ_JACKSY010000002.1,56253,5931282,2,M.timonense
GCF_025821985.1,NZ_JACKSY010000003.1,371,5931282,2,M.timonense
GCF_025821985.1,NZ_JACKSY010000004.1,45488,5931282,2,M.timonense
GCF_025821985.1,NZ_JACKSY010000005.1,1867,5931282,2,M.timonense
GCF_025821985.1,NZ_JACKSY010000006.1,56200,5931282,2,M.timonense
GCF_025821985.1,NZ_JACKSY010000007.1,43488,5931282,2,M.timonense
GCF_025821985.1,NZ_JACKSY010000008.1,308724,5931282,2,M.timonense
GCF_025821985.1,NZ_JACKSY010000009.1,19674,5931282,2,M.timonense
GCF_025821985.1,NZ_JACKSY010000010.1,48260,5931282,2,M.timonense
GCF_025821985.1,NZ_JACKSY010000011.1,43839,5931282,2,M.timonense
GCF_025821985.1,NZ_JACKSY010000012.1,690,5931282,2,M.timonense
GCF_025821985.1,NZ_JACKSY010000013.1,206014,5931282,2,M.timonense
GCF_025821985.1,NZ_JACKSY010000014.1,99415,5931282,2,M.timonense
GCF_025821985.1,NZ_JACKSY010000015.1,53161,5931282,2,M.timonense
GCF_025821985.1,NZ_JACKSY010000016.1,12129,5931282,2,M.timonense
GCF_025821985.1,NZ_JACKSY010000017.1,2478,5931282,2,M.timonense
GCF_025821985.1,NZ_JACKSY010000018.1,110887,5931282,2,M.timonense
GCF_025821985.1,NZ_JACKSY010000019.1,208032,5931282,2,M.timonense
GCF_025821985.1,NZ_JACKSY010000020.1,616,5931282,2,M.timonense
GCF_025821985.1,NZ_JACKSY010000021.1,3677,5931282,2,M.timonense
GCF_025821985.1,NZ_JACKSY010000022.1,104025,5931282,2,M.timonense
GCF_025821985.1,NZ_JACKSY010000023.1,170746,5931282,2,M.timonense
GCF_025821985.1,NZ_JACKSY010000024.1,422,5931282,2,M.timonense
GCF_025821985.1,NZ_JACKSY010000025.1,58616,5931282,2,M.timonense
GCF_025821985.1,NZ_JACKSY010000026.1,296310,5931282,2,M.timonense
GCF_025821985.1,NZ_JACKSY010000027.1,331,5931282,2,M.timonense
GCF_025821985.1,NZ_JACKSY010000028.1,415,5931282,2,M.timonense
GCF_025821985.1,NZ_JACKSY010000029.1,411,5931282,2,M.timonense
GCF_025821985.1,NZ_JACKSY010000030.1,8703,5931282,2,M.timonense
GCF_025821985.1,NZ_JACKSY010000031.1,1965,5931282,2,M.timonense
GCF_025821985.1,NZ_JACKSY010000032.1,37922,5931282,2,M.timonense
GCF_025821985.1,NZ_JACKSY010000033.1,327,5931282,2,M.timonense
GCF_025821985.1,NZ_JACKSY010000034.1,1668,5931282,2,M.timonense
GCF_025821985.1,NZ_JACKSY010000035.1,7928,5931282,2,M.timonense
GCF_025821985.1,NZ_JACKSY010000036.1,42808,5931282,2,M.timonense
GCF_025821985.1,NZ_JACKSY010000037.1,436,5931282,2,M.timonense
GCF_025821985.1,NZ_JACKSY010000038.1,223596,5931282,2,M.timonense
GCF_025821985.1,NZ_JACKSY010000039.1,4864,5931282,2,M.timonense
GCF_025821985.1,NZ_JACKSY010000040.1,103985,5931282,2,M.timonense
GCF_025821985.1,NZ_JACKSY010000041.1,522,5931282,2,M.timonense
GCF_025821985.1,NZ_JACKSY010000042.1,197424,5931282,2,M.timonense
GCF_025821985.1,NZ_JACKSY010000043.1,577,5931282,2,M.timonense
GCF_025821985.1,NZ_JACKSY010000044.1,6291,5931282,2,M.timonense
GCF_025821985.1,NZ_JACKSY010000045.1,7713,5931282,2,M.timonense
GCF_025821985.1,NZ_JACKSY010000046.1,149186,5931282,2,M.timonense
GCF_025821985.1,NZ_JACKSY010000047.1,4969,5931282,2,M.timonense
GCF_025821985.1,NZ_JACKSY010000048.1,123554,5931282,2,M.timonense
GCF_025821985.1,NZ_JACKSY010000049.1,7117,5931282,2,M.timonense
GCF_025821985.1,NZ_JACKSY010000050.1,2178,5931282,2,M.timonense
GCF_025821985.1,NZ_JACKSY010000051.1,168160,5931282,2,M.timonense
GCF_025821985.1,NZ_JACKSY010000052.1,1118,5931282,2,M.timonense
GCF_025821985.1,NZ_JACKSY010000053.1,39308,5931282,2,M.timonense
GCF_025821985.1,NZ_JACKSY010000054.1,10200,5931282,2,M.timonense
GCF_025821985.1,NZ_JACKSY010000055.1,428,5931282,2,M.timonense
GCF_025821985.1,NZ_JACKSY010000056.1,26217,5931282,2,M.timonense
GCF_025821985.1,NZ_JACKSY010000057.1,8055,5931282,2,M.timonense
GCF_025821985.1,NZ_JACKSY010000058.1,5654,5931282,2,M.timonense
GCF_025821985.1,NZ_JACKSY010000059.1,2179,5931282,2,M.timonense
GCF_025821985.1,NZ_JACKSY010000060.1,484,5931282,2,M.timonense
GCF_025821985.1,NZ_JACKSY010000061.1,5346,5931282,2,M.timonense
GCF_025821985.1,NZ_JACKSY010000062.1,49267,5931282,2,M.timonense
GCF_025821985.1,NZ_JACKSY010000063.1,7795,5931282,2,M.timonense
GCF_025821985.1,NZ_JACKSY010000064.1,15611,5931282,2,M.timonense
GCF_025821985.1,NZ_JACKSY010000065.1,172878,5931282,2,M.timonense
GCF_025821985.1,NZ_JACKSY010000066.1,348469,5931282,2,M.timonense
GCF_025821985.1,NZ_JACKSY010000067.1,5211,5931282,2,M.timonense
GCF_025821985.1,NZ_JACKSY010000068.1,14993,5931282,2,M.timonense
GCF_025821985.1,NZ_JACKSY010000069.1,6125,5931282,2,M.timonense
GCF_025821985.1,NZ_JACKSY010000070.1,857,5931282,2,M.timonense
GCF_025821985.1,NZ_JACKSY010000071.1,4588,5931282,2,M.timonense
GCF_025821985.1,NZ_JACKSY010000072.1,4366,5931282,2,M.timonense
GCF_025821985.1,NZ_JACKSY010000073.1,6350,5931282,2,M.timonense
GCF_025821985.1,NZ_JACKSY010000074.1,30912,5931282,2,M.timonense
GCF_025821985.1,NZ_JACKSY010000075.1,7687,5931282,2,M.timonense
GCF_025821985.1,NZ_JACKSY010000076.1,790,5931282,2,M.timonense
GCF_025821985.1,NZ_JACKSY010000077.1,340,5931282,2,M.timonense
GCF_025821985.1,NZ_JACKSY010000078.1,5568,5931282,2,M.timonense
GCF_025821985.1,NZ_JACKSY010000079.1,6962,5931282,2,M.timonense
GCF_025821985.1,NZ_JACKSY010000080.1,87667,5931282,2,M.timonense
GCF_025821985.1,NZ_JACKSY010000081.1,4340,5931282,2,M.timonense
GCF_025821985.1,NZ_JACKSY010000082.1,74708,5931282,2,M.timonense
GCF_025821985.1,NZ_JACKSY010000083.1,21892,5931282,2,M.timonense
GCF_025821985.1,NZ_JACKSY010000084.1,25529,5931282,2,M.timonense
GCF_025821985.1,NZ_JACKSY010000085.1,11860,5931282,2,M.timonense
GCF_025821985.1,NZ_JACKSY010000086.1,1124,5931282,2,M.timonense
GCF_025821985.1,NZ_JACKSY010000087.1,1680,5931282,2,M.timonense
GCF_025821985.1,NZ_JACKSY010000088.1,424,5931282,2,M.timonense
GCF_025821985.1,NZ_JACKSY010000089.1,39691,5931282,2,M.timonense
GCF_025821985.1,NZ_JACKSY010000090.1,6483,5931282,2,M.timonense
GCF_025821985.1,NZ_JACKSY010000091.1,690,5931282,2,M.timonense
GCF_025821985.1,NZ_JACKSY010000092.1,36253,5931282,2,M.timonense
GCF_025821985.1,NZ_JACKSY010000093.1,419,5931282,2,M.timonense
GCF_025821985.1,NZ_JACKSY010000094.1,53922,5931282,2,M.timonense
GCF_025821985.1,NZ_JACKSY010000095.1,26431,5931282,2,M.timonense
GCF_025821985.1,NZ_JACKSY010000096.1,19103,5931282,2,M.timonense
GCF_025821985.1,NZ_JACKSY010000097.1,238047,5931282,2,M.timonense
GCF_025821985.1,NZ_JACKSY010000098.1,16227,5931282,2,M.timonense
GCF_025821985.1,NZ_JACKSY010000099.1,17008,5931282,2,M.timonense
GCF_025821985.1,NZ_JACKSY010000100.1,52980,5931282,2,M.timonense
GCF_025821985.1,NZ_JACKSY010000101.1,15510,5931282,2,M.timonense
GCF_025821985.1,NZ_JACKSY010000102.1,11402,5931282,2,M.timonense
GCF_025821985.1,NZ_JACKSY010000103.1,6140,5931282,2,M.timonense
GCF_025821985.1,NZ_JACKSY010000104.1,705490,5931282,2,M.timonense
GCF_025821985.1,NZ_JACKSY010000105.1,977,5931282,2,M.timonense
GCF_025821985.1,NZ_JACKSY010000106.1,3458,5931282,2,M.timonense
GCF_025821985.1,NZ_JACKSY010000107.1,1265,5931282,2,M.timonense
GCF_025821985.1,NZ_JACKSY010000108.1,29356,5931282,2,M.timonense
GCF_025821985.1,NZ_JACKSY010000109.1,54547,5931282,2,M.timonense
GCF_025821985.1,NZ_JACKSY010000110.1,4123,5931282,2,M.timonense
GCF_025821985.1,NZ_JACKSY010000111.1,46118,5931282,2,M.timonense
GCF_025821985.1,NZ_JACKSY010000112.1,837,5931282,2,M.timonense
GCF_025821985.1,NZ_JACKSY010000113.1,158788,5931282,2,M.timonense
GCF_025821985.1,NZ_JACKSY010000114.1,63239,5931282,2,M.timonense
GCF_025821985.1,NZ_JACKSY010000115.1,87036,5931282,2,M.timonense
GCF_025821985.1,NZ_JACKSY010000116.1,57260,5931282,2,M.timonense
GCF_025821985.1,NZ_JACKSY010000117.1,351,5931282,2,M.timonense
GCF_025821985.1,NZ_JACKSY010000118.1,69537,5931282,2,M.timonense
GCF_025821985.1,NZ_JACKSY010000119.1,35379,5931282,2,M.timonense
GCF_010725885.1,NZ_AP022600.1,6328149,6328149,6,M.tokaiense
GCF_002102415.1,NZ_LQPY01000001.1,4591,6366285,99,M.triplex
GCF_002102415.1,NZ_LQPY01000002.1,41213,6366285,99,M.triplex
GCF_002102415.1,NZ_LQPY01000003.1,58379,6366285,99,M.triplex
GCF_002102415.1,NZ_LQPY01000004.1,318570,6366285,99,M.triplex
GCF_002102415.1,NZ_LQPY01000005.1,6570,6366285,99,M.triplex
GCF_002102415.1,NZ_LQPY01000006.1,1323,6366285,99,M.triplex
GCF_002102415.1,NZ_LQPY01000007.1,102196,6366285,99,M.triplex
GCF_002102415.1,NZ_LQPY01000008.1,107687,6366285,99,M.triplex
GCF_002102415.1,NZ_LQPY01000009.1,50512,6366285,99,M.triplex
GCF_002102415.1,NZ_LQPY01000010.1,35364,6366285,99,M.triplex
GCF_002102415.1,NZ_LQPY01000011.1,397473,6366285,99,M.triplex
GCF_002102415.1,NZ_LQPY01000012.1,150110,6366285,99,M.triplex
GCF_002102415.1,NZ_LQPY01000013.1,75342,6366285,99,M.triplex
GCF_002102415.1,NZ_LQPY01000014.1,260330,6366285,99,M.triplex
GCF_002102415.1,NZ_LQPY01000015.1,163944,6366285,99,M.triplex
GCF_002102415.1,NZ_LQPY01000016.1,1361,6366285,99,M.triplex
GCF_002102415.1,NZ_LQPY01000017.1,289391,6366285,99,M.triplex
GCF_002102415.1,NZ_LQPY01000018.1,92968,6366285,99,M.triplex
GCF_002102415.1,NZ_LQPY01000019.1,334770,6366285,99,M.triplex
GCF_002102415.1,NZ_LQPY01000020.1,141917,6366285,99,M.triplex
GCF_002102415.1,NZ_LQPY01000021.1,305814,6366285,99,M.triplex
GCF_002102415.1,NZ_LQPY01000022.1,29236,6366285,99,M.triplex
GCF_002102415.1,NZ_LQPY01000023.1,120500,6366285,99,M.triplex
GCF_002102415.1,NZ_LQPY01000024.1,271940,6366285,99,M.triplex
GCF_002102415.1,NZ_LQPY01000025.1,73981,6366285,99,M.triplex
GCF_002102415.1,NZ_LQPY01000026.1,114408,6366285,99,M.triplex
GCF_002102415.1,NZ_LQPY01000027.1,225581,6366285,99,M.triplex
GCF_002102415.1,NZ_LQPY01000028.1,47389,6366285,99,M.triplex
GCF_002102415.1,NZ_LQPY01000029.1,258006,6366285,99,M.triplex
GCF_002102415.1,NZ_LQPY01000030.1,235450,6366285,99,M.triplex
GCF_002102415.1,NZ_LQPY01000031.1,44575,6366285,99,M.triplex
GCF_002102415.1,NZ_LQPY01000032.1,3222,6366285,99,M.triplex
GCF_002102415.1,NZ_LQPY01000033.1,132564,6366285,99,M.triplex
GCF_002102415.1,NZ_LQPY01000034.1,418954,6366285,99,M.triplex
GCF_002102415.1,NZ_LQPY01000035.1,138580,6366285,99,M.triplex
GCF_002102415.1,NZ_LQPY01000036.1,86228,6366285,99,M.triplex
GCF_002102415.1,NZ_LQPY01000037.1,404283,6366285,99,M.triplex
GCF_002102415.1,NZ_LQPY01000038.1,189099,6366285,99,M.triplex
GCF_002102415.1,NZ_LQPY01000039.1,1247,6366285,99,M.triplex
GCF_002102415.1,NZ_LQPY01000040.1,1942,6366285,99,M.triplex
GCF_002102415.1,NZ_LQPY01000041.1,68725,6366285,99,M.triplex
GCF_002102415.1,NZ_LQPY01000042.1,248357,6366285,99,M.triplex
GCF_002102415.1,NZ_LQPY01000043.1,7834,6366285,99,M.triplex
GCF_002102415.1,NZ_LQPY01000044.1,9286,6366285,99,M.triplex
GCF_002102415.1,NZ_LQPY01000045.1,31218,6366285,99,M.triplex
GCF_002102415.1,NZ_LQPY01000046.1,39945,6366285,99,M.triplex
GCF_002102415.1,NZ_LQPY01000047.1,79033,6366285,99,M.triplex
GCF_002102415.1,NZ_LQPY01000048.1,144877,6366285,99,M.triplex
GCF_002102395.1,NZ_LQPZ01000001.1,3021,3591083,106,M.trivialis
GCF_002102395.1,NZ_LQPZ01000002.1,19852,3591083,106,M.trivialis
GCF_002102395.1,NZ_LQPZ01000003.1,24720,3591083,106,M.trivialis
GCF_002102395.1,NZ_LQPZ01000004.1,25207,3591083,106,M.trivialis
GCF_002102395.1,NZ_LQPZ01000005.1,29857,3591083,106,M.trivialis
GCF_002102395.1,NZ_LQPZ01000006.1,148989,3591083,106,M.trivialis
GCF_002102395.1,NZ_LQPZ01000007.1,53060,3591083,106,M.trivialis
GCF_002102395.1,NZ_LQPZ01000008.1,334039,3591083,106,M.trivialis
GCF_002102395.1,NZ_LQPZ01000009.1,1513,3591083,106,M.trivialis
GCF_002102395.1,NZ_LQPZ01000010.1,1766,3591083,106,M.trivialis
GCF_002102395.1,NZ_LQPZ01000011.1,46135,3591083,106,M.trivialis
GCF_002102395.1,NZ_LQPZ01000012.1,231640,3591083,106,M.trivialis
GCF_002102395.1,NZ_LQPZ01000013.1,214658,3591083,106,M.trivialis
GCF_002102395.1,NZ_LQPZ01000014.1,38575,3591083,106,M.trivialis
GCF_002102395.1,NZ_LQPZ01000015.1,121556,3591083,106,M.trivialis
GCF_002102395.1,NZ_LQPZ01000016.1,197667,3591083,106,M.trivialis
GCF_002102395.1,NZ_LQPZ01000017.1,252453,3591083,106,M.trivialis
GCF_002102395.1,NZ_LQPZ01000018.1,113394,3591083,106,M.trivialis
GCF_002102395.1,NZ_LQPZ01000019.1,2810,3591083,106,M.trivialis
GCF_002102395.1,NZ_LQPZ01000020.1,32687,3591083,106,M.trivialis
GCF_002102395.1,NZ_LQPZ01000021.1,51248,3591083,106,M.trivialis
GCF_002102395.1,NZ_LQPZ01000022.1,46364,3591083,106,M.trivialis
GCF_002102395.1,NZ_LQPZ01000023.1,5893,3591083,106,M.trivialis
GCF_002102395.1,NZ_LQPZ01000024.1,34082,3591083,106,M.trivialis
GCF_002102395.1,NZ_LQPZ01000025.1,74656,3591083,106,M.trivialis
GCF_002102395.1,NZ_LQPZ01000026.1,31727,3591083,106,M.trivialis
GCF_002102395.1,NZ_LQPZ01000027.1,58120,3591083,106,M.trivialis
GCF_002102395.1,NZ_LQPZ01000028.1,127871,3591083,106,M.trivialis
GCF_002102395.1,NZ_LQPZ01000029.1,121820,3591083,106,M.trivialis
GCF_002102395.1,NZ_LQPZ01000030.1,87916,3591083,106,M.trivialis
GCF_002102395.1,NZ_LQPZ01000031.1,1372,3591083,106,M.trivialis
GCF_002102395.1,NZ_LQPZ01000032.1,79620,3591083,106,M.trivialis
GCF_002102395.1,NZ_LQPZ01000033.1,83693,3591083,106,M.trivialis
GCF_002102395.1,NZ_LQPZ01000034.1,6230,3591083,106,M.trivialis
GCF_002102395.1,NZ_LQPZ01000035.1,39166,3591083,106,M.trivialis
GCF_002102395.1,NZ_LQPZ01000036.1,1280,3591083,106,M.trivialis
GCF_002102395.1,NZ_LQPZ01000037.1,73446,3591083,106,M.trivialis
GCF_002102395.1,NZ_LQPZ01000038.1,62046,3591083,106,M.trivialis
GCF_002102395.1,NZ_LQPZ01000039.1,1243,3591083,106,M.trivialis
GCF_002102395.1,NZ_LQPZ01000040.1,150589,3591083,106,M.trivialis
GCF_002102395.1,NZ_LQPZ01000041.1,103638,3591083,106,M.trivialis
GCF_002102395.1,NZ_LQPZ01000042.1,1196,3591083,106,M.trivialis
GCF_002102395.1,NZ_LQPZ01000043.1,1094,3591083,106,M.trivialis
GCF_002102395.1,NZ_LQPZ01000044.1,183955,3591083,106,M.trivialis
GCF_002102395.1,NZ_LQPZ01000045.1,9336,3591083,106,M.trivialis
GCF_002102395.1,NZ_LQPZ01000046.1,1518,3591083,106,M.trivialis
GCF_002102395.1,NZ_LQPZ01000047.1,90195,3591083,106,M.trivialis
GCF_002102395.1,NZ_LQPZ01000048.1,5351,3591083,106,M.trivialis
GCF_002102395.1,NZ_LQPZ01000049.1,31265,3591083,106,M.trivialis
GCF_002102395.1,NZ_LQPZ01000050.1,56970,3591083,106,M.trivialis
GCF_002102395.1,NZ_LQPZ01000051.1,3409,3591083,106,M.trivialis
GCF_002102395.1,NZ_LQPZ01000052.1,11015,3591083,106,M.trivialis
GCF_002102395.1,NZ_LQPZ01000053.1,7827,3591083,106,M.trivialis
GCF_002102395.1,NZ_LQPZ01000054.1,10974,3591083,106,M.trivialis
GCF_002102395.1,NZ_LQPZ01000055.1,5415,3591083,106,M.trivialis
GCF_002102395.1,NZ_LQPZ01000056.1,17284,3591083,106,M.trivialis
GCF_002102395.1,NZ_LQPZ01000057.1,18660,3591083,106,M.trivialis
GCF_000195955.2,NC_000962.3,4411532,4411532,9,M.tuberculosis
GCF_002086795.1,NZ_MVIM01000001.1,649123,6162880,117,M.tusciae
GCF_002086795.1,NZ_MVIM01000002.1,575439,6162880,117,M.tusciae
GCF_002086795.1,NZ_MVIM01000003.1,573471,6162880,117,M.tusciae
GCF_002086795.1,NZ_MVIM01000004.1,463117,6162880,117,M.tusciae
GCF_002086795.1,NZ_MVIM01000005.1,367073,6162880,117,M.tusciae
GCF_002086795.1,NZ_MVIM01000006.1,357878,6162880,117,M.tusciae
GCF_002086795.1,NZ_MVIM01000007.1,357339,6162880,117,M.tusciae
GCF_002086795.1,NZ_MVIM01000008.1,284263,6162880,117,M.tusciae
GCF_002086795.1,NZ_MVIM01000009.1,212353,6162880,117,M.tusciae
GCF_002086795.1,NZ_MVIM01000010.1,181671,6162880,117,M.tusciae
GCF_002086795.1,NZ_MVIM01000011.1,178099,6162880,117,M.tusciae
GCF_002086795.1,NZ_MVIM01000012.1,167238,6162880,117,M.tusciae
GCF_002086795.1,NZ_MVIM01000013.1,166179,6162880,117,M.tusciae
GCF_002086795.1,NZ_MVIM01000014.1,149870,6162880,117,M.tusciae
GCF_002086795.1,NZ_MVIM01000015.1,142908,6162880,117,M.tusciae
GCF_002086795.1,NZ_MVIM01000016.1,132211,6162880,117,M.tusciae
GCF_002086795.1,NZ_MVIM01000017.1,115143,6162880,117,M.tusciae
GCF_002086795.1,NZ_MVIM01000018.1,111587,6162880,117,M.tusciae
GCF_002086795.1,NZ_MVIM01000019.1,107042,6162880,117,M.tusciae
GCF_002086795.1,NZ_MVIM01000020.1,101132,6162880,117,M.tusciae
GCF_002086795.1,NZ_MVIM01000021.1,99642,6162880,117,M.tusciae
GCF_002086795.1,NZ_MVIM01000022.1,98925,6162880,117,M.tusciae
GCF_002086795.1,NZ_MVIM01000023.1,56816,6162880,117,M.tusciae
GCF_002086795.1,NZ_MVIM01000024.1,50700,6162880,117,M.tusciae
GCF_002086795.1,NZ_MVIM01000025.1,46782,6162880,117,M.tusciae
GCF_002086795.1,NZ_MVIM01000026.1,43704,6162880,117,M.tusciae
GCF_002086795.1,NZ_MVIM01000027.1,36914,6162880,117,M.tusciae
GCF_002086795.1,NZ_MVIM01000028.1,35359,6162880,117,M.tusciae
GCF_002086795.1,NZ_MVIM01000029.1,34523,6162880,117,M.tusciae
GCF_002086795.1,NZ_MVIM01000030.1,32495,6162880,117,M.tusciae
GCF_002086795.1,NZ_MVIM01000031.1,31602,6162880,117,M.tusciae
GCF_002086795.1,NZ_MVIM01000032.1,31082,6162880,117,M.tusciae
GCF_002086795.1,NZ_MVIM01000033.1,27026,6162880,117,M.tusciae
GCF_002086795.1,NZ_MVIM01000034.1,23387,6162880,117,M.tusciae
GCF_002086795.1,NZ_MVIM01000035.1,19907,6162880,117,M.tusciae
GCF_002086795.1,NZ_MVIM01000036.1,11749,6162880,117,M.tusciae
GCF_002086795.1,NZ_MVIM01000037.1,10035,6162880,117,M.tusciae
GCF_002086795.1,NZ_MVIM01000038.1,9826,6162880,117,M.tusciae
GCF_002086795.1,NZ_MVIM01000039.1,8462,6162880,117,M.tusciae
GCF_002086795.1,NZ_MVIM01000040.1,7830,6162880,117,M.tusciae
GCF_002086795.1,NZ_MVIM01000041.1,7449,6162880,117,M.tusciae
GCF_002086795.1,NZ_MVIM01000042.1,7054,6162880,117,M.tusciae
GCF_002086795.1,NZ_MVIM01000043.1,3473,6162880,117,M.tusciae
GCF_002086795.1,NZ_MVIM01000044.1,3412,6162880,117,M.tusciae
GCF_002086795.1,NZ_MVIM01000045.1,3044,6162880,117,M.tusciae
GCF_002086795.1,NZ_MVIM01000046.1,3032,6162880,117,M.tusciae
GCF_002086795.1,NZ_MVIM01000047.1,2667,6162880,117,M.tusciae
GCF_002086795.1,NZ_MVIM01000048.1,2048,6162880,117,M.tusciae
GCF_002086795.1,NZ_MVIM01000049.1,1776,6162880,117,M.tusciae
GCF_002086795.1,NZ_MVIM01000050.1,1747,6162880,117,M.tusciae
GCF_002086795.1,NZ_MVIM01000051.1,1736,6162880,117,M.tusciae
GCF_002086795.1,NZ_MVIM01000052.1,1502,6162880,117,M.tusciae
GCF_002086795.1,NZ_MVIM01000053.1,1474,6162880,117,M.tusciae
GCF_002086795.1,NZ_MVIM01000054.1,1371,6162880,117,M.tusciae
GCF_002086795.1,NZ_MVIM01000055.1,1364,6162880,117,M.tusciae
GCF_002086795.1,NZ_MVIM01000056.1,1291,6162880,117,M.tusciae
GCF_002086795.1,NZ_MVIM01000057.1,1288,6162880,117,M.tusciae
GCF_002086795.1,NZ_MVIM01000058.1,1273,6162880,117,M.tusciae
GCF_002086795.1,NZ_MVIM01000059.1,908,6162880,117,M.tusciae
GCF_002086795.1,NZ_MVIM01000060.1,896,6162880,117,M.tusciae
GCF_002086795.1,NZ_MVIM01000061.1,822,6162880,117,M.tusciae
GCF_002086795.1,NZ_MVIM01000062.1,669,6162880,117,M.tusciae
GCF_002086795.1,NZ_MVIM01000063.1,478,6162880,117,M.tusciae
GCF_002086795.1,NZ_MVIM01000064.1,436,6162880,117,M.tusciae
GCF_002086795.1,NZ_MVIM01000065.1,398,6162880,117,M.tusciae
GCF_002086795.1,NZ_MVIM01000066.1,353,6162880,117,M.tusciae
GCF_002086795.1,NZ_MVIM01000067.1,312,6162880,117,M.tusciae
GCF_002086795.1,NZ_MVIM01000068.1,277,6162880,117,M.tusciae
GCF_002086795.1,NZ_MVIM01000069.1,227,6162880,117,M.tusciae
GCF_002086795.1,NZ_MVIM01000070.1,201,6162880,117,M.tusciae
GCF_003408705.1,NZ_QAYL01000001.1,472717,3122721,72,M.uberis
GCF_003408705.1,NZ_QAYL01000002.1,319566,3122721,72,M.uberis
GCF_003408705.1,NZ_QAYL01000003.1,66308,3122721,72,M.uberis
GCF_003408705.1,NZ_QAYL01000004.1,46741,3122721,72,M.uberis
GCF_003408705.1,NZ_QAYL01000005.1,49889,3122721,72,M.uberis
GCF_003408705.1,NZ_QAYL01000006.1,289098,3122721,72,M.uberis
GCF_003408705.1,NZ_QAYL01000007.1,141115,3122721,72,M.uberis
GCF_003408705.1,NZ_QAYL01000008.1,121195,3122721,72,M.uberis
GCF_003408705.1,NZ_QAYL01000009.1,112166,3122721,72,M.uberis
GCF_003408705.1,NZ_QAYL01000010.1,6252,3122721,72,M.uberis
GCF_003408705.1,NZ_QAYL01000011.1,54344,3122721,72,M.uberis
GCF_003408705.1,NZ_QAYL01000012.1,110197,3122721,72,M.uberis
GCF_003408705.1,NZ_QAYL01000013.1,18760,3122721,72,M.uberis
GCF_003408705.1,NZ_QAYL01000014.1,89103,3122721,72,M.uberis
GCF_003408705.1,NZ_QAYL01000015.1,226402,3122721,72,M.uberis
GCF_003408705.1,NZ_QAYL01000016.1,75603,3122721,72,M.uberis
GCF_003408705.1,NZ_QAYL01000017.1,23179,3122721,72,M.uberis
GCF_003408705.1,NZ_QAYL01000018.1,82397,3122721,72,M.uberis
GCF_003408705.1,NZ_QAYL01000019.1,18327,3122721,72,M.uberis
GCF_003408705.1,NZ_QAYL01000020.1,17689,3122721,72,M.uberis
GCF_003408705.1,NZ_QAYL01000021.1,37856,3122721,72,M.uberis
GCF_003408705.1,NZ_QAYL01000022.1,50979,3122721,72,M.uberis
GCF_003408705.1,NZ_QAYL01000023.1,63287,3122721,72,M.uberis
GCF_003408705.1,NZ_QAYL01000024.1,59908,3122721,72,M.uberis
GCF_003408705.1,NZ_QAYL01000025.1,121366,3122721,72,M.uberis
GCF_003408705.1,NZ_QAYL01000026.1,34740,3122721,72,M.uberis
GCF_003408705.1,NZ_QAYL01000027.1,88818,3122721,72,M.uberis
GCF_003408705.1,NZ_QAYL01000028.1,30753,3122721,72,M.uberis
GCF_003408705.1,NZ_QAYL01000029.1,28983,3122721,72,M.uberis
GCF_003408705.1,NZ_QAYL01000030.1,33034,3122721,72,M.uberis
GCF_003408705.1,NZ_QAYL01000031.1,7536,3122721,72,M.uberis
GCF_003408705.1,NZ_QAYL01000032.1,5480,3122721,72,M.uberis
GCF_003408705.1,NZ_QAYL01000033.1,19863,3122721,72,M.uberis
GCF_003408705.1,NZ_QAYL01000034.1,22289,3122721,72,M.uberis
GCF_003408705.1,NZ_QAYL01000035.1,20043,3122721,72,M.uberis
GCF_003408705.1,NZ_QAYL01000036.1,5935,3122721,72,M.uberis
GCF_003408705.1,NZ_QAYL01000037.1,4865,3122721,72,M.uberis
GCF_003408705.1,NZ_QAYL01000038.1,7633,3122721,72,M.uberis
GCF_003408705.1,NZ_QAYL01000039.1,4164,3122721,72,M.uberis
GCF_003408705.1,NZ_QAYL01000040.1,1034,3122721,72,M.uberis
GCF_003408705.1,NZ_QAYL01000041.1,1761,3122721,72,M.uberis
GCF_003408705.1,NZ_QAYL01000042.1,2755,3122721,72,M.uberis
GCF_003408705.1,NZ_QAYL01000043.1,1553,3122721,72,M.uberis
GCF_003408705.1,NZ_QAYL01000044.1,3414,3122721,72,M.uberis
GCF_003408705.1,NZ_QAYL01000045.1,1239,3122721,72,M.uberis
GCF_003408705.1,NZ_QAYL01000046.1,1037,3122721,72,M.uberis
GCF_003408705.1,NZ_QAYL01000047.1,1513,3122721,72,M.uberis
GCF_003408705.1,NZ_QAYL01000048.1,25234,3122721,72,M.uberis
GCF_003408705.1,NZ_QAYL01000049.1,8233,3122721,72,M.uberis
GCF_003408705.1,NZ_QAYL01000050.1,2075,3122721,72,M.uberis
GCF_003408705.1,NZ_QAYL01000051.1,15828,3122721,72,M.uberis
GCF_003408705.1,NZ_QAYL01000052.1,24374,3122721,72,M.uberis
GCF_003408705.1,NZ_QAYL01000053.1,33857,3122721,72,M.uberis
GCF_003408705.1,NZ_QAYL01000054.1,10234,3122721,72,M.uberis
GCF_002355775.1,NZ_AP017624.1,5899681,5899681,5,M.ulcerans
GCF_001655245.1,NZ_CP011491.1,6235754,6235754,96,M.vaccae
GCF_000015305.1,NC_008726.1,6491865,6491865,1,M.vanbaalenii
GCF_020181595.2,NZ_JAYJJQ010000001.1,389063,4862408,138,M.vasticus
GCF_020181595.2,NZ_JAYJJQ010000002.1,377200,4862408,138,M.vasticus
GCF_020181595.2,NZ_JAYJJQ010000003.1,345914,4862408,138,M.vasticus
GCF_020181595.2,NZ_JAYJJQ010000004.1,317013,4862408,138,M.vasticus
GCF_020181595.2,NZ_JAYJJQ010000005.1,238851,4862408,138,M.vasticus
GCF_020181595.2,NZ_JAYJJQ010000006.1,238665,4862408,138,M.vasticus
GCF_020181595.2,NZ_JAYJJQ010000007.1,183962,4862408,138,M.vasticus
GCF_020181595.2,NZ_JAYJJQ010000008.1,181919,4862408,138,M.vasticus
GCF_020181595.2,NZ_JAYJJQ010000009.1,181022,4862408,138,M.vasticus
GCF_020181595.2,NZ_JAYJJQ010000010.1,180441,4862408,138,M.vasticus
GCF_020181595.2,NZ_JAYJJQ010000011.1,154547,4862408,138,M.vasticus
GCF_020181595.2,NZ_JAYJJQ010000012.1,141679,4862408,138,M.vasticus
GCF_020181595.2,NZ_JAYJJQ010000013.1,119746,4862408,138,M.vasticus
GCF_020181595.2,NZ_JAYJJQ010000014.1,109933,4862408,138,M.vasticus
GCF_020181595.2,NZ_JAYJJQ010000015.1,107327,4862408,138,M.vasticus
GCF_020181595.2,NZ_JAYJJQ010000016.1,107097,4862408,138,M.vasticus
GCF_020181595.2,NZ_JAYJJQ010000017.1,104038,4862408,138,M.vasticus
GCF_020181595.2,NZ_JAYJJQ010000018.1,102508,4862408,138,M.vasticus
GCF_020181595.2,NZ_JAYJJQ010000019.1,86320,4862408,138,M.vasticus
GCF_020181595.2,NZ_JAYJJQ010000020.1,73581,4862408,138,M.vasticus
GCF_020181595.2,NZ_JAYJJQ010000021.1,72224,4862408,138,M.vasticus
GCF_020181595.2,NZ_JAYJJQ010000022.1,72145,4862408,138,M.vasticus
GCF_020181595.2,NZ_JAYJJQ010000023.1,71795,4862408,138,M.vasticus
GCF_020181595.2,NZ_JAYJJQ010000024.1,65459,4862408,138,M.vasticus
GCF_020181595.2,NZ_JAYJJQ010000025.1,53917,4862408,138,M.vasticus
GCF_020181595.2,NZ_JAYJJQ010000026.1,50780,4862408,138,M.vasticus
GCF_020181595.2,NZ_JAYJJQ010000027.1,46014,4862408,138,M.vasticus
GCF_020181595.2,NZ_JAYJJQ010000028.1,45543,4862408,138,M.vasticus
GCF_020181595.2,NZ_JAYJJQ010000029.1,45313,4862408,138,M.vasticus
GCF_020181595.2,NZ_JAYJJQ010000030.1,42309,4862408,138,M.vasticus
GCF_020181595.2,NZ_JAYJJQ010000031.1,42078,4862408,138,M.vasticus
GCF_020181595.2,NZ_JAYJJQ010000032.1,39412,4862408,138,M.vasticus
GCF_020181595.2,NZ_JAYJJQ010000033.1,33898,4862408,138,M.vasticus
GCF_020181595.2,NZ_JAYJJQ010000034.1,33527,4862408,138,M.vasticus
GCF_020181595.2,NZ_JAYJJQ010000035.1,30898,4862408,138,M.vasticus
GCF_020181595.2,NZ_JAYJJQ010000036.1,30361,4862408,138,M.vasticus
GCF_020181595.2,NZ_JAYJJQ010000037.1,28426,4862408,138,M.vasticus
GCF_020181595.2,NZ_JAYJJQ010000038.1,27811,4862408,138,M.vasticus
GCF_020181595.2,NZ_JAYJJQ010000039.1,25226,4862408,138,M.vasticus
GCF_020181595.2,NZ_JAYJJQ010000040.1,25072,4862408,138,M.vasticus
GCF_020181595.2,NZ_JAYJJQ010000041.1,24444,4862408,138,M.vasticus
GCF_020181595.2,NZ_JAYJJQ010000042.1,23716,4862408,138,M.vasticus
GCF_020181595.2,NZ_JAYJJQ010000043.1,20162,4862408,138,M.vasticus
GCF_020181595.2,NZ_JAYJJQ010000044.1,17365,4862408,138,M.vasticus
GCF_020181595.2,NZ_JAYJJQ010000045.1,16366,4862408,138,M.vasticus
GCF_020181595.2,NZ_JAYJJQ010000046.1,16300,4862408,138,M.vasticus
GCF_020181595.2,NZ_JAYJJQ010000047.1,12460,4862408,138,M.vasticus
GCF_020181595.2,NZ_JAYJJQ010000048.1,9054,4862408,138,M.vasticus
GCF_020181595.2,NZ_JAYJJQ010000049.1,7825,4862408,138,M.vasticus
GCF_020181595.2,NZ_JAYJJQ010000050.1,6269,4862408,138,M.vasticus
GCF_020181595.2,NZ_JAYJJQ010000051.1,6061,4862408,138,M.vasticus
GCF_020181595.2,NZ_JAYJJQ010000052.1,5500,4862408,138,M.vasticus
GCF_020181595.2,NZ_JAYJJQ010000053.1,5487,4862408,138,M.vasticus
GCF_020181595.2,NZ_JAYJJQ010000054.1,4307,4862408,138,M.vasticus
GCF_020181595.2,NZ_JAYJJQ010000055.1,4070,4862408,138,M.vasticus
GCF_020181595.2,NZ_JAYJJQ010000056.1,3546,4862408,138,M.vasticus
GCF_020181595.2,NZ_JAYJJQ010000057.1,2962,4862408,138,M.vasticus
GCF_020181595.2,NZ_JAYJJQ010000058.1,2752,4862408,138,M.vasticus
GCF_020181595.2,NZ_JAYJJQ010000059.1,2642,4862408,138,M.vasticus
GCF_020181595.2,NZ_JAYJJQ010000060.1,2631,4862408,138,M.vasticus
GCF_020181595.2,NZ_JAYJJQ010000061.1,2621,4862408,138,M.vasticus
GCF_020181595.2,NZ_JAYJJQ010000062.1,2482,4862408,138,M.vasticus
GCF_020181595.2,NZ_JAYJJQ010000063.1,2410,4862408,138,M.vasticus
GCF_020181595.2,NZ_JAYJJQ010000064.1,2276,4862408,138,M.vasticus
GCF_020181595.2,NZ_JAYJJQ010000065.1,2190,4862408,138,M.vasticus
GCF_020181595.2,NZ_JAYJJQ010000066.1,2164,4862408,138,M.vasticus
GCF_020181595.2,NZ_JAYJJQ010000067.1,2102,4862408,138,M.vasticus
GCF_020181595.2,NZ_JAYJJQ010000068.1,2023,4862408,138,M.vasticus
GCF_020181595.2,NZ_JAYJJQ010000069.1,1954,4862408,138,M.vasticus
GCF_020181595.2,NZ_JAYJJQ010000070.1,1792,4862408,138,M.vasticus
GCF_020181595.2,NZ_JAYJJQ010000071.1,1707,4862408,138,M.vasticus
GCF_020181595.2,NZ_JAYJJQ010000072.1,1700,4862408,138,M.vasticus
GCF_020181595.2,NZ_JAYJJQ010000073.1,1640,4862408,138,M.vasticus
GCF_020181595.2,NZ_JAYJJQ010000074.1,1469,4862408,138,M.vasticus
GCF_020181595.2,NZ_JAYJJQ010000075.1,1457,4862408,138,M.vasticus
GCF_020181595.2,NZ_JAYJJQ010000076.1,1434,4862408,138,M.vasticus
GCF_020181595.2,NZ_JAYJJQ010000077.1,1393,4862408,138,M.vasticus
GCF_020181595.2,NZ_JAYJJQ010000078.1,1353,4862408,138,M.vasticus
GCF_020181595.2,NZ_JAYJJQ010000079.1,1276,4862408,138,M.vasticus
GCF_020181595.2,NZ_JAYJJQ010000080.1,1099,4862408,138,M.vasticus
GCF_020181595.2,NZ_JAYJJQ010000081.1,1085,4862408,138,M.vasticus
GCF_020181595.2,NZ_JAYJJQ010000082.1,1072,4862408,138,M.vasticus
GCF_020181595.2,NZ_JAYJJQ010000083.1,977,4862408,138,M.vasticus
GCF_020181595.2,NZ_JAYJJQ010000084.1,932,4862408,138,M.vasticus
GCF_020181595.2,NZ_JAYJJQ010000085.1,911,4862408,138,M.vasticus
GCF_020181595.2,NZ_JAYJJQ010000086.1,858,4862408,138,M.vasticus
GCF_020181595.2,NZ_JAYJJQ010000087.1,756,4862408,138,M.vasticus
GCF_020181595.2,NZ_JAYJJQ010000088.1,653,4862408,138,M.vasticus
GCF_020181595.2,NZ_JAYJJQ010000089.1,635,4862408,138,M.vasticus
GCF_020181595.2,NZ_JAYJJQ010000090.1,523,4862408,138,M.vasticus
GCF_020181595.2,NZ_JAYJJQ010000091.1,511,4862408,138,M.vasticus
GCF_013466425.1,NZ_CP059165.1,6266765,6266765,166,M.vicinigordonae
GCF_013404075.1,NZ_JACBJQ010000001.1,388241,7196491,16,M.vinylchloridicum
GCF_013404075.1,NZ_JACBJQ010000002.1,362453,7196491,16,M.vinylchloridicum
GCF_013404075.1,NZ_JACBJQ010000003.1,297291,7196491,16,M.vinylchloridicum
GCF_013404075.1,NZ_JACBJQ010000004.1,256790,7196491,16,M.vinylchloridicum
GCF_013404075.1,NZ_JACBJQ010000005.1,211066,7196491,16,M.vinylchloridicum
GCF_013404075.1,NZ_JACBJQ010000006.1,194097,7196491,16,M.vinylchloridicum
GCF_013404075.1,NZ_JACBJQ010000007.1,182048,7196491,16,M.vinylchloridicum
GCF_013404075.1,NZ_JACBJQ010000008.1,170802,7196491,16,M.vinylchloridicum
GCF_013404075.1,NZ_JACBJQ010000009.1,167352,7196491,16,M.vinylchloridicum
GCF_013404075.1,NZ_JACBJQ010000010.1,160535,7196491,16,M.vinylchloridicum
GCF_013404075.1,NZ_JACBJQ010000011.1,154467,7196491,16,M.vinylchloridicum
GCF_013404075.1,NZ_JACBJQ010000012.1,152771,7196491,16,M.vinylchloridicum
GCF_013404075.1,NZ_JACBJQ010000013.1,148496,7196491,16,M.vinylchloridicum
GCF_013404075.1,NZ_JACBJQ010000014.1,146671,7196491,16,M.vinylchloridicum
GCF_013404075.1,NZ_JACBJQ010000015.1,143592,7196491,16,M.vinylchloridicum
GCF_013404075.1,NZ_JACBJQ010000016.1,143101,7196491,16,M.vinylchloridicum
GCF_013404075.1,NZ_JACBJQ010000017.1,139717,7196491,16,M.vinylchloridicum
GCF_013404075.1,NZ_JACBJQ010000018.1,128004,7196491,16,M.vinylchloridicum
GCF_013404075.1,NZ_JACBJQ010000019.1,127043,7196491,16,M.vinylchloridicum
GCF_013404075.1,NZ_JACBJQ010000020.1,122777,7196491,16,M.vinylchloridicum
GCF_013404075.1,NZ_JACBJQ010000021.1,114428,7196491,16,M.vinylchloridicum
GCF_013404075.1,NZ_JACBJQ010000022.1,112063,7196491,16,M.vinylchloridicum
GCF_013404075.1,NZ_JACBJQ010000023.1,96753,7196491,16,M.vinylchloridicum
GCF_013404075.1,NZ_JACBJQ010000024.1,92744,7196491,16,M.vinylchloridicum
GCF_013404075.1,NZ_JACBJQ010000025.1,91404,7196491,16,M.vinylchloridicum
GCF_013404075.1,NZ_JACBJQ010000026.1,89615,7196491,16,M.vinylchloridicum
GCF_013404075.1,NZ_JACBJQ010000027.1,88128,7196491,16,M.vinylchloridicum
GCF_013404075.1,NZ_JACBJQ010000028.1,85264,7196491,16,M.vinylchloridicum
GCF_013404075.1,NZ_JACBJQ010000029.1,80961,7196491,16,M.vinylchloridicum
GCF_013404075.1,NZ_JACBJQ010000030.1,79553,7196491,16,M.vinylchloridicum
GCF_013404075.1,NZ_JACBJQ010000031.1,73900,7196491,16,M.vinylchloridicum
GCF_013404075.1,NZ_JACBJQ010000032.1,61484,7196491,16,M.vinylchloridicum
GCF_013404075.1,NZ_JACBJQ010000033.1,61189,7196491,16,M.vinylchloridicum
GCF_013404075.1,NZ_JACBJQ010000034.1,60525,7196491,16,M.vinylchloridicum
GCF_013404075.1,NZ_JACBJQ010000035.1,59869,7196491,16,M.vinylchloridicum
GCF_013404075.1,NZ_JACBJQ010000036.1,59166,7196491,16,M.vinylchloridicum
GCF_013404075.1,NZ_JACBJQ010000037.1,58913,7196491,16,M.vinylchloridicum
GCF_013404075.1,NZ_JACBJQ010000038.1,55774,7196491,16,M.vinylchloridicum
GCF_013404075.1,NZ_JACBJQ010000039.1,54717,7196491,16,M.vinylchloridicum
GCF_013404075.1,NZ_JACBJQ010000040.1,52260,7196491,16,M.vinylchloridicum
GCF_013404075.1,NZ_JACBJQ010000041.1,50159,7196491,16,M.vinylchloridicum
GCF_013404075.1,NZ_JACBJQ010000042.1,47604,7196491,16,M.vinylchloridicum
GCF_013404075.1,NZ_JACBJQ010000043.1,46048,7196491,16,M.vinylchloridicum
GCF_013404075.1,NZ_JACBJQ010000044.1,45618,7196491,16,M.vinylchloridicum
GCF_013404075.1,NZ_JACBJQ010000045.1,43847,7196491,16,M.vinylchloridicum
GCF_013404075.1,NZ_JACBJQ010000046.1,41050,7196491,16,M.vinylchloridicum
GCF_013404075.1,NZ_JACBJQ010000047.1,39999,7196491,16,M.vinylchloridicum
GCF_013404075.1,NZ_JACBJQ010000048.1,37951,7196491,16,M.vinylchloridicum
GCF_013404075.1,NZ_JACBJQ010000049.1,37201,7196491,16,M.vinylchloridicum
GCF_013404075.1,NZ_JACBJQ010000050.1,37091,7196491,16,M.vinylchloridicum
GCF_013404075.1,NZ_JACBJQ010000051.1,33776,7196491,16,M.vinylchloridicum
GCF_013404075.1,NZ_JACBJQ010000052.1,33297,7196491,16,M.vinylchloridicum
GCF_013404075.1,NZ_JACBJQ010000053.1,33162,7196491,16,M.vinylchloridicum
GCF_013404075.1,NZ_JACBJQ010000054.1,32954,7196491,16,M.vinylchloridicum
GCF_013404075.1,NZ_JACBJQ010000055.1,32861,7196491,16,M.vinylchloridicum
GCF_013404075.1,NZ_JACBJQ010000056.1,32671,7196491,16,M.vinylchloridicum
GCF_013404075.1,NZ_JACBJQ010000057.1,31646,7196491,16,M.vinylchloridicum
GCF_013404075.1,NZ_JACBJQ010000058.1,31502,7196491,16,M.vinylchloridicum
GCF_013404075.1,NZ_JACBJQ010000059.1,31478,7196491,16,M.vinylchloridicum
GCF_013404075.1,NZ_JACBJQ010000060.1,29529,7196491,16,M.vinylchloridicum
GCF_013404075.1,NZ_JACBJQ010000061.1,29402,7196491,16,M.vinylchloridicum
GCF_013404075.1,NZ_JACBJQ010000062.1,29380,7196491,16,M.vinylchloridicum
GCF_013404075.1,NZ_JACBJQ010000063.1,27845,7196491,16,M.vinylchloridicum
GCF_013404075.1,NZ_JACBJQ010000064.1,27364,7196491,16,M.vinylchloridicum
GCF_013404075.1,NZ_JACBJQ010000065.1,26843,7196491,16,M.vinylchloridicum
GCF_013404075.1,NZ_JACBJQ010000066.1,26465,7196491,16,M.vinylchloridicum
GCF_013404075.1,NZ_JACBJQ010000067.1,26190,7196491,16,M.vinylchloridicum
GCF_013404075.1,NZ_JACBJQ010000068.1,25309,7196491,16,M.vinylchloridicum
GCF_013404075.1,NZ_JACBJQ010000069.1,24228,7196491,16,M.vinylchloridicum
GCF_013404075.1,NZ_JACBJQ010000070.1,23825,7196491,16,M.vinylchloridicum
GCF_013404075.1,NZ_JACBJQ010000071.1,23575,7196491,16,M.vinylchloridicum
GCF_013404075.1,NZ_JACBJQ010000072.1,23287,7196491,16,M.vinylchloridicum
GCF_013404075.1,NZ_JACBJQ010000073.1,22366,7196491,16,M.vinylchloridicum
GCF_013404075.1,NZ_JACBJQ010000074.1,22363,7196491,16,M.vinylchloridicum
GCF_013404075.1,NZ_JACBJQ010000075.1,22247,7196491,16,M.vinylchloridicum
GCF_013404075.1,NZ_JACBJQ010000076.1,21388,7196491,16,M.vinylchloridicum
GCF_013404075.1,NZ_JACBJQ010000077.1,21347,7196491,16,M.vinylchloridicum
GCF_013404075.1,NZ_JACBJQ010000078.1,20678,7196491,16,M.vinylchloridicum
GCF_013404075.1,NZ_JACBJQ010000079.1,20589,7196491,16,M.vinylchloridicum
GCF_013404075.1,NZ_JACBJQ010000080.1,20270,7196491,16,M.vinylchloridicum
GCF_013404075.1,NZ_JACBJQ010000081.1,19210,7196491,16,M.vinylchloridicum
GCF_013404075.1,NZ_JACBJQ010000082.1,19041,7196491,16,M.vinylchloridicum
GCF_013404075.1,NZ_JACBJQ010000083.1,18588,7196491,16,M.vinylchloridicum
GCF_013404075.1,NZ_JACBJQ010000084.1,18263,7196491,16,M.vinylchloridicum
GCF_013404075.1,NZ_JACBJQ010000085.1,18229,7196491,16,M.vinylchloridicum
GCF_013404075.1,NZ_JACBJQ010000086.1,16989,7196491,16,M.vinylchloridicum
GCF_013404075.1,NZ_JACBJQ010000087.1,16151,7196491,16,M.vinylchloridicum
GCF_013404075.1,NZ_JACBJQ010000088.1,16139,7196491,16,M.vinylchloridicum
GCF_013404075.1,NZ_JACBJQ010000089.1,16026,7196491,16,M.vinylchloridicum
GCF_013404075.1,NZ_JACBJQ010000090.1,14374,7196491,16,M.vinylchloridicum
GCF_013404075.1,NZ_JACBJQ010000091.1,14300,7196491,16,M.vinylchloridicum
GCF_013404075.1,NZ_JACBJQ010000092.1,14208,7196491,16,M.vinylchloridicum
GCF_013404075.1,NZ_JACBJQ010000093.1,13924,7196491,16,M.vinylchloridicum
GCF_013404075.1,NZ_JACBJQ010000094.1,13485,7196491,16,M.vinylchloridicum
GCF_013404075.1,NZ_JACBJQ010000095.1,13275,7196491,16,M.vinylchloridicum
GCF_013404075.1,NZ_JACBJQ010000096.1,13270,7196491,16,M.vinylchloridicum
GCF_013404075.1,NZ_JACBJQ010000097.1,12110,7196491,16,M.vinylchloridicum
GCF_013404075.1,NZ_JACBJQ010000098.1,11791,7196491,16,M.vinylchloridicum
GCF_013404075.1,NZ_JACBJQ010000099.1,10960,7196491,16,M.vinylchloridicum
GCF_013404075.1,NZ_JACBJQ010000100.1,9785,7196491,16,M.vinylchloridicum
GCF_013404075.1,NZ_JACBJQ010000101.1,9324,7196491,16,M.vinylchloridicum
GCF_013404075.1,NZ_JACBJQ010000102.1,8646,7196491,16,M.vinylchloridicum
GCF_013404075.1,NZ_JACBJQ010000103.1,8481,7196491,16,M.vinylchloridicum
GCF_013404075.1,NZ_JACBJQ010000104.1,7573,7196491,16,M.vinylchloridicum
GCF_013404075.1,NZ_JACBJQ010000105.1,7519,7196491,16,M.vinylchloridicum
GCF_013404075.1,NZ_JACBJQ010000106.1,7065,7196491,16,M.vinylchloridicum
GCF_013404075.1,NZ_JACBJQ010000107.1,7022,7196491,16,M.vinylchloridicum
GCF_013404075.1,NZ_JACBJQ010000108.1,6855,7196491,16,M.vinylchloridicum
GCF_013404075.1,NZ_JACBJQ010000109.1,6837,7196491,16,M.vinylchloridicum
GCF_013404075.1,NZ_JACBJQ010000110.1,6644,7196491,16,M.vinylchloridicum
GCF_013404075.1,NZ_JACBJQ010000111.1,6547,7196491,16,M.vinylchloridicum
GCF_013404075.1,NZ_JACBJQ010000112.1,6486,7196491,16,M.vinylchloridicum
GCF_013404075.1,NZ_JACBJQ010000113.1,6193,7196491,16,M.vinylchloridicum
GCF_013404075.1,NZ_JACBJQ010000114.1,6011,7196491,16,M.vinylchloridicum
GCF_013404075.1,NZ_JACBJQ010000115.1,5905,7196491,16,M.vinylchloridicum
GCF_013404075.1,NZ_JACBJQ010000116.1,5866,7196491,16,M.vinylchloridicum
GCF_013404075.1,NZ_JACBJQ010000117.1,5792,7196491,16,M.vinylchloridicum
GCF_013404075.1,NZ_JACBJQ010000118.1,5757,7196491,16,M.vinylchloridicum
GCF_013404075.1,NZ_JACBJQ010000119.1,5559,7196491,16,M.vinylchloridicum
GCF_013404075.1,NZ_JACBJQ010000120.1,5397,7196491,16,M.vinylchloridicum
GCF_013404075.1,NZ_JACBJQ010000121.1,5255,7196491,16,M.vinylchloridicum
GCF_013404075.1,NZ_JACBJQ010000122.1,5145,7196491,16,M.vinylchloridicum
GCF_013404075.1,NZ_JACBJQ010000123.1,5115,7196491,16,M.vinylchloridicum
GCF_013404075.1,NZ_JACBJQ010000124.1,4989,7196491,16,M.vinylchloridicum
GCF_013404075.1,NZ_JACBJQ010000125.1,4794,7196491,16,M.vinylchloridicum
GCF_013404075.1,NZ_JACBJQ010000126.1,4725,7196491,16,M.vinylchloridicum
GCF_013404075.1,NZ_JACBJQ010000127.1,4527,7196491,16,M.vinylchloridicum
GCF_013404075.1,NZ_JACBJQ010000128.1,4526,7196491,16,M.vinylchloridicum
GCF_013404075.1,NZ_JACBJQ010000129.1,4469,7196491,16,M.vinylchloridicum
GCF_013404075.1,NZ_JACBJQ010000130.1,4375,7196491,16,M.vinylchloridicum
GCF_013404075.1,NZ_JACBJQ010000131.1,4237,7196491,16,M.vinylchloridicum
GCF_013404075.1,NZ_JACBJQ010000132.1,4212,7196491,16,M.vinylchloridicum
GCF_013404075.1,NZ_JACBJQ010000133.1,4166,7196491,16,M.vinylchloridicum
GCF_013404075.1,NZ_JACBJQ010000134.1,3965,7196491,16,M.vinylchloridicum
GCF_013404075.1,NZ_JACBJQ010000135.1,3630,7196491,16,M.vinylchloridicum
GCF_013404075.1,NZ_JACBJQ010000136.1,3423,7196491,16,M.vinylchloridicum
GCF_013404075.1,NZ_JACBJQ010000137.1,3418,7196491,16,M.vinylchloridicum
GCF_013404075.1,NZ_JACBJQ010000138.1,3284,7196491,16,M.vinylchloridicum
GCF_013404075.1,NZ_JACBJQ010000139.1,3260,7196491,16,M.vinylchloridicum
GCF_013404075.1,NZ_JACBJQ010000140.1,3119,7196491,16,M.vinylchloridicum
GCF_013404075.1,NZ_JACBJQ010000141.1,3063,7196491,16,M.vinylchloridicum
GCF_013404075.1,NZ_JACBJQ010000142.1,2885,7196491,16,M.vinylchloridicum
GCF_013404075.1,NZ_JACBJQ010000143.1,2784,7196491,16,M.vinylchloridicum
GCF_013404075.1,NZ_JACBJQ010000144.1,2757,7196491,16,M.vinylchloridicum
GCF_013404075.1,NZ_JACBJQ010000145.1,2754,7196491,16,M.vinylchloridicum
GCF_013404075.1,NZ_JACBJQ010000146.1,2627,7196491,16,M.vinylchloridicum
GCF_013404075.1,NZ_JACBJQ010000147.1,2606,7196491,16,M.vinylchloridicum
GCF_013404075.1,NZ_JACBJQ010000148.1,2594,7196491,16,M.vinylchloridicum
GCF_013404075.1,NZ_JACBJQ010000149.1,2580,7196491,16,M.vinylchloridicum
GCF_013404075.1,NZ_JACBJQ010000150.1,2542,7196491,16,M.vinylchloridicum
GCF_013404075.1,NZ_JACBJQ010000151.1,2519,7196491,16,M.vinylchloridicum
GCF_013404075.1,NZ_JACBJQ010000152.1,2410,7196491,16,M.vinylchloridicum
GCF_013404075.1,NZ_JACBJQ010000153.1,2312,7196491,16,M.vinylchloridicum
GCF_013404075.1,NZ_JACBJQ010000154.1,2278,7196491,16,M.vinylchloridicum
GCF_013404075.1,NZ_JACBJQ010000155.1,2027,7196491,16,M.vinylchloridicum
GCF_013404075.1,NZ_JACBJQ010000156.1,2021,7196491,16,M.vinylchloridicum
GCF_013404075.1,NZ_JACBJQ010000157.1,1994,7196491,16,M.vinylchloridicum
GCF_013404075.1,NZ_JACBJQ010000158.1,1904,7196491,16,M.vinylchloridicum
GCF_013404075.1,NZ_JACBJQ010000159.1,1838,7196491,16,M.vinylchloridicum
GCF_013404075.1,NZ_JACBJQ010000160.1,1807,7196491,16,M.vinylchloridicum
GCF_013404075.1,NZ_JACBJQ010000161.1,1747,7196491,16,M.vinylchloridicum
GCF_013404075.1,NZ_JACBJQ010000162.1,1731,7196491,16,M.vinylchloridicum
GCF_013404075.1,NZ_JACBJQ010000163.1,1702,7196491,16,M.vinylchloridicum
GCF_013404075.1,NZ_JACBJQ010000164.1,1625,7196491,16,M.vinylchloridicum
GCF_013404075.1,NZ_JACBJQ010000165.1,1542,7196491,16,M.vinylchloridicum
GCF_013404075.1,NZ_JACBJQ010000166.1,1540,7196491,16,M.vinylchloridicum
GCF_013404075.1,NZ_JACBJQ010000167.1,1531,7196491,16,M.vinylchloridicum
GCF_013404075.1,NZ_JACBJQ010000168.1,1528,7196491,16,M.vinylchloridicum
GCF_013404075.1,NZ_JACBJQ010000169.1,1509,7196491,16,M.vinylchloridicum
GCF_013404075.1,NZ_JACBJQ010000170.1,1507,7196491,16,M.vinylchloridicum
GCF_013404075.1,NZ_JACBJQ010000171.1,1472,7196491,16,M.vinylchloridicum
GCF_013404075.1,NZ_JACBJQ010000172.1,1466,7196491,16,M.vinylchloridicum
GCF_013404075.1,NZ_JACBJQ010000173.1,1435,7196491,16,M.vinylchloridicum
GCF_013404075.1,NZ_JACBJQ010000174.1,1418,7196491,16,M.vinylchloridicum
GCF_013404075.1,NZ_JACBJQ010000175.1,1363,7196491,16,M.vinylchloridicum
GCF_013404075.1,NZ_JACBJQ010000176.1,1361,7196491,16,M.vinylchloridicum
GCF_013404075.1,NZ_JACBJQ010000177.1,1339,7196491,16,M.vinylchloridicum
GCF_013404075.1,NZ_JACBJQ010000178.1,1298,7196491,16,M.vinylchloridicum
GCF_013404075.1,NZ_JACBJQ010000179.1,1288,7196491,16,M.vinylchloridicum
GCF_013404075.1,NZ_JACBJQ010000180.1,1284,7196491,16,M.vinylchloridicum
GCF_013404075.1,NZ_JACBJQ010000181.1,1270,7196491,16,M.vinylchloridicum
GCF_013404075.1,NZ_JACBJQ010000182.1,1260,7196491,16,M.vinylchloridicum
GCF_013404075.1,NZ_JACBJQ010000183.1,1241,7196491,16,M.vinylchloridicum
GCF_013404075.1,NZ_JACBJQ010000184.1,1206,7196491,16,M.vinylchloridicum
GCF_013404075.1,NZ_JACBJQ010000185.1,1202,7196491,16,M.vinylchloridicum
GCF_013404075.1,NZ_JACBJQ010000186.1,1174,7196491,16,M.vinylchloridicum
GCF_013404075.1,NZ_JACBJQ010000187.1,1159,7196491,16,M.vinylchloridicum
GCF_013404075.1,NZ_JACBJQ010000188.1,1141,7196491,16,M.vinylchloridicum
GCF_013404075.1,NZ_JACBJQ010000189.1,1113,7196491,16,M.vinylchloridicum
GCF_013404075.1,NZ_JACBJQ010000190.1,1076,7196491,16,M.vinylchloridicum
GCF_013404075.1,NZ_JACBJQ010000191.1,1062,7196491,16,M.vinylchloridicum
GCF_013404075.1,NZ_JACBJQ010000192.1,1056,7196491,16,M.vinylchloridicum
GCF_013404075.1,NZ_JACBJQ010000193.1,1024,7196491,16,M.vinylchloridicum
GCF_013404075.1,NZ_JACBJQ010000194.1,949,7196491,16,M.vinylchloridicum
GCF_013404075.1,NZ_JACBJQ010000195.1,945,7196491,16,M.vinylchloridicum
GCF_013404075.1,NZ_JACBJQ010000196.1,943,7196491,16,M.vinylchloridicum
GCF_013404075.1,NZ_JACBJQ010000197.1,937,7196491,16,M.vinylchloridicum
GCF_013404075.1,NZ_JACBJQ010000198.1,922,7196491,16,M.vinylchloridicum
GCF_013404075.1,NZ_JACBJQ010000199.1,913,7196491,16,M.vinylchloridicum
GCF_013404075.1,NZ_JACBJQ010000200.1,879,7196491,16,M.vinylchloridicum
GCF_013404075.1,NZ_JACBJQ010000201.1,864,7196491,16,M.vinylchloridicum
GCF_013404075.1,NZ_JACBJQ010000202.1,842,7196491,16,M.vinylchloridicum
GCF_013404075.1,NZ_JACBJQ010000203.1,836,7196491,16,M.vinylchloridicum
GCF_013404075.1,NZ_JACBJQ010000204.1,818,7196491,16,M.vinylchloridicum
GCF_013404075.1,NZ_JACBJQ010000205.1,785,7196491,16,M.vinylchloridicum
GCF_013404075.1,NZ_JACBJQ010000206.1,708,7196491,16,M.vinylchloridicum
GCF_013404075.1,NZ_JACBJQ010000207.1,691,7196491,16,M.vinylchloridicum
GCF_013404075.1,NZ_JACBJQ010000208.1,673,7196491,16,M.vinylchloridicum
GCF_013404075.1,NZ_JACBJQ010000209.1,660,7196491,16,M.vinylchloridicum
GCF_013404075.1,NZ_JACBJQ010000210.1,653,7196491,16,M.vinylchloridicum
GCF_013404075.1,NZ_JACBJQ010000211.1,650,7196491,16,M.vinylchloridicum
GCF_013404075.1,NZ_JACBJQ010000212.1,649,7196491,16,M.vinylchloridicum
GCF_013404075.1,NZ_JACBJQ010000213.1,645,7196491,16,M.vinylchloridicum
GCF_013404075.1,NZ_JACBJQ010000214.1,635,7196491,16,M.vinylchloridicum
GCF_013404075.1,NZ_JACBJQ010000215.1,624,7196491,16,M.vinylchloridicum
GCF_013404075.1,NZ_JACBJQ010000216.1,616,7196491,16,M.vinylchloridicum
GCF_013404075.1,NZ_JACBJQ010000217.1,614,7196491,16,M.vinylchloridicum
GCF_013404075.1,NZ_JACBJQ010000218.1,600,7196491,16,M.vinylchloridicum
GCF_013404075.1,NZ_JACBJQ010000219.1,592,7196491,16,M.vinylchloridicum
GCF_013404075.1,NZ_JACBJQ010000220.1,567,7196491,16,M.vinylchloridicum
GCF_013404075.1,NZ_JACBJQ010000221.1,547,7196491,16,M.vinylchloridicum
GCF_013404075.1,NZ_JACBJQ010000222.1,547,7196491,16,M.vinylchloridicum
GCF_013404075.1,NZ_JACBJQ010000223.1,529,7196491,16,M.vinylchloridicum
GCF_013404075.1,NZ_JACBJQ010000224.1,522,7196491,16,M.vinylchloridicum
GCF_013404075.1,NZ_JACBJQ010000225.1,504,7196491,16,M.vinylchloridicum
GCF_022374935.2,NZ_CP092430.2,4980142,4980142,180,M.virginiensis
GCF_002104765.1,NZ_NCXM01000001.1,420994,6266718,41,M.vulneris
GCF_002104765.1,NZ_NCXM01000002.1,341514,6266718,41,M.vulneris
GCF_002104765.1,NZ_NCXM01000003.1,315877,6266718,41,M.vulneris
GCF_002104765.1,NZ_NCXM01000004.1,237727,6266718,41,M.vulneris
GCF_002104765.1,NZ_NCXM01000005.1,232697,6266718,41,M.vulneris
GCF_002104765.1,NZ_NCXM01000006.1,225214,6266718,41,M.vulneris
GCF_002104765.1,NZ_NCXM01000007.1,219599,6266718,41,M.vulneris
GCF_002104765.1,NZ_NCXM01000008.1,213213,6266718,41,M.vulneris
GCF_002104765.1,NZ_NCXM01000009.1,192431,6266718,41,M.vulneris
GCF_002104765.1,NZ_NCXM01000010.1,191494,6266718,41,M.vulneris
GCF_002104765.1,NZ_NCXM01000011.1,177274,6266718,41,M.vulneris
GCF_002104765.1,NZ_NCXM01000012.1,171206,6266718,41,M.vulneris
GCF_002104765.1,NZ_NCXM01000013.1,166612,6266718,41,M.vulneris
GCF_002104765.1,NZ_NCXM01000014.1,154398,6266718,41,M.vulneris
GCF_002104765.1,NZ_NCXM01000015.1,149791,6266718,41,M.vulneris
GCF_002104765.1,NZ_NCXM01000016.1,137399,6266718,41,M.vulneris
GCF_002104765.1,NZ_NCXM01000017.1,136693,6266718,41,M.vulneris
GCF_002104765.1,NZ_NCXM01000018.1,131317,6266718,41,M.vulneris
GCF_002104765.1,NZ_NCXM01000019.1,127334,6266718,41,M.vulneris
GCF_002104765.1,NZ_NCXM01000020.1,123123,6266718,41,M.vulneris
GCF_002104765.1,NZ_NCXM01000021.1,116591,6266718,41,M.vulneris
GCF_002104765.1,NZ_NCXM01000022.1,109739,6266718,41,M.vulneris
GCF_002104765.1,NZ_NCXM01000023.1,102557,6266718,41,M.vulneris
GCF_002104765.1,NZ_NCXM01000024.1,101730,6266718,41,M.vulneris
GCF_002104765.1,NZ_NCXM01000025.1,99370,6266718,41,M.vulneris
GCF_002104765.1,NZ_NCXM01000026.1,99129,6266718,41,M.vulneris
GCF_002104765.1,NZ_NCXM01000027.1,96385,6266718,41,M.vulneris
GCF_002104765.1,NZ_NCXM01000028.1,95801,6266718,41,M.vulneris
GCF_002104765.1,NZ_NCXM01000029.1,90810,6266718,41,M.vulneris
GCF_002104765.1,NZ_NCXM01000030.1,76391,6266718,41,M.vulneris
GCF_002104765.1,NZ_NCXM01000031.1,72794,6266718,41,M.vulneris
GCF_002104765.1,NZ_NCXM01000032.1,66487,6266718,41,M.vulneris
GCF_002104765.1,NZ_NCXM01000033.1,66332,6266718,41,M.vulneris
GCF_002104765.1,NZ_NCXM01000034.1,63778,6266718,41,M.vulneris
GCF_002104765.1,NZ_NCXM01000035.1,57738,6266718,41,M.vulneris
GCF_002104765.1,NZ_NCXM01000036.1,50622,6266718,41,M.vulneris
GCF_002104765.1,NZ_NCXM01000037.1,50465,6266718,41,M.vulneris
GCF_002104765.1,NZ_NCXM01000038.1,49785,6266718,41,M.vulneris
GCF_002104765.1,NZ_NCXM01000039.1,49612,6266718,41,M.vulneris
GCF_002104765.1,NZ_NCXM01000040.1,46794,6266718,41,M.vulneris
GCF_002104765.1,NZ_NCXM01000041.1,42682,6266718,41,M.vulneris
GCF_002104765.1,NZ_NCXM01000042.1,42547,6266718,41,M.vulneris
GCF_002104765.1,NZ_NCXM01000043.1,40773,6266718,41,M.vulneris
GCF_002104765.1,NZ_NCXM01000044.1,39937,6266718,41,M.vulneris
GCF_002104765.1,NZ_NCXM01000045.1,36348,6266718,41,M.vulneris
GCF_002104765.1,NZ_NCXM01000046.1,35646,6266718,41,M.vulneris
GCF_002104765.1,NZ_NCXM01000047.1,35221,6266718,41,M.vulneris
GCF_002104765.1,NZ_NCXM01000048.1,32887,6266718,41,M.vulneris
GCF_002104765.1,NZ_NCXM01000049.1,26580,6266718,41,M.vulneris
GCF_002104765.1,NZ_NCXM01000050.1,26323,6266718,41,M.vulneris
GCF_002104765.1,NZ_NCXM01000051.1,25755,6266718,41,M.vulneris
GCF_002104765.1,NZ_NCXM01000052.1,21308,6266718,41,M.vulneris
GCF_002104765.1,NZ_NCXM01000053.1,21168,6266718,41,M.vulneris
GCF_002104765.1,NZ_NCXM01000054.1,20127,6266718,41,M.vulneris
GCF_002104765.1,NZ_NCXM01000055.1,16522,6266718,41,M.vulneris
GCF_002104765.1,NZ_NCXM01000056.1,14103,6266718,41,M.vulneris
GCF_002104765.1,NZ_NCXM01000057.1,13252,6266718,41,M.vulneris
GCF_002104765.1,NZ_NCXM01000058.1,12981,6266718,41,M.vulneris
GCF_002104765.1,NZ_NCXM01000059.1,9909,6266718,41,M.vulneris
GCF_002104765.1,NZ_NCXM01000060.1,9632,6266718,41,M.vulneris
GCF_002104765.1,NZ_NCXM01000061.1,9422,6266718,41,M.vulneris
GCF_002104765.1,NZ_NCXM01000062.1,7231,6266718,41,M.vulneris
GCF_002104765.1,NZ_NCXM01000063.1,6943,6266718,41,M.vulneris
GCF_002104765.1,NZ_NCXM01000064.1,6767,6266718,41,M.vulneris
GCF_002104765.1,NZ_NCXM01000065.1,6164,6266718,41,M.vulneris
GCF_002104765.1,NZ_NCXM01000066.1,5587,6266718,41,M.vulneris
GCF_002104765.1,NZ_NCXM01000067.1,5414,6266718,41,M.vulneris
GCF_002104765.1,NZ_NCXM01000068.1,4774,6266718,41,M.vulneris
GCF_002104765.1,NZ_NCXM01000069.1,4464,6266718,41,M.vulneris
GCF_002104765.1,NZ_NCXM01000070.1,4421,6266718,41,M.vulneris
GCF_002104765.1,NZ_NCXM01000071.1,3330,6266718,41,M.vulneris
GCF_002104765.1,NZ_NCXM01000072.1,3308,6266718,41,M.vulneris
GCF_002104765.1,NZ_NCXM01000073.1,2099,6266718,41,M.vulneris
GCF_002104765.1,NZ_NCXM01000074.1,2014,6266718,41,M.vulneris
GCF_002104765.1,NZ_NCXM01000075.1,1604,6266718,41,M.vulneris
GCF_002104765.1,NZ_NCXM01000076.1,1563,6266718,41,M.vulneris
GCF_002104765.1,NZ_NCXM01000077.1,1489,6266718,41,M.vulneris
GCF_002104765.1,NZ_NCXM01000078.1,1457,6266718,41,M.vulneris
GCF_002104765.1,NZ_NCXM01000079.1,1436,6266718,41,M.vulneris
GCF_002104765.1,NZ_NCXM01000080.1,1382,6266718,41,M.vulneris
GCF_002104765.1,NZ_NCXM01000081.1,1346,6266718,41,M.vulneris
GCF_002104765.1,NZ_NCXM01000082.1,1341,6266718,41,M.vulneris
GCF_002104765.1,NZ_NCXM01000083.1,1306,6266718,41,M.vulneris
GCF_002104765.1,NZ_NCXM01000084.1,1305,6266718,41,M.vulneris
GCF_002104765.1,NZ_NCXM01000085.1,1265,6266718,41,M.vulneris
GCF_002104765.1,NZ_NCXM01000086.1,1213,6266718,41,M.vulneris
GCF_002104765.1,NZ_NCXM01000087.1,1209,6266718,41,M.vulneris
GCF_002104765.1,NZ_NCXM01000088.1,1199,6266718,41,M.vulneris
GCF_002104765.1,NZ_NCXM01000089.1,1161,6266718,41,M.vulneris
GCF_002104765.1,NZ_NCXM01000090.1,1113,6266718,41,M.vulneris
GCF_002104765.1,NZ_NCXM01000091.1,1089,6266718,41,M.vulneris
GCF_002104765.1,NZ_NCXM01000092.1,1073,6266718,41,M.vulneris
GCF_002104765.1,NZ_NCXM01000093.1,1033,6266718,41,M.vulneris
GCF_002104765.1,NZ_NCXM01000094.1,982,6266718,41,M.vulneris
GCF_002104765.1,NZ_NCXM01000095.1,878,6266718,41,M.vulneris
GCF_002104765.1,NZ_NCXM01000096.1,874,6266718,41,M.vulneris
GCF_002104765.1,NZ_NCXM01000097.1,857,6266718,41,M.vulneris
GCF_002104765.1,NZ_NCXM01000098.1,827,6266718,41,M.vulneris
GCF_002104765.1,NZ_NCXM01000099.1,755,6266718,41,M.vulneris
GCF_002104765.1,NZ_NCXM01000100.1,732,6266718,41,M.vulneris
GCF_002104765.1,NZ_NCXM01000101.1,705,6266718,41,M.vulneris
GCF_002104765.1,NZ_NCXM01000102.1,687,6266718,41,M.vulneris
GCF_002104765.1,NZ_NCXM01000103.1,632,6266718,41,M.vulneris
GCF_002104765.1,NZ_NCXM01000104.1,510,6266718,41,M.vulneris
GCF_002104765.1,NZ_NCXM01000105.1,503,6266718,41,M.vulneris
GCF_002104765.1,NZ_NCXM01000106.1,478,6266718,41,M.vulneris
GCF_002104765.1,NZ_NCXM01000107.1,458,6266718,41,M.vulneris
GCF_002104765.1,NZ_NCXM01000108.1,445,6266718,41,M.vulneris
GCF_002104765.1,NZ_NCXM01000109.1,240,6266718,41,M.vulneris
GCF_002104765.1,NZ_NCXM01000110.1,387,6266718,41,M.vulneris
GCF_002104765.1,NZ_NCXM01000111.1,383,6266718,41,M.vulneris
GCF_002104765.1,NZ_NCXM01000112.1,381,6266718,41,M.vulneris
GCF_002104765.1,NZ_NCXM01000113.1,370,6266718,41,M.vulneris
GCF_002104765.1,NZ_NCXM01000114.1,342,6266718,41,M.vulneris
GCF_002104765.1,NZ_NCXM01000115.1,340,6266718,41,M.vulneris
GCF_002104765.1,NZ_NCXM01000116.1,336,6266718,41,M.vulneris
GCF_002104765.1,NZ_NCXM01000117.1,331,6266718,41,M.vulneris
GCF_002104765.1,NZ_NCXM01000118.1,329,6266718,41,M.vulneris
GCF_002104765.1,NZ_NCXM01000119.1,310,6266718,41,M.vulneris
GCF_002104765.1,NZ_NCXM01000120.1,278,6266718,41,M.vulneris
GCF_002104765.1,NZ_NCXM01000121.1,277,6266718,41,M.vulneris
GCF_002104765.1,NZ_NCXM01000122.1,272,6266718,41,M.vulneris
GCF_002104765.1,NZ_NCXM01000123.1,270,6266718,41,M.vulneris
GCF_002104765.1,NZ_NCXM01000124.1,268,6266718,41,M.vulneris
GCF_002104765.1,NZ_NCXM01000125.1,261,6266718,41,M.vulneris
GCF_002104765.1,NZ_NCXM01000126.1,258,6266718,41,M.vulneris
GCF_002104765.1,NZ_NCXM01000127.1,258,6266718,41,M.vulneris
GCF_002104765.1,NZ_NCXM01000128.1,255,6266718,41,M.vulneris
GCF_002104765.1,NZ_NCXM01000129.1,255,6266718,41,M.vulneris
GCF_002104765.1,NZ_NCXM01000130.1,249,6266718,41,M.vulneris
GCF_002104765.1,NZ_NCXM01000131.1,243,6266718,41,M.vulneris
GCF_002104765.1,NZ_NCXM01000132.1,232,6266718,41,M.vulneris
GCF_002104765.1,NZ_NCXM01000133.1,230,6266718,41,M.vulneris
GCF_963378085.1,NZ_OY726395.1,5201667,5201667,198,M.wendilense
GCF_002101965.1,NZ_LQQA01000001.1,62551,7516859,38,M.wolinskyi
GCF_002101965.1,NZ_LQQA01000002.1,48451,7516859,38,M.wolinskyi
GCF_002101965.1,NZ_LQQA01000003.1,1373,7516859,38,M.wolinskyi
GCF_002101965.1,NZ_LQQA01000004.1,272669,7516859,38,M.wolinskyi
GCF_002101965.1,NZ_LQQA01000005.1,350960,7516859,38,M.wolinskyi
GCF_002101965.1,NZ_LQQA01000006.1,481307,7516859,38,M.wolinskyi
GCF_002101965.1,NZ_LQQA01000007.1,107393,7516859,38,M.wolinskyi
GCF_002101965.1,NZ_LQQA01000008.1,168281,7516859,38,M.wolinskyi
GCF_002101965.1,NZ_LQQA01000009.1,275577,7516859,38,M.wolinskyi
GCF_002101965.1,NZ_LQQA01000010.1,485906,7516859,38,M.wolinskyi
GCF_002101965.1,NZ_LQQA01000011.1,17626,7516859,38,M.wolinskyi
GCF_002101965.1,NZ_LQQA01000012.1,148652,7516859,38,M.wolinskyi
GCF_002101965.1,NZ_LQQA01000013.1,405961,7516859,38,M.wolinskyi
GCF_002101965.1,NZ_LQQA01000014.1,65912,7516859,38,M.wolinskyi
GCF_002101965.1,NZ_LQQA01000015.1,802949,7516859,38,M.wolinskyi
GCF_002101965.1,NZ_LQQA01000016.1,48941,7516859,38,M.wolinskyi
GCF_002101965.1,NZ_LQQA01000017.1,250196,7516859,38,M.wolinskyi
GCF_002101965.1,NZ_LQQA01000018.1,42992,7516859,38,M.wolinskyi
GCF_002101965.1,NZ_LQQA01000019.1,15540,7516859,38,M.wolinskyi
GCF_002101965.1,NZ_LQQA01000020.1,9398,7516859,38,M.wolinskyi
GCF_002101965.1,NZ_LQQA01000021.1,1709,7516859,38,M.wolinskyi
GCF_002101965.1,NZ_LQQA01000022.1,9384,7516859,38,M.wolinskyi
GCF_002101965.1,NZ_LQQA01000023.1,266081,7516859,38,M.wolinskyi
GCF_002101965.1,NZ_LQQA01000024.1,5724,7516859,38,M.wolinskyi
GCF_002101965.1,NZ_LQQA01000025.1,1397,7516859,38,M.wolinskyi
GCF_002101965.1,NZ_LQQA01000026.1,3609,7516859,38,M.wolinskyi
GCF_002101965.1,NZ_LQQA01000027.1,1752,7516859,38,M.wolinskyi
GCF_002101965.1,NZ_LQQA01000028.1,11680,7516859,38,M.wolinskyi
GCF_002101965.1,NZ_LQQA01000029.1,516147,7516859,38,M.wolinskyi
GCF_002101965.1,NZ_LQQA01000030.1,776690,7516859,38,M.wolinskyi
GCF_002101965.1,NZ_LQQA01000031.1,312947,7516859,38,M.wolinskyi
GCF_002101965.1,NZ_LQQA01000032.1,218318,7516859,38,M.wolinskyi
GCF_002101965.1,NZ_LQQA01000033.1,815555,7516859,38,M.wolinskyi
GCF_002101965.1,NZ_LQQA01000034.1,225559,7516859,38,M.wolinskyi
GCF_002101965.1,NZ_LQQA01000035.1,217241,7516859,38,M.wolinskyi
GCF_002101965.1,NZ_LQQA01000036.1,70431,7516859,38,M.wolinskyi
GCF_030252325.1,NZ_CP126981.1,5102433,5102433,112,M.wuenschmannii
GCF_019710635.1,NZ_JAIFZS010000001.1,482389,5553058,185,M.xanthum
GCF_019710635.1,NZ_JAIFZS010000002.1,17070,5553058,185,M.xanthum
GCF_019710635.1,NZ_JAIFZS010000003.1,168014,5553058,185,M.xanthum
GCF_019710635.1,NZ_JAIFZS010000004.1,761,5553058,185,M.xanthum
GCF_019710635.1,NZ_JAIFZS010000005.1,903,5553058,185,M.xanthum
GCF_019710635.1,NZ_JAIFZS010000006.1,241308,5553058,185,M.xanthum
GCF_019710635.1,NZ_JAIFZS010000007.1,13367,5553058,185,M.xanthum
GCF_019710635.1,NZ_JAIFZS010000008.1,384614,5553058,185,M.xanthum
GCF_019710635.1,NZ_JAIFZS010000009.1,842,5553058,185,M.xanthum
GCF_019710635.1,NZ_JAIFZS010000010.1,1097,5553058,185,M.xanthum
GCF_019710635.1,NZ_JAIFZS010000011.1,309930,5553058,185,M.xanthum
GCF_019710635.1,NZ_JAIFZS010000012.1,23622,5553058,185,M.xanthum
GCF_019710635.1,NZ_JAIFZS010000013.1,195378,5553058,185,M.xanthum
GCF_019710635.1,NZ_JAIFZS010000014.1,25042,5553058,185,M.xanthum
GCF_019710635.1,NZ_JAIFZS010000015.1,175968,5553058,185,M.xanthum
GCF_019710635.1,NZ_JAIFZS010000016.1,405,5553058,185,M.xanthum
GCF_019710635.1,NZ_JAIFZS010000017.1,30206,5553058,185,M.xanthum
GCF_019710635.1,NZ_JAIFZS010000018.1,3637,5553058,185,M.xanthum
GCF_019710635.1,NZ_JAIFZS010000019.1,1043,5553058,185,M.xanthum
GCF_019710635.1,NZ_JAIFZS010000020.1,146016,5553058,185,M.xanthum
GCF_019710635.1,NZ_JAIFZS010000021.1,31661,5553058,185,M.xanthum
GCF_019710635.1,NZ_JAIFZS010000022.1,112203,5553058,185,M.xanthum
GCF_019710635.1,NZ_JAIFZS010000023.1,62628,5553058,185,M.xanthum
GCF_019710635.1,NZ_JAIFZS010000024.1,1105,5553058,185,M.xanthum
GCF_019710635.1,NZ_JAIFZS010000025.1,160261,5553058,185,M.xanthum
GCF_019710635.1,NZ_JAIFZS010000026.1,2303,5553058,185,M.xanthum
GCF_019710635.1,NZ_JAIFZS010000027.1,129365,5553058,185,M.xanthum
GCF_019710635.1,NZ_JAIFZS010000028.1,32776,5553058,185,M.xanthum
GCF_019710635.1,NZ_JAIFZS010000029.1,147706,5553058,185,M.xanthum
GCF_019710635.1,NZ_JAIFZS010000030.1,523,5553058,185,M.xanthum
GCF_019710635.1,NZ_JAIFZS010000031.1,46348,5553058,185,M.xanthum
GCF_019710635.1,NZ_JAIFZS010000032.1,15733,5553058,185,M.xanthum
GCF_019710635.1,NZ_JAIFZS010000033.1,408,5553058,185,M.xanthum
GCF_019710635.1,NZ_JAIFZS010000034.1,1078,5553058,185,M.xanthum
GCF_019710635.1,NZ_JAIFZS010000035.1,82933,5553058,185,M.xanthum
GCF_019710635.1,NZ_JAIFZS010000036.1,8518,5553058,185,M.xanthum
GCF_019710635.1,NZ_JAIFZS010000037.1,136301,5553058,185,M.xanthum
GCF_019710635.1,NZ_JAIFZS010000038.1,144724,5553058,185,M.xanthum
GCF_019710635.1,NZ_JAIFZS010000039.1,70922,5553058,185,M.xanthum
GCF_019710635.1,NZ_JAIFZS010000040.1,71087,5553058,185,M.xanthum
GCF_019710635.1,NZ_JAIFZS010000041.1,17909,5553058,185,M.xanthum
GCF_019710635.1,NZ_JAIFZS010000042.1,107024,5553058,185,M.xanthum
GCF_019710635.1,NZ_JAIFZS010000043.1,12746,5553058,185,M.xanthum
GCF_019710635.1,NZ_JAIFZS010000044.1,108465,5553058,185,M.xanthum
GCF_019710635.1,NZ_JAIFZS010000045.1,87052,5553058,185,M.xanthum
GCF_019710635.1,NZ_JAIFZS010000046.1,20254,5553058,185,M.xanthum
GCF_019710635.1,NZ_JAIFZS010000047.1,105456,5553058,185,M.xanthum
GCF_019710635.1,NZ_JAIFZS010000048.1,93038,5553058,185,M.xanthum
GCF_019710635.1,NZ_JAIFZS010000049.1,9742,5553058,185,M.xanthum
GCF_019710635.1,NZ_JAIFZS010000050.1,97815,5553058,185,M.xanthum
GCF_019710635.1,NZ_JAIFZS010000051.1,5423,5553058,185,M.xanthum
GCF_019710635.1,NZ_JAIFZS010000052.1,13695,5553058,185,M.xanthum
GCF_019710635.1,NZ_JAIFZS010000053.1,70738,5553058,185,M.xanthum
GCF_019710635.1,NZ_JAIFZS010000054.1,6126,5553058,185,M.xanthum
GCF_019710635.1,NZ_JAIFZS010000055.1,83336,5553058,185,M.xanthum
GCF_019710635.1,NZ_JAIFZS010000056.1,40055,5553058,185,M.xanthum
GCF_019710635.1,NZ_JAIFZS010000057.1,48071,5553058,185,M.xanthum
GCF_019710635.1,NZ_JAIFZS010000058.1,82221,5553058,185,M.xanthum
GCF_019710635.1,NZ_JAIFZS010000059.1,79413,5553058,185,M.xanthum
GCF_019710635.1,NZ_JAIFZS010000060.1,332,5553058,185,M.xanthum
GCF_019710635.1,NZ_JAIFZS010000061.1,78966,5553058,185,M.xanthum
GCF_019710635.1,NZ_JAIFZS010000062.1,75627,5553058,185,M.xanthum
GCF_019710635.1,NZ_JAIFZS010000063.1,66624,5553058,185,M.xanthum
GCF_019710635.1,NZ_JAIFZS010000064.1,38105,5553058,185,M.xanthum
GCF_019710635.1,NZ_JAIFZS010000065.1,24592,5553058,185,M.xanthum
GCF_019710635.1,NZ_JAIFZS010000066.1,26281,5553058,185,M.xanthum
GCF_019710635.1,NZ_JAIFZS010000067.1,33155,5553058,185,M.xanthum
GCF_019710635.1,NZ_JAIFZS010000068.1,973,5553058,185,M.xanthum
GCF_019710635.1,NZ_JAIFZS010000069.1,240,5553058,185,M.xanthum
GCF_019710635.1,NZ_JAIFZS010000070.1,1157,5553058,185,M.xanthum
GCF_019710635.1,NZ_JAIFZS010000071.1,41204,5553058,185,M.xanthum
GCF_019710635.1,NZ_JAIFZS010000072.1,13529,5553058,185,M.xanthum
GCF_019710635.1,NZ_JAIFZS010000073.1,15138,5553058,185,M.xanthum
GCF_019710635.1,NZ_JAIFZS010000074.1,38429,5553058,185,M.xanthum
GCF_019710635.1,NZ_JAIFZS010000075.1,41037,5553058,185,M.xanthum
GCF_019710635.1,NZ_JAIFZS010000076.1,583,5553058,185,M.xanthum
GCF_019710635.1,NZ_JAIFZS010000077.1,473,5553058,185,M.xanthum
GCF_019710635.1,NZ_JAIFZS010000078.1,37598,5553058,185,M.xanthum
GCF_019710635.1,NZ_JAIFZS010000079.1,15154,5553058,185,M.xanthum
GCF_019710635.1,NZ_JAIFZS010000080.1,19207,5553058,185,M.xanthum
GCF_019710635.1,NZ_JAIFZS010000081.1,489,5553058,185,M.xanthum
GCF_019710635.1,NZ_JAIFZS010000082.1,33525,5553058,185,M.xanthum
GCF_019710635.1,NZ_JAIFZS010000083.1,5933,5553058,185,M.xanthum
GCF_019710635.1,NZ_JAIFZS010000084.1,27570,5553058,185,M.xanthum
GCF_019710635.1,NZ_JAIFZS010000085.1,30664,5553058,185,M.xanthum
GCF_019710635.1,NZ_JAIFZS010000086.1,3491,5553058,185,M.xanthum
GCF_019710635.1,NZ_JAIFZS010000087.1,738,5553058,185,M.xanthum
GCF_019710635.1,NZ_JAIFZS010000088.1,26148,5553058,185,M.xanthum
GCF_019710635.1,NZ_JAIFZS010000089.1,28356,5553058,185,M.xanthum
GCF_019710635.1,NZ_JAIFZS010000090.1,26282,5553058,185,M.xanthum
GCF_019710635.1,NZ_JAIFZS010000091.1,25689,5553058,185,M.xanthum
GCF_019710635.1,NZ_JAIFZS010000092.1,16792,5553058,185,M.xanthum
GCF_019710635.1,NZ_JAIFZS010000093.1,16120,5553058,185,M.xanthum
GCF_019710635.1,NZ_JAIFZS010000094.1,15085,5553058,185,M.xanthum
GCF_019710635.1,NZ_JAIFZS010000095.1,3971,5553058,185,M.xanthum
GCF_019710635.1,NZ_JAIFZS010000096.1,10531,5553058,185,M.xanthum
GCF_019710635.1,NZ_JAIFZS010000097.1,6601,5553058,185,M.xanthum
GCF_019710635.1,NZ_JAIFZS010000098.1,7123,5553058,185,M.xanthum
GCF_019710635.1,NZ_JAIFZS010000099.1,13022,5553058,185,M.xanthum
GCF_019710635.1,NZ_JAIFZS010000100.1,11818,5553058,185,M.xanthum
GCF_019710635.1,NZ_JAIFZS010000101.1,3869,5553058,185,M.xanthum
GCF_019710635.1,NZ_JAIFZS010000102.1,1537,5553058,185,M.xanthum
GCF_019710635.1,NZ_JAIFZS010000103.1,1582,5553058,185,M.xanthum
GCF_019710635.1,NZ_JAIFZS010000104.1,1773,5553058,185,M.xanthum
GCF_019710635.1,NZ_JAIFZS010000105.1,592,5553058,185,M.xanthum
GCF_019710635.1,NZ_JAIFZS010000106.1,916,5553058,185,M.xanthum
GCF_019710635.1,NZ_JAIFZS010000107.1,922,5553058,185,M.xanthum
GCF_019710635.1,NZ_JAIFZS010000108.1,10984,5553058,185,M.xanthum
GCF_019710635.1,NZ_JAIFZS010000109.1,10404,5553058,185,M.xanthum
GCF_019710635.1,NZ_JAIFZS010000110.1,8036,5553058,185,M.xanthum
GCF_019710635.1,NZ_JAIFZS010000111.1,1371,5553058,185,M.xanthum
GCF_019710635.1,NZ_JAIFZS010000112.1,7474,5553058,185,M.xanthum
GCF_019710635.1,NZ_JAIFZS010000113.1,1048,5553058,185,M.xanthum
GCF_019710635.1,NZ_JAIFZS010000114.1,3261,5553058,185,M.xanthum
GCF_019710635.1,NZ_JAIFZS010000115.1,4188,5553058,185,M.xanthum
GCF_019710635.1,NZ_JAIFZS010000116.1,4007,5553058,185,M.xanthum
GCF_019710635.1,NZ_JAIFZS010000117.1,407,5553058,185,M.xanthum
GCF_019710635.1,NZ_JAIFZS010000118.1,3497,5553058,185,M.xanthum
GCF_019710635.1,NZ_JAIFZS010000119.1,1297,5553058,185,M.xanthum
GCF_019710635.1,NZ_JAIFZS010000120.1,385,5553058,185,M.xanthum
GCF_019710635.1,NZ_JAIFZS010000121.1,1560,5553058,185,M.xanthum
GCF_019710635.1,NZ_JAIFZS010000122.1,499,5553058,185,M.xanthum
GCF_019710635.1,NZ_JAIFZS010000123.1,3793,5553058,185,M.xanthum
GCF_019710635.1,NZ_JAIFZS010000124.1,1440,5553058,185,M.xanthum
GCF_019710635.1,NZ_JAIFZS010000125.1,1315,5553058,185,M.xanthum
GCF_019710635.1,NZ_JAIFZS010000126.1,921,5553058,185,M.xanthum
GCF_019710635.1,NZ_JAIFZS010000127.1,2917,5553058,185,M.xanthum
GCF_019710635.1,NZ_JAIFZS010000128.1,626,5553058,185,M.xanthum
GCF_019710635.1,NZ_JAIFZS010000129.1,3342,5553058,185,M.xanthum
GCF_019710635.1,NZ_JAIFZS010000130.1,3195,5553058,185,M.xanthum
GCF_019710635.1,NZ_JAIFZS010000131.1,1880,5553058,185,M.xanthum
GCF_019710635.1,NZ_JAIFZS010000132.1,961,5553058,185,M.xanthum
GCF_019710635.1,NZ_JAIFZS010000133.1,875,5553058,185,M.xanthum
GCF_019710635.1,NZ_JAIFZS010000134.1,453,5553058,185,M.xanthum
GCF_019710635.1,NZ_JAIFZS010000135.1,785,5553058,185,M.xanthum
GCF_019710635.1,NZ_JAIFZS010000136.1,333,5553058,185,M.xanthum
GCF_019710635.1,NZ_JAIFZS010000137.1,335,5553058,185,M.xanthum
GCF_019710635.1,NZ_JAIFZS010000138.1,1173,5553058,185,M.xanthum
GCF_019710635.1,NZ_JAIFZS010000139.1,1459,5553058,185,M.xanthum
GCF_019710635.1,NZ_JAIFZS010000140.1,1453,5553058,185,M.xanthum
GCF_019710635.1,NZ_JAIFZS010000141.1,706,5553058,185,M.xanthum
GCF_019710635.1,NZ_JAIFZS010000142.1,601,5553058,185,M.xanthum
GCF_019710635.1,NZ_JAIFZS010000143.1,656,5553058,185,M.xanthum
GCF_019710635.1,NZ_JAIFZS010000144.1,1150,5553058,185,M.xanthum
GCF_019710635.1,NZ_JAIFZS010000145.1,1027,5553058,185,M.xanthum
GCF_019710635.1,NZ_JAIFZS010000146.1,1018,5553058,185,M.xanthum
GCF_019710635.1,NZ_JAIFZS010000147.1,826,5553058,185,M.xanthum
GCF_019710635.1,NZ_JAIFZS010000148.1,764,5553058,185,M.xanthum
GCF_019710635.1,NZ_JAIFZS010000149.1,753,5553058,185,M.xanthum
GCF_019710635.1,NZ_JAIFZS010000150.1,583,5553058,185,M.xanthum
GCF_019710635.1,NZ_JAIFZS010000151.1,530,5553058,185,M.xanthum
GCF_019710635.1,NZ_JAIFZS010000152.1,453,5553058,185,M.xanthum
GCF_900453395.1,NZ_UATA01000001.1,1847269,5251936,37,M.xenopi
GCF_900453395.1,NZ_UATA01000002.1,81037,5251936,37,M.xenopi
GCF_900453395.1,NZ_UATA01000003.1,51741,5251936,37,M.xenopi
GCF_900453395.1,NZ_UATA01000004.1,45708,5251936,37,M.xenopi
GCF_900453395.1,NZ_UATA01000005.1,15094,5251936,37,M.xenopi
GCF_900453395.1,NZ_UATA01000006.1,5440,5251936,37,M.xenopi
GCF_900453395.1,NZ_UATA01000007.1,2915,5251936,37,M.xenopi
GCF_900453395.1,NZ_UATA01000008.1,4996,5251936,37,M.xenopi
GCF_900453395.1,NZ_UATA01000009.1,17446,5251936,37,M.xenopi
GCF_900453395.1,NZ_UATA01000010.1,8078,5251936,37,M.xenopi
GCF_900453395.1,NZ_UATA01000011.1,6799,5251936,37,M.xenopi
GCF_900453395.1,NZ_UATA01000012.1,2569,5251936,37,M.xenopi
GCF_900453395.1,NZ_UATA01000013.1,867103,5251936,37,M.xenopi
GCF_900453395.1,NZ_UATA01000014.1,6020,5251936,37,M.xenopi
GCF_900453395.1,NZ_UATA01000015.1,850515,5251936,37,M.xenopi
GCF_900453395.1,NZ_UATA01000016.1,317922,5251936,37,M.xenopi
GCF_900453395.1,NZ_UATA01000017.1,330391,5251936,37,M.xenopi
GCF_900453395.1,NZ_UATA01000018.1,259423,5251936,37,M.xenopi
GCF_900453395.1,NZ_UATA01000019.1,216171,5251936,37,M.xenopi
GCF_900453395.1,NZ_UATA01000020.1,168932,5251936,37,M.xenopi
GCF_900453395.1,NZ_UATA01000021.1,146367,5251936,37,M.xenopi
GCF_025823185.1,NZ_JACKVK010000001.1,559026,6452568,134,M.yunnanensis
GCF_025823185.1,NZ_JACKVK010000002.1,202573,6452568,134,M.yunnanensis
GCF_025823185.1,NZ_JACKVK010000003.1,340173,6452568,134,M.yunnanensis
GCF_025823185.1,NZ_JACKVK010000004.1,363248,6452568,134,M.yunnanensis
GCF_025823185.1,NZ_JACKVK010000005.1,608029,6452568,134,M.yunnanensis
GCF_025823185.1,NZ_JACKVK010000006.1,809,6452568,134,M.yunnanensis
GCF_025823185.1,NZ_JACKVK010000007.1,1072,6452568,134,M.yunnanensis
GCF_025823185.1,NZ_JACKVK010000008.1,1452903,6452568,134,M.yunnanensis
GCF_025823185.1,NZ_JACKVK010000009.1,489475,6452568,134,M.yunnanensis
GCF_025823185.1,NZ_JACKVK010000010.1,68602,6452568,134,M.yunnanensis
GCF_025823185.1,NZ_JACKVK010000011.1,746769,6452568,134,M.yunnanensis
GCF_025823185.1,NZ_JACKVK010000012.1,59853,6452568,134,M.yunnanensis
GCF_025823185.1,NZ_JACKVK010000013.1,848436,6452568,134,M.yunnanensis
GCF_025823185.1,NZ_JACKVK010000014.1,104715,6452568,134,M.yunnanensis
GCF_025823185.1,NZ_JACKVK010000015.1,139314,6452568,134,M.yunnanensis
GCF_025823185.1,NZ_JACKVK010000016.1,380,6452568,134,M.yunnanensis
GCF_025823185.1,NZ_JACKVK010000017.1,344,6452568,134,M.yunnanensis
GCF_025823185.1,NZ_JACKVK010000018.1,497,6452568,134,M.yunnanensis
GCF_025823185.1,NZ_JACKVK010000019.1,488,6452568,134,M.yunnanensis
GCF_025823185.1,NZ_JACKVK010000020.1,159925,6452568,134,M.yunnanensis
GCF_025823185.1,NZ_JACKVK010000021.1,282,6452568,134,M.yunnanensis
GCF_025823185.1,NZ_JACKVK010000022.1,303560,6452568,134,M.yunnanensis
GCF_025823185.1,NZ_JACKVK010000023.1,434,6452568,134,M.yunnanensis
GCF_025823185.1,NZ_JACKVK010000024.1,416,6452568,134,M.yunnanensis
GCF_025823185.1,NZ_JACKVK010000025.1,1245,6452568,134,M.yunnanensis
GCF_020181635.2,NZ_JAYJJS010000001.1,317829,4834772,144,M.zoologicum
GCF_020181635.2,NZ_JAYJJS010000002.1,293459,4834772,144,M.zoologicum
GCF_020181635.2,NZ_JAYJJS010000003.1,277712,4834772,144,M.zoologicum
GCF_020181635.2,NZ_JAYJJS010000004.1,262665,4834772,144,M.zoologicum
GCF_020181635.2,NZ_JAYJJS010000005.1,255712,4834772,144,M.zoologicum
GCF_020181635.2,NZ_JAYJJS010000006.1,192331,4834772,144,M.zoologicum
GCF_020181635.2,NZ_JAYJJS010000007.1,192214,4834772,144,M.zoologicum
GCF_020181635.2,NZ_JAYJJS010000008.1,152230,4834772,144,M.zoologicum
GCF_020181635.2,NZ_JAYJJS010000009.1,143781,4834772,144,M.zoologicum
GCF_020181635.2,NZ_JAYJJS010000010.1,136744,4834772,144,M.zoologicum
GCF_020181635.2,NZ_JAYJJS010000011.1,128591,4834772,144,M.zoologicum
GCF_020181635.2,NZ_JAYJJS010000012.1,126619,4834772,144,M.zoologicum
GCF_020181635.2,NZ_JAYJJS010000013.1,125894,4834772,144,M.zoologicum
GCF_020181635.2,NZ_JAYJJS010000014.1,120958,4834772,144,M.zoologicum
GCF_020181635.2,NZ_JAYJJS010000015.1,117659,4834772,144,M.zoologicum
GCF_020181635.2,NZ_JAYJJS010000016.1,116734,4834772,144,M.zoologicum
GCF_020181635.2,NZ_JAYJJS010000017.1,111441,4834772,144,M.zoologicum
GCF_020181635.2,NZ_JAYJJS010000018.1,106811,4834772,144,M.zoologicum
GCF_020181635.2,NZ_JAYJJS010000019.1,94504,4834772,144,M.zoologicum
GCF_020181635.2,NZ_JAYJJS010000020.1,84583,4834772,144,M.zoologicum
GCF_020181635.2,NZ_JAYJJS010000021.1,82014,4834772,144,M.zoologicum
GCF_020181635.2,NZ_JAYJJS010000022.1,75916,4834772,144,M.zoologicum
GCF_020181635.2,NZ_JAYJJS010000023.1,72305,4834772,144,M.zoologicum
GCF_020181635.2,NZ_JAYJJS010000024.1,71562,4834772,144,M.zoologicum
GCF_020181635.2,NZ_JAYJJS010000025.1,70966,4834772,144,M.zoologicum
GCF_020181635.2,NZ_JAYJJS010000026.1,66337,4834772,144,M.zoologicum
GCF_020181635.2,NZ_JAYJJS010000027.1,64278,4834772,144,M.zoologicum
GCF_020181635.2,NZ_JAYJJS010000028.1,64150,4834772,144,M.zoologicum
GCF_020181635.2,NZ_JAYJJS010000029.1,58699,4834772,144,M.zoologicum
GCF_020181635.2,NZ_JAYJJS010000030.1,56953,4834772,144,M.zoologicum
GCF_020181635.2,NZ_JAYJJS010000031.1,54443,4834772,144,M.zoologicum
GCF_020181635.2,NZ_JAYJJS010000032.1,53999,4834772,144,M.zoologicum
GCF_020181635.2,NZ_JAYJJS010000033.1,53743,4834772,144,M.zoologicum
GCF_020181635.2,NZ_JAYJJS010000034.1,52185,4834772,144,M.zoologicum
GCF_020181635.2,NZ_JAYJJS010000035.1,50396,4834772,144,M.zoologicum
GCF_020181635.2,NZ_JAYJJS010000036.1,49710,4834772,144,M.zoologicum
GCF_020181635.2,NZ_JAYJJS010000037.1,36134,4834772,144,M.zoologicum
GCF_020181635.2,NZ_JAYJJS010000038.1,35934,4834772,144,M.zoologicum
GCF_020181635.2,NZ_JAYJJS010000039.1,35046,4834772,144,M.zoologicum
GCF_020181635.2,NZ_JAYJJS010000040.1,34527,4834772,144,M.zoologicum
GCF_020181635.2,NZ_JAYJJS010000041.1,34488,4834772,144,M.zoologicum
GCF_020181635.2,NZ_JAYJJS010000042.1,30976,4834772,144,M.zoologicum
GCF_020181635.2,NZ_JAYJJS010000043.1,25944,4834772,144,M.zoologicum
GCF_020181635.2,NZ_JAYJJS010000044.1,22458,4834772,144,M.zoologicum
GCF_020181635.2,NZ_JAYJJS010000045.1,20089,4834772,144,M.zoologicum
GCF_020181635.2,NZ_JAYJJS010000046.1,17083,4834772,144,M.zoologicum
GCF_020181635.2,NZ_JAYJJS010000047.1,15473,4834772,144,M.zoologicum
GCF_020181635.2,NZ_JAYJJS010000048.1,11706,4834772,144,M.zoologicum
GCF_020181635.2,NZ_JAYJJS010000049.1,11140,4834772,144,M.zoologicum
GCF_020181635.2,NZ_JAYJJS010000050.1,9166,4834772,144,M.zoologicum
GCF_020181635.2,NZ_JAYJJS010000051.1,9009,4834772,144,M.zoologicum
GCF_020181635.2,NZ_JAYJJS010000052.1,9003,4834772,144,M.zoologicum
GCF_020181635.2,NZ_JAYJJS010000053.1,9002,4834772,144,M.zoologicum
GCF_020181635.2,NZ_JAYJJS010000054.1,8937,4834772,144,M.zoologicum
GCF_020181635.2,NZ_JAYJJS010000055.1,8507,4834772,144,M.zoologicum
GCF_020181635.2,NZ_JAYJJS010000056.1,7881,4834772,144,M.zoologicum
GCF_020181635.2,NZ_JAYJJS010000057.1,7376,4834772,144,M.zoologicum
GCF_020181635.2,NZ_JAYJJS010000058.1,7041,4834772,144,M.zoologicum
GCF_020181635.2,NZ_JAYJJS010000059.1,6317,4834772,144,M.zoologicum
GCF_020181635.2,NZ_JAYJJS010000060.1,6077,4834772,144,M.zoologicum
GCF_020181635.2,NZ_JAYJJS010000061.1,5787,4834772,144,M.zoologicum
GCF_020181635.2,NZ_JAYJJS010000062.1,5072,4834772,144,M.zoologicum
GCF_020181635.2,NZ_JAYJJS010000063.1,4539,4834772,144,M.zoologicum
GCF_020181635.2,NZ_JAYJJS010000064.1,3316,4834772,144,M.zoologicum
GCF_020181635.2,NZ_JAYJJS010000065.1,3257,4834772,144,M.zoologicum
GCF_020181635.2,NZ_JAYJJS010000066.1,3237,4834772,144,M.zoologicum
GCF_020181635.2,NZ_JAYJJS010000067.1,3217,4834772,144,M.zoologicum
GCF_020181635.2,NZ_JAYJJS010000068.1,3181,4834772,144,M.zoologicum
GCF_020181635.2,NZ_JAYJJS010000069.1,3150,4834772,144,M.zoologicum
GCF_020181635.2,NZ_JAYJJS010000070.1,2816,4834772,144,M.zoologicum
GCF_020181635.2,NZ_JAYJJS010000071.1,2610,4834772,144,M.zoologicum
GCF_020181635.2,NZ_JAYJJS010000072.1,2292,4834772,144,M.zoologicum
GCF_020181635.2,NZ_JAYJJS010000073.1,1861,4834772,144,M.zoologicum
GCF_020181635.2,NZ_JAYJJS010000074.1,1823,4834772,144,M.zoologicum
GCF_020181635.2,NZ_JAYJJS010000075.1,1656,4834772,144,M.zoologicum
GCF_020181635.2,NZ_JAYJJS010000076.1,1556,4834772,144,M.zoologicum
GCF_020181635.2,NZ_JAYJJS010000077.1,1472,4834772,144,M.zoologicum
GCF_020181635.2,NZ_JAYJJS010000078.1,1389,4834772,144,M.zoologicum
GCF_020181635.2,NZ_JAYJJS010000079.1,1338,4834772,144,M.zoologicum
GCF_020181635.2,NZ_JAYJJS010000080.1,1082,4834772,144,M.zoologicum
GCF_020181635.2,NZ_JAYJJS010000081.1,946,4834772,144,M.zoologicum
GCF_020181635.2,NZ_JAYJJS010000082.1,743,4834772,144,M.zoologicum
GCF_020181635.2,NZ_JAYJJS010000083.1,648,4834772,144,M.zoologicum
GCF_020181635.2,NZ_JAYJJS010000084.1,639,4834772,144,M.zoologicum
GCF_020181635.2,NZ_JAYJJS010000085.1,613,4834772,144,M.zoologicum
GCF_020181635.2,NZ_JAYJJS010000086.1,561,4834772,144,M.zoologicum
GCF_020181635.2,NZ_JAYJJS010000087.1,530,4834772,144,M.zoologicum
